id,thread_id,body,timestamp,timestamp_collected,timestamp_ago,is_promoted,author,author_name,author_description,author_pronouns,author_avatar_url,author_is_company,author_url,author_mentions,author_name_mentions,hashtags,image_urls,video_thumb_url,post_url,link_url,comments,shares,reactions,reaction_like,reaction_empathy,reaction_praise,reaction_entertainment,reaction_appreciation,reaction_interest,inclusion_context,unix_timestamp,unix_timestamp_collected,missing_fields
7382115210024701952,7382115210024701952,"Danish attempt to push through EU #CSAM legislation fighting child sexual abuse material online failed after Germany voiced opposition. The proposal was always controversial and involved massive and illegal surveillance of citizens' digital services. This was another in a series of misguided attempts, joining many others (age verification being a favorite). Such proposals harm serious attempts to fight child abuse. Three simple points: we cannot fight one evil by subscribing to another one; laws such as the ePrivacy revision already failed to be adopted - after 8 years of fruitless attempts - for the same reason; we are ignoring other methods of fighting CSAM including risk-based regulation which we are now beginning to get much better grip of.",2025-10-17 08:19:00,2025-10-17 08:19:00,1u,no,in/andrejsavin,Andrej Savin,Professor wsr in IT Law & Internet Law,,https://media.licdn.com/dms/image/v2/D4E03AQE4b6gqEdg_VA/profile-displayphoto-shrink_100_100/profile-displayphoto-shrink_100_100/0/1678965005340?e=1762387200&v=beta&t=QtPkx4UfYHY0I5J8G1aSPXrvDnCw5jpMR_-jTKhvHYw,no,https://www.linkedin.com/in/andrejsavin,,,csam,,,https://www.linkedin.com/feed/update/urn:li:activity:7382115210024701952,,0,0,16,13,0,2,0,0,1,,1760689140,1760689140,
7374477007952261120,7374477007952261120,"Why do I get the impression that there is far too little discussion of the proposal for a regulation on combatting online child sexual abuse material?

I am referring to the ‘Chat Control’ (or CSAM) EU Commission's Regulation proposal which, in my opinion, raises grave concerns about the respect of fundamental rights (including privacy and data protection) in the EU, also undermining security in the digital world.

This proposal envisages mass scanning of private communications, including encrypted conversations, raising serious issues of compliance with Articles 7 and 8 of the Charter of Fundamental Rights by threatening to undermine the data security of citizens, businesses and institutions in the EU. 

The CSAM Regulation proposal deals with a mandatory weakening of end-to-end encryption - something that would be able to create security gaps open to exploitation by cybercriminals, terrorist organisations, and would also harm the competitiveness of the EU digital economy.

The proposed technical approach is based on automated content analysis tools, potentially able to produce high rates of false positives, and therefore creating the risk that innocent users could be wrongly incriminated, while the effectiveness of this approach in protecting children has not been proven.

But the EU Parliament and the Council have repeatedly rejected mass surveillance (e.g., facial recognition in public spaces).

So, are we sure that child protection is achieved through the measures referred to in the Chat Control Regulation proposal, without violating the fundamental rights of EU citizens? And what about the negative impact on cybersecurity and economic competitiveness caused by weakening encryption?

#EU #ChildProtection #FundamentalRights #Privacy #CyberSecurity #DataProtection #MassSurveillance #EuropeanUnion #ChatControl #CyberThreat #DigitalEconomy #NetworkSecurity #Security",2025-10-17 08:19:00,2025-10-17 08:19:00,4u,no,in/adrianodottavio-digitalprivacy,Adriano D'Ottavio,"Counsel @ Bird & Bird | Data Lawyer | Privacy, Data Protection, AI & Cyber Security",,https://media.licdn.com/dms/image/v2/C4D03AQEiAl-3Ejvspg/profile-displayphoto-shrink_100_100/profile-displayphoto-shrink_100_100/0/1616404773358?e=1762387200&v=beta&t=aOenBWKKgRUIfm07FtTVnxwTtWrmWDQWasljeqsyMp0,no,https://www.linkedin.com/in/adrianodottavio-digitalprivacy,,,"eu,childprotection,fundamentalrights,privacy,cybersecurity,dataprotection,masssurveillance,europeanunion,chatcontrol,cyberthreat,digitaleconomy,networksecurity,security",,,https://www.linkedin.com/feed/update/urn:li:activity:7374477007952261120,,2,1,24,23,0,0,0,0,1,,1760689140,1760689140,
7379532992404156416,7379532992404156416,"🚨 Democracy at risk: Over (now) 700 leading scientists have urged EU governments to reject the Chat Control regulation, calling it “technically infeasible” and a danger to fundamental rights.

Child Sexual Abuse Material (CSAM) is being used as the justification for this law, but experts warn that the proposal goes far beyond fighting abuse. It risks mass surveillance, undermining encryption, and threatening the very foundation of secure digital communication. There is a reason why otherwise silent scientists are urged to act.

In the coming days, crucial decisions will be made: on October 8th EU states will reveal their intentions in a non-public meeting, with the official vote scheduled for October 14th. With Germany, France, Italy, and Belgium now reconsidering their positions, adoption is dangerously close.

You can read the open letter here: https://lnkd.in/ej_VGwth
And find a summary of the problem here: https://lnkd.in/egVBpaWU

Is a “technically infeasible” method worth risking our democracy?

#Privacy #Encryption #DigitalRights #Democracy #EU",2025-10-17 08:19:00,2025-10-17 08:19:00,2u,no,in/philipp-terh%C3%B6rst-882259162,Philipp Terhörst,Research Group Leader - Responsible AI for Biometrics - Paderborn University,,https://media.licdn.com/dms/image/v2/D4E03AQG6fttpG6a-uQ/profile-displayphoto-shrink_100_100/profile-displayphoto-shrink_100_100/0/1665143879032?e=1762387200&v=beta&t=tuIbWF0xS0zcBOgC8VMA0qPs-L_NvhcP9yud93cO8mQ,no,https://www.linkedin.com/in/philipp-terh%C3%B6rst-882259162,,,"privacy,encryption,digitalrights,democracy,eu",,,https://www.linkedin.com/feed/update/urn:li:activity:7379532992404156416,https://www.patrick-breyer.de/en/danger-to-democracy-500-top-scientists-urge-eu-governments-to-reject-technically-infeasible-chat-control/,0,12,36,29,0,0,0,2,5,,1760689140,1760689140,
7380255277918547968,7380255277918547968,"Chat Control 2.0 or CSAM, votation in EU planned for October 14th. 

Tell your politicians to vote against this mass surveillance proposal. Say no.

Privacy matters. Once lost, it's very difficult to restore. Don't lose it. Don't go down the slippery 1984 slope.",2025-10-17 08:19:01,2025-10-17 08:19:01,1u,no,in/jonwa,🇸🇪 Jonas Wallenius,Lost in strategy? Map it. Book a Wardley mapping session.,,https://media.licdn.com/dms/image/v2/D4D03AQHJID3zsJzXgg/profile-displayphoto-shrink_200_200/B4DZSJOAVNHUAY-/0/1737468937943?e=1762387200&v=beta&t=UtwavUifruUFjG4q7X8P5N04de_LcdicvSjiQ-8uloA,no,https://www.linkedin.com/in/jonwa,,,,,,https://www.linkedin.com/feed/update/urn:li:activity:7380255277918547968,,1,0,10,9,0,0,0,0,1,,1760689141,1760689141,
7381633433652936704,7381633433652936704,">> 🚨 𝗔𝗹𝗲𝗿𝘁: 𝗘𝗨 𝗗𝗶𝗴𝗶𝘁𝗮𝗹 𝗣𝗿𝗶𝘃𝗮𝗰𝘆 𝗮𝘁 𝗥𝗶𝘀𝗸 <<

🔹 𝗖𝗦𝗔 𝗥𝗲𝗴𝘂𝗹𝗮𝘁𝗶𝗼𝗻

The Child Sexual Abuse (𝗖𝗦𝗔) 𝗥𝗲𝗴𝘂𝗹𝗮𝘁𝗶𝗼𝗻 is the European Union’s proposed law that aims to require providers of digital communication services to help detect and remove online child sexual abuse material (CSAM).

Under the current proposal, online messaging platforms (including WhatsApp, Signal, Instagram, and others) could be obliged to 𝗮𝘂𝘁𝗼𝗺𝗮𝘁𝗶𝗰𝗮𝗹𝗹𝘆 𝘀𝗰𝗮𝗻 private messages, texts, images, and videos for potential CSAM and report suspicious content to authorities.

The EU Council has not yet reached a final agreement, with a 𝗰𝗿𝗶𝘁𝗶𝗰𝗮𝗹 𝘃𝗼𝘁𝗲 scheduled for 𝟭𝟯–𝟭𝟰 𝗢𝗰𝘁𝗼𝗯𝗲𝗿 2025. If the Council adopts a position, trilogue negotiations between the Council, Parliament, and Commission will follow to determine the final legal text.


🔬 𝗖𝗼𝗻𝗰𝗲𝗿𝗻𝘀

As around 800 scientists and researchers from 37 countries have warned:

“The new proposal’s implications unequivocally violate basic E2EE principles and will 𝘄𝗲𝗮𝗸𝗲𝗻 𝘁𝗵𝗲 𝗽𝗿𝗼𝘁𝗲𝗰𝘁𝗶𝗼𝗻 provided by encryption. Furthermore, this weakening 𝘁𝗵𝗿𝗲𝗮𝘁𝗲𝗻𝘀 𝗼𝘂𝗿 𝗳𝘂𝗻𝗱𝗮𝗺𝗲𝗻𝘁𝗮𝗹 𝗿𝗶𝗴𝗵𝘁 𝘁𝗼 𝗽𝗿𝗶𝘃𝗮𝗰𝘆 and can have severe consequences on our democratic processes and national security.”

source: https://lnkd.in/d4SNqPap


💭 𝗔 𝗥𝗲𝗳𝗹𝗲𝗰𝘁𝗶𝗼𝗻

The line between child protection, privacy, and security is incredibly thin, but it's one we cannot afford to blur.

Protecting children online is a moral duty, yet eroding encryption in the process would weaken the very foundations of a 𝗳𝗿𝗲𝗲 and secure digital society. Once private communication becomes open to scanning, no system remains truly private: not for journalists, not for activists, not for you.

If we want to defend both safety and freedom, regulation must be technically sound, proportionate, and grounded in expertise, not driven by political urgency.

𝗘𝘂𝗿𝗼𝗽𝗲 𝗶𝘀 𝗯𝗲𝘁𝘁𝗲𝗿 𝘁𝗵𝗮𝗻 𝘁𝗵𝗮𝘁.
We are better than that. 

🛠️ 𝗪𝗵𝗮𝘁 𝗰𝗮𝗻 𝘆𝗼𝘂 𝗱𝗼?

If you want to express your opinion or learn how to get involved, you can find resources and guidance here: https://lnkd.in/d-pBpsw9
(𝘐 𝘢𝘮 𝘯𝘰𝘵 𝘢𝘧𝘧𝘪𝘭𝘪𝘢𝘵𝘦𝘥 𝘸𝘪𝘵𝘩 𝘵𝘩𝘪𝘴 𝘭𝘪𝘯𝘬; 𝘐 𝘴𝘩𝘢𝘳𝘦 𝘪𝘵 𝘴𝘰𝘭𝘦𝘭𝘺 𝘢𝘴 𝘢𝘯 𝘪𝘯𝘧𝘰𝘳𝘮𝘢𝘵𝘪𝘰𝘯𝘢𝘭 𝘳𝘦𝘴𝘰𝘶𝘳𝘤𝘦)

📌 𝗥𝗲𝗺𝗲𝗺𝗯𝗲𝗿

“Ultimately, saying that you don't care about privacy because you have nothing to hide is no different from saying you don't care about freedom of speech because you have nothing to say.”
            ― Edward Snowden, Permanent Record",2025-10-17 08:19:01,2025-10-17 08:19:01,1u,no,in/michele-dedonno,"Michele De Donno, PhD","Cyber Security Architect | Speaker | CISSP, OSCP, CEH",,https://media.licdn.com/dms/image/v2/D4D03AQG_49NX8FxkpQ/profile-displayphoto-shrink_100_100/profile-displayphoto-shrink_100_100/0/1721242230321?e=1762387200&v=beta&t=FuHaCJFQjs8VOmuyJWT9z0sUoGHKAR_ibCs8NcJvtfQ,no,https://www.linkedin.com/in/michele-dedonno,,,,,,https://www.linkedin.com/feed/update/urn:li:activity:7381633433652936704,https://fightchatcontrol.eu/,0,0,11,11,0,0,0,0,0,,1760689141,1760689141,
7381506828989501440,7381506828989501440,"The EU Justice and Home Affairs Council is set to vote Oct. 14 on a regulation called Chat Control that's meant to combat child sexual abuse material online. Germany is seen as pivotal to the measure's future, which has provoked stiff resistance from security and privacy advocates since its introduction by the European Commission in 2022 (see: European CSAM Scanning Proposal Runs Into Opposition).
Germany's Federal Ministry of Justice on Tuesday will decide the country's position on the proposal. Previous anti-CSAM measures requiring surveillance of encrypted communications proposals put forward by Belgium and Hungary failed to gain momentum due to lack of consensus among member states (see: European CSAM Scanning Proposal Runs Into Opposition).
>""Any decision to favor the proposal would be a frontal attack on our digital security,"" said German digital rights activist Patrick Breyer and a former member of the European Parliament. ""We are on the verge of a surveillance regime that does not exist anywhere else in the free world,"" he added.
The latest proposal, introduced by the Danish EU presidency in July, would allow law enforcement agencies to issue detection orders requiring end-to-end encrypted services such as Signal to carry out mass scanning of private communications for CSAM.
Danish officials have said the trading bloc is ""running out of viable options"" to curb dissemination of CSAM content and to ensure online security of children. The proposal from the country limits the scope of the detection order to videos and URLS, and excludes audio and text communications as means to safeguard privacy
https://lnkd.in/gsTj7geb",2025-10-17 08:19:01,2025-10-17 08:19:01,1u,no,in/enrico-cau-phd-516928143,"Enrico Cau, PhD","Political Analyst, Commentator",,https://media.licdn.com/dms/image/v2/C4E03AQHJdS_ew31KyQ/profile-displayphoto-shrink_100_100/profile-displayphoto-shrink_100_100/0/1516980671269?e=1762387200&v=beta&t=WwTwTejYaKyXQePEPcvLo5XA_wKpIU_pSxEQImepkM0,no,https://www.linkedin.com/in/enrico-cau-phd-516928143,,,,,,https://www.linkedin.com/feed/update/urn:li:activity:7381506828989501440,https://www.govinfosecurity.com/germany-under-pressure-to-oppose-eu-chat-control-proposal-a-29669,0,0,1,1,0,0,0,0,0,,1760689141,1760689141,
7382064409923223552,7382064409923223552,"One-Man Spam Campaign Ravages EU 'Chat Control' Bill: 

An anonymous reader shares a report: A website set up by an unknown Dane over the course of one weekend in August is giving a massive headache to those trying to pass a European bill aimed at stopping child sexual abuse material from spreading online.

The website, called Fight Chat Control, was set up by Joachim, a 30-year-old software engineer living in Aalborg, Denmark. He made it after learning of a new attempt to approve a European Union proposal to fight child sexual abuse material (CSAM) -- a bill seen by privacy activists as breaking encryption and leading to mass surveillance.

The site lets visitors compile a mass email warning about the bill and send it to national government officials, members of the European Parliament and others with ease. Since launching, it has broken the inboxes of MEPs and caused a stir in Brussels' corridors of power. ""We are getting hundreds per day about it,"" said Evin Incir, a Swedish Socialists and Democrats MEP, of the email deluge.

Read more of this story at Slashdot.",2025-10-17 08:19:09,2025-10-17 08:19:09,1u,no,company/slashdot/posts,Slashdot,9.125 følgere,,,no,https://www.linkedin.com/company/slashdot/posts,,,,,,https://www.linkedin.com/feed/update/urn:li:activity:7382064409923223552,,0,0,1,1,0,0,0,0,0,,1760689149,1760689149,
7376692803009142784,7376692803009142784,"I’ve been following the discussions around the EU’s proposed rules on detecting child sexual abuse material (CSAM) online, and a lot of the coverage has been sensational. 

A few points stood out to me:

The idea that “the EU is about to scan everyone’s messages” isn’t true. The proposal is still under negotiation, and nothing has been agreed.

Lawmakers are debating how far “detection orders” could go, especially when it comes to encrypted services. That’s where the biggest privacy and security concerns sit.

The European Parliament has already pushed back against blanket scanning and stressed the need to protect encryption.

Having worked in Trust & Safety for years, I know how important it is to tackle harmful content online. But I’ve also seen how proposals like this can create huge tensions between safety, privacy, and technical reality.

What I’ll be watching closely:

Whether safeguards and oversight are strong enough if detection orders are ever used?
How does the EU balance protecting children with protecting encryption for everyone?
How public debate shifts, given how easily misinformation about “scanning everything” spreads!
 
I’d be interested to hear what others in the field think: Is there a version of this policy that can work without undermining trust in secure communications?

https://lnkd.in/e8ByrDfJ",2025-10-17 08:19:09,2025-10-17 08:19:09,3u,no,in/toby-%C3%B6zkan,Toby Özkan,Trust & Safety Professional | Co-Founder @ TrustandSafetyJobs.com | Policy Development & Enforcement | Risk Operations | Content Integrity & Compliance,,https://media.licdn.com/dms/image/v2/D4E03AQFrvEKid1108w/profile-displayphoto-shrink_100_100/profile-displayphoto-shrink_100_100/0/1718797079553?e=1762387200&v=beta&t=sjIcaXOEhRJBS2AIjkZaZLVCizoJGyF6bsn1CBAQpGs,no,https://www.linkedin.com/in/toby-%C3%B6zkan,,,,,,https://www.linkedin.com/feed/update/urn:li:activity:7376692803009142784,https://www.euronews.com/my-europe/2025/09/11/fact-check-is-the-eu-about-to-start-scanning-your-text-messages,0,0,13,11,0,0,0,0,2,,1760689149,1760689149,
7374413388346671104,7374413388346671104,"The End of End-to-end Encryption in Messaging? EU Child Sexual Abuse Regulation Takes Form 

The EU’s proposed “Chat Control 2.0” mandates client-side scanning and age verification to combat online CSAM but risks undermining encryption, privacy, and security. MEF members could face compliance, legal, and trust challenges across mobile services;  MEF Director of Programmes, Nicholas Rossman explains the initiative.

The European Union is at a critical juncture regarding digital privacy and child protection with its proposed “Regulation laying down rules to prevent and combat child sexual abuse,” widely known as “Chat Control 2.0.” 

This initiative marks a significant shift from voluntary to mandatory digital surveillance, aiming to combat the rising tide of online child sexual abuse material (CSAM) and grooming. While the stated objective is vital, the proposal has sparked considerable debate due to its far-reaching implications for end-to-end encrypted (E2EE) communications and fundamental digital rights. 

The EU Initiative: What it is, Why it is Being Done, and the Timeline 

The core of the EU’s proposed regulation is the mandate for providers of end-to-end encrypted messaging services, such as WhatsApp and Signal, to implement client-side scanning (CSS). This technology wou…",2025-10-17 08:19:09,2025-10-17 08:19:09,4u,no,company/local-loud-marketing/posts,Local Loud Marketing,3 følgere,,,no,https://www.linkedin.com/company/local-loud-marketing/posts,,,,,,https://www.linkedin.com/feed/update/urn:li:activity:7374413388346671104,,0,0,0,0,0,0,0,0,0,,1760689149,1760689149,
7382900880435736576,7382900880435736576,"The EU's ""Chat Control"" proposal, formally the Regulation on the Prevention and Combating of Child Sexual Abuse, aims to mandate client-side scanning of private digital communications - including messages, photos, and videos on users' devices before encryption. This would involve tools like hash matching against known child sexual abuse material (CSAM) databases, machine learning for detecting new content, and URL checks, potentially requiring backdoors in apps and operating systems. While framed as child protection, critics argue it enables mass surveillance, violates privacy rights under EU law (e.g., Articles 7 and 8 of the Charter of Fundamental Rights), and conflicts with European Court of Justice rulings against blanket monitoring.
As of October 12, 2025, the proposal is advancing under the Danish Presidency of the EU Council, with a key vote scheduled for October 14. Nine member states oppose it, 12 support, and six (including Germany) remain undecided. Germany's recent firm opposition - citing risks to confidential communications - has dealt a significant blow, potentially stalling progress. The UN High Commissioner for Human Rights and the EU Council's Legal Service have flagged human rights and legality concerns. If passed, scanning could begin as early as late 2025, affecting 450 million EU citizens and services like Signal, WhatsApp, and email providers.
Risks include weakening end-to-end encryption (E2EE), creating exploitable vulnerabilities for hackers or abusers, false positives (e.g., flagging innocent family photos), and mission creep to scan other content like political speech. Politicians, police, and military may be exempt under ""professional secrecy"" rules.",2025-10-12 08:19:10,2025-10-17 08:19:10,5d,no,in/oleh-buyvol-10b44480,Oleh Buyvol,ArcSight SIEM Expert | Cybersecurity Leader | Helping Organizations Maximize SIEM Value,,https://media.licdn.com/dms/image/v2/C4D03AQFR7MQaOtoNbQ/profile-displayphoto-shrink_100_100/profile-displayphoto-shrink_100_100/0/1641237850219?e=1762387200&v=beta&t=6OT7SWKFazBMz1SIXTt_cxczLYFLjpFsll9HuWI30kM,no,https://www.linkedin.com/in/oleh-buyvol-10b44480,,,,,https://media.licdn.com/dms/image/v2/D4E05AQG2L3ycxZuz-Q/videocover-high/B4EZnVVNrzK0B8-/0/1760220735280?e=1761296400&v=beta&t=XJMpr57GYjXJhuvZ-j0ija5udW6uBfpz6PnDE_Cfi8M,https://www.linkedin.com/feed/update/urn:li:activity:7382900880435736576,,0,0,0,0,0,0,0,0,0,,1760257150,1760689150,
7381572858877186048,7381572858877186048,"Germany Under Pressure to Oppose EU Chat Control Proposal

💡 Did you know? Signal and Rights Groups Urge Berlin to Reject CSAM Proposal Ahead of Key EU VoteThe German federal government is under pressure to withdraw support for a European Union content scanning proposal that critics argue poses large-scale privacy risks. The EU Justice and Home Affairs Council is set to vote Oct. 14 on a regulation called Chat Control.
Time to update your defense strategy.
Click the link below for more details: https://lnkd.in/gRMeY79A
📩 Like, share, and comment to raise cybersecurity awareness.
📩 More knowledge posts are coming—stay tuned!
#CyberSecurity #InfoSec #CyberAwareness #ThreatIntelligence #EDR #XDR #SOC #Phishing #Spoofing #CyberThreats #Ransomware #SecurityOperations #ZeroTrust #NetworkSecurity #IncidentResponse #CyberDefense #SecurityAwareness #CyberProtection",2025-10-17 08:19:10,2025-10-17 08:19:10,1u,no,in/nizar-hedhili-90380058,Nizar Hedhili,Group CEO and Founder,,https://media.licdn.com/dms/image/v2/D4D03AQGddaaaYT1Buw/profile-displayphoto-shrink_100_100/profile-displayphoto-shrink_100_100/0/1710093691743?e=1762387200&v=beta&t=lfZYGcyQ1xgG5WrZIgkoLwEJ4NtbnI5VEX_ui8oAazM,no,https://www.linkedin.com/in/nizar-hedhili-90380058,,,"cybersecurity,infosec,cyberawareness,threatintelligence,edr,xdr,soc,phishing,spoofing,cyberthreats,ransomware,securityoperations,zerotrust,networksecurity,incidentresponse,cyberdefense,securityawareness,cyberprotection",,,https://www.linkedin.com/feed/update/urn:li:activity:7381572858877186048,,0,0,2,2,0,0,0,0,0,,1760689150,1760689150,
7383426774417915904,7383426774417915904,"The intent behind the proposed EU Chat Control proposal is noble, yet we must tread carefully to avoid eroding the very freedom and privacy we aim to protect.

The regulation’s idea of scanning every message, photo, and video on every device, even before they are sent, shifts the paradigm from targeted investigation to mass surveillance. 

Its execution is also expected to be difficult as automated detection systems, even when built with the best intentions, are prone to error and a false positive in such a sensitive domain can impact reputations, careers, and lives.

The other challenge is in the nature of CSAM - in which context matters as much as content. What appears to be a medical image in one setting could be misinterpreted in another. 

While child protection is a societal responsibility, turning a smartphone into a surveillance device may not yield the expected outcome. Instead, the solution lies in training and enabling law enforcement, educators, and the investigators and provide them with latest tools to investigate the incidents.

In this cyber world, we have an uncomfortable question to answer - do we invest in tech and tools for monitoring the incidents, or invest in human capability to discern, investigate, and respond with judgment and empathy?

The answer, perhaps, in this context lies in how much privacy we are willing to trade for the promise of safety. 

Here is the link to the memo, should you be interested. 
https://lnkd.in/ghKR2uHi",2025-10-14 08:19:10,2025-10-17 08:19:10,3d,no,in/rupeshvashist,Rupesh Vashist,Cyber Forensic and Incident Response Leader,,https://media.licdn.com/dms/image/v2/D4D03AQEi-fomV4n-0Q/profile-displayphoto-shrink_100_100/profile-displayphoto-shrink_100_100/0/1669981141221?e=1762387200&v=beta&t=HWAxix1VHuuRfXkTMC6iVDTNW7kTCR92QzOHk4O8gwY,no,https://www.linkedin.com/in/rupeshvashist,,,,,,https://www.linkedin.com/feed/update/urn:li:activity:7383426774417915904,https://eur-lex.europa.eu/legal-content/EN/TXT/?uri=celex:52022PC0209,0,0,11,10,1,0,0,0,0,,1760429950,1760689150,
7380575867766255616,7380575867766255616,"FIGHT AGAINST CHAT CONTROL 

Learn more about the right to private communication! This is a human right and it shouldn’t be negotiable. 

Learn more & take action:
chatcontrol.eu",2025-10-17 08:19:17,2025-10-17 08:19:17,1u,no,in/antonio-fernandes-0096632,Antonio Fernandes,"Quant-Driven Investment | Multi-Asset Portfolio Manager - US Equities, Crypto, EU Real Estate | Finance MBA + Statistics MSc + BA Engineering | Banking & Finance Advisory @EIB",,https://media.licdn.com/dms/image/v2/D4E03AQHWHlle6OEtZw/profile-displayphoto-shrink_100_100/B4EZcsguUBG4AY-/0/1748798466135?e=1762387200&v=beta&t=E2hpy023-W5hgZT8tuSEewGpLquG3ctfwCFd6IFMFO8,no,https://www.linkedin.com/in/antonio-fernandes-0096632,,,,,,https://www.linkedin.com/feed/update/urn:li:activity:7380575867766255616,http://chatcontrol.eu,0,1,0,0,0,0,0,0,0,,1760689157,1760689157,
7384462375267172352,7384462375267172352,The Danish council presidency is continuing discussions for a compromise on the controversial proposal to combat online child sexual abuse material (CSAM) by surveilling chat apps — as privacy groups urge for alternative solutions.,2025-10-16 08:19:17,2025-10-17 08:19:17,1d,no,company/euobserver/posts,EUobserver,17.950 følgere,,,no,https://www.linkedin.com/company/euobserver/posts,,,,,,https://www.linkedin.com/feed/update/urn:li:activity:7384462375267172352,https://euobserver.com/digital/ar4035aa2c,0,0,0,0,0,0,0,0,0,,1760602757,1760689157,
7384515587730952192,7384515587730952192,"Germany's Stand Against EU ""Chat Control"": A Win for Privacy?

Germany just blocked the EU's controversial ""Chat Control"" (CSAR) proposal in the October 2025 Council vote, calling blanket message scanning ""taboo in a constitutional state."" 

As the EU's biggest player, their opposition—rooted in privacy rights, encryption threats, and surveillance risks—formed a blocking minority with allies like NL, AT, and PL.

Notably, there's been little to no public debate on this in pro-surveillance strongholds like France (pushing hard for it) or Spain—highlighting how national governments are negotiating behind closed doors without citizen input.

Why oppose?
Violates German Basic Law on correspondence privacy.
Breaks end-to-end encryption, enabling mass surveillance via unreliable AI.
Mission creep: Could expand beyond CSAM to political control.
Ineffective—criminals evade, innocents suffer false positives.

It’s intriguing to observe that Germany is apprehensive about the possibility of an unreliable AI potentially gaining control over those data 😳 

This stalls trilogues, but Denmark may push revisions by Dec. Privacy advocates celebrate, but the fight's not over! 

IIt would probably require a public debate when we have the time for that. :)

#StopChatControl #DigitalRights",2025-10-17 08:19:17,2025-10-17 08:19:17,23t,no,in/teisseire,Thierry Teisseire,AI for Smarter Sales & Marketing | Co-Founder @ EpsimoAI | Driving Faster Revenue Growth,,https://media.licdn.com/dms/image/v2/D4E03AQGeyFabqvhhMA/profile-displayphoto-shrink_100_100/profile-displayphoto-shrink_100_100/0/1711809988540?e=1762387200&v=beta&t=DOpiuHwS3PQKyugYCami_p9RP7TepI_a2j1Ho1OmZ68,no,https://www.linkedin.com/in/teisseire,,,"stopchatcontrol,digitalrights",,,https://www.linkedin.com/feed/update/urn:li:activity:7384515587730952192,,0,0,0,0,0,0,0,0,0,,1760689157,1760689157,
7382061813946855424,7382061813946855424,"A new edition of Cyber Insights Finland includes news of Germany halting EU’s CSAM Regulation, results and insights from Elisa survey to over 100 cybersecurity decision-makers in large organizations across Finland, results from Digi- ja väestötietovirasto (Finnish Digital Agency) Digital Security Barometer 2025, Proposal for a New Security of Supply Act Submitted to Parliament of Finland and Insta Cyber Security, SSH Communications Security, Telia and IBM visit to a podcast on quantum-safe encryption.",2025-10-17 08:19:18,2025-10-17 08:19:18,1u,no,company/fisc-finnish-information-security-cluster/posts,Finnish Information Security Cluster (FISC) - Kyberala ry,4.527 følgere,,,no,https://www.linkedin.com/company/fisc-finnish-information-security-cluster/posts,,,,https://media.licdn.com/dms/image/v2/D4E12AQG3WhjwBJwFzw/article-cover_image-shrink_600_2000/B4EZnJTJJSGYAQ-/0/1760018863129?e=1762387200&v=beta&t=S1R9WK4eYx99KzfRSRigNjyDxLu2NMZfbjgJ-49NbXA,,https://www.linkedin.com/feed/update/urn:li:activity:7382061813946855424,https://www.linkedin.com/pulse/cyber-insights-finland-162025-fisc-finnish-information-security--kgxwe?trackingId=hXitlLtXR4KyCQ%2FXR6h%2BpA%3D%3D,0,1,13,11,0,0,0,2,0,,1760689158,1760689158,
7374073742576226304,7374073742576226304,"Longread: why I am against the commission proposal for chat control. In short, it is not a solution for child abuse but does form a serious threat to our privacy. The long answer 👇 

The European Commission wants WhatsApp, Signal, and other messaging services to scan your private messages in real-time. This is a direct threat to every citizen's digital privacy.

What's at stake?
Under the guise of fighting child sexual abuse material (CSAM), the Commission proposes mass surveillance of all private communications. The intention may be noble, but the means are fundamentally flawed and dangerous.

Why this proposal must be stopped?
1. Your privacy is under attack: The proposal undermines end-to-end encryption—the digital equivalent of your private home. Encryption isn't about hiding wrongdoing; it's about living securely in a digital world without constant scrutiny.
2. Function creep risk: Technology designed to detect child abuse images today could be repurposed by authoritarian regimes to hunt political opponents tomorrow. In our current global context, this isn't far-fetched.
3. Ineffective by design: Criminals adapt quickly. They'll simply migrate to unregulated apps and private networks, while millions of law-abiding citizens lose their privacy and security.

Our alternative
Our Green group, along with the broader Parliament, has consistently opposed mass surveillance from day one. Instead, we've proposed a three-pillar approach that's both more effective and privacy-respecting:
1. Security by design: Apps must be built safely from the ground up—with blocking/reporting functions, user consent for sharing contact details, and moderation of high-risk public chats.
2. Targeted action: The new EU Child Protection Centre should automatically search publicly accessible content (including the dark web) for known CSAM—far more effective than surveilling private messages.
3. Swift removal: Providers must remove clearly illegal material immediately—unlike the Commission's proposal which focuses on surveillance rather than action. 

The bottom line
Mass surveillance isn't the answer to protecting children online. We can fight CSAM effectively without sacrificing everyone's fundamental right to privacy.
Child welfare is paramount—that's exactly why we support the new directive to combat child abuse, which Parliament adopted with near-unanimous support. But we can protect children without creating a surveillance state.

Take action
Visit https://lnkd.in/eJpEJeys to contact your representatives.
Digital rights experts and privacy campaigners across Europe are united in opposition—join us.

#DigitalRights #Privacy #ChatControl #EuropeanParliament #ChildSafety",2025-10-17 08:19:18,2025-10-17 08:19:18,4u,no,in/sara-matthieu-a714725,Sara Matthieu,Europees parlementslid at European Parliament,,https://media.licdn.com/dms/image/v2/D4E03AQFNoHvrZhRPsQ/profile-displayphoto-shrink_100_100/profile-displayphoto-shrink_100_100/0/1701169651820?e=1762387200&v=beta&t=t-qu326clPGtJzsEP8o4KMI9Ptj8vvbBA8ulkrmCzAg,no,https://www.linkedin.com/in/sara-matthieu-a714725,,,"digitalrights,privacy,chatcontrol,europeanparliament,childsafety",,,https://www.linkedin.com/feed/update/urn:li:activity:7374073742576226304,,0,2,19,15,0,1,0,1,2,,1760689158,1760689158,
7383776291818213376,7383776291818213376,"🛑 The vote for #ChatControl, the #EU #proposal aimed to combat child sexual abuse material (#CSAM), has been delayed due to the lack of consensus among EU Member States.

𝗪𝗵𝗮𝘁 𝗶𝘀 𝗖𝗵𝗮𝘁 𝗖𝗼𝗻𝘁𝗿𝗼𝗹?
👉 The Child Sexual Abuse Regulation (#CSAR), known as Chat Control, seeks to fight #illegalcontent by scanning messaging platform for child abuse evidence.

𝗪𝗵𝘆 𝗶𝘀 𝗶𝘁 𝗰𝗼𝗻𝘁𝗿𝗼𝘃𝗲𝗿𝘀𝗶𝗮𝗹?
👉 Privacy groups and cybersecurity experts warn that breaking #encryption could undermine #privacy #rights while opening the door to #masssurveillance. Other risks concern the potential #misuse by malicious actors and false positives generated by #AI detection systems.

𝘙𝘦𝘢𝘥 𝘮𝘰𝘳𝘦: https://lnkd.in/dQdqEmRi & https://lnkd.in/dFzBWE3b",2025-10-14 08:19:18,2025-10-17 08:19:18,3d,no,company/stichting-onderzoek-marktinformatie/posts,Stichting onderzoek marktinformatie (SOMI),234 følgere,,,no,https://www.linkedin.com/company/stichting-onderzoek-marktinformatie/posts,,,"chatcontrol,eu,proposal,csam,csar,illegalcontent,encryption,privacy,rights,masssurveillance,misuse,ai",,,https://www.linkedin.com/feed/update/urn:li:activity:7383776291818213376,,0,0,3,3,0,0,0,0,0,,1760429958,1760689158,
7381939629698023424,7381939629698023424,"A #mustread, even if you are not (yet) into the subject of ""#ChatControl"".

The term “Chat Control” refers to a proposed European Union regulation that would require online communication services (like WhatsApp, Signal, iMessage, etc.) to scan #private #messages, #images and #videos for child sexual abuse material (CSAM) and signs of grooming.

••• What is it about?

Under this plan, messaging platforms could be required to:
	•	Scan all messages, including end-to-end encrypted chats, for CSAM or grooming attempts.
	•	Use AI or hash-matching tools to detect illegal content.
	•	Report matches to a new EU Centre for Child Protection.
	•	Potentially block or delete content.

••• Why it is controversial and why you should know about this matter:

✅ Supporters argue:
	•	It’s needed to protect children online and detect abuse early.

🚫 Critics warn:
	•	It effectively introduces #mass #surveillance of #private #communications.
	•	End-to-end encryption would be weakened or broken, since scanning would require access to message content.
	•	It could create a “backdoor” usable for other types of surveillance or abuse.
	•	There’s a risk of false positives and chilling effects on privacy and free speech.

••• Current status

The proposal is still under debate in the EU Council and Parliament. The vote and negotiations have been postponed multiple times due to public backlash.

••• In short

“Chat Control” is a mass scanning of private chats for harmful content, justified as child protection, but widely criticized as a threat to digital privacy and encryption.

Some important FAQs to read: https://lnkd.in/esp--ZWr",2025-10-17 08:19:24,2025-10-17 08:19:24,1u,no,in/elsmeyvaert,Els Meyvaert,Chief Operating Officer at Robovision,,https://media.licdn.com/dms/image/v2/D4E03AQGca2K0Yhzi_A/profile-displayphoto-scale_200_200/B4EZnpWHDuKYAY-/0/1760556512561?e=1762387200&v=beta&t=kr6qaqiI3pgDEVyXdOR9DWbxEgc3waSphKLfTTjSIN4,no,https://www.linkedin.com/in/elsmeyvaert,,,"mustread,chatcontrol,private,messages,images,videos,mass,surveillance,private,communications",,,https://www.linkedin.com/feed/update/urn:li:activity:7381939629698023424,,0,0,6,4,0,0,0,0,2,,1760689164,1760689164,
7374344703661744128,7374344703661744128,"🚨 EU’s CSA Regulation (“Chat Control”): A Threat to Digital Privacy❓   Controversy over mandatory scanning of private communications 🚨 

🎯 EU institutions, digital rights groups, and many Member States have been locked in a contentious debate over the proposed Child Sexual Abuse Regulation (CSAR) (colloquially “Chat Control”) — a law intended to prevent and combat child sexual abuse material (CSAM) online, arguing it violates EU law and lacks evidence of efficacy (https://lnkd.in/eKE3avUQ) 

🔎 CSAR Regulation intends to require platforms (e.g., WhatsApp, Signal, email providers) to scan all private messages—both text and visual content—for CSAM, using AI-driven tools. 

🔎 This includes client-side scanning, where messages are analyzed before encryption, effectively breaking the confidentiality of end-to-end encryption

▶️ What’s at Stake:

🔸 Encryption & Confidentiality: Obligations could require scanning even end-to-end encrypted communications

🔸 Service Scope: Messaging apps, email, hosting, and even incidental chat functions may fall under the Regulation

🔸 Risk of false positives, wrongful accusations, chilling effects (on private speech, intimacy, political expression, etc.) as a result of automated (AI) detection

🔸 Possibility of over-broad surveillance (mass scanning of communications) if obligations are not narrowly and clearly defined/transposed

🔸 Rights & Proportionality: Potential conflicts with the EU Charter of Fundamental Rights, GDPR, and ePrivacy rules
 (https://lnkd.in/eGeJnnav) 

🏛️ Recent Developments (2025):

🔸 Denmark’s Council Presidency: In July 2025, Denmark prioritized the CSAR, proposing a compromise text that recycles failed previous versions (e.g. Belgian and Hungarian proposals)

🔸 The text retains mandatory scanning, client-side scanning for encrypted services, and age verification, despite years of deadlock and opposition from 11+ Member States

🔸 Lack of Genuine Compromise: Denmark’s approach has been criticized as a PR exercise, ignoring calls for a balanced solution that respects encryption and privacy

🔸 The EU Parliament and Council are expected to finalize their positions by late 2025, but the regulation’s future remains uncertain.

#surveillance #privacy #confidentiality #data #IT #informationtechnology #freedom",2025-10-17 08:19:24,2025-10-17 08:19:24,4u,no,in/cmglegal,CMG LEGAL,Coulaux-Maricot-Georganta Law Firm - Avocats,,https://media.licdn.com/dms/image/v2/D4D03AQGi8TXl8sFXmw/profile-displayphoto-shrink_100_100/profile-displayphoto-shrink_100_100/0/1634143429936?e=1762387200&v=beta&t=8lQjQsgwcTBVAo0QHDIsWt4btztMP989DxvJ-C1tSLs,no,https://www.linkedin.com/in/cmglegal,,,"surveillance,privacy,confidentiality,data,it,informationtechnology,freedom",,,https://www.linkedin.com/feed/update/urn:li:activity:7374344703661744128,,1,1,5,4,0,0,0,0,1,,1760689164,1760689164,
7379120885640822785,7379120885640822785,"Europe is about to make a choice that could redefine digital privacy

There's a vote coming up on October 14th that deserves more attention than it's getting. 
The EU's proposed Child Sexual Abuse Regulation—nicknamed ""Chat Control""—would require messaging platforms to scan private messages, including encrypted ones, for child abuse material.
The stated goal is obviously important: protecting children. But the method? That's where things get complicated.

What's happening right now:
Germany, Belgium, Italy, and Sweden—countries that previously supported mandatory scanning—are now wavering. They're listed as ""undecided."" Still, at least 12 EU member states are backing the proposal.

Over 500 scientists have signed open letters opposing it. 
Their concern? You can't scan end-to-end encrypted messages without fundamentally breaking encryption. 
And once you break it for one purpose, you've broken it for everything.
Why this should matter to anyone building or securing digital systems:
Encryption isn't just a nice-to-have—it's the foundation of secure communication. 
Medical records, financial transactions, whistleblower communications, trade secrets—all of it depends on the guarantee that encrypted means actually encrypted.

If Chat Control passes, we're looking at:
Precedent creep. 
Today it's CSAM. Tomorrow it could be ""terrorism."" Next year, ""misinformation."" The technical capability, once built, doesn't go away.

Regulatory chaos. 
Companies will face conflicting mandates across jurisdictions. The EU says scan. Other regions say don't you dare weaken encryption. Good luck operating globally.

Trust collapse. 
Users in sensitive fields—healthcare, finance, journalism—will abandon platforms that can't guarantee privacy. And they should.

What we should be doing:
If you're building products, double down on privacy-by-design. If you're in leadership, get involved in these policy debates—lawmakers need to hear from people who actually understand how this technology works.

We need to prepare for a fragmented regulatory landscape. Build compliance flexibility into your systems. Be transparent with users about what you do and don't scan, and why.

The hard question:
Is there actually a middle ground here? 
Can we protect vulnerable children without dismantling the privacy infrastructure that protects everyone else? Or are we being forced into a false choice?

I'm genuinely curious: what's your take? 
How should companies respond when governments demand access to encrypted communications for any reason, however well-intentioned?
Because this vote isn't just about one regulation. It's about what kind of internet we're building.

#CyberSecurity #Privacy #Encryption #ChatControl #DigitalRights #DataProtection #EU #TechPolicy #RegulatedIndustries",2025-10-17 08:19:24,2025-10-17 08:19:24,2u,no,in/dan-dascalu-153b461,Dan Dascalu,CIO • IT Director • Digital Transformation • Cybersecurity • Cloud (Azure/AWS) • ISO 27001 • PCI DSS • Retail IT Leadership • ITIL4 Strategist Direct Plan and Improve • Six Sigma Yellow Belt,,https://media.licdn.com/dms/image/v2/D4D35AQFEOAVIaPeUtA/profile-framedphoto-shrink_400_400/B4DZXIDvhMGkAk-/0/1742818179489?e=1761296400&v=beta&t=wsURRFFo3_Cx77cBzpZ-VOtFr1PPTLnaMD4kCJIIul4,no,https://www.linkedin.com/in/dan-dascalu-153b461,,,"cybersecurity,privacy,encryption,chatcontrol,digitalrights,dataprotection,eu,techpolicy,regulatedindustries",,,https://www.linkedin.com/feed/update/urn:li:activity:7379120885640822785,,0,0,1,1,0,0,0,0,0,,1760689164,1760689164,
7371861400404582400,7371861400404582400,"The Danish government is currently putting forward an EU proposal on client-side scanning, which would introduce mandatory scanning of private communications directly on citizens’ devices. While the stated goal is the detection of CSAM (Child Sexual Abuse Material), history and technical precedent suggest that once such an intrusive mechanism is established, its use will expand to other categories of content.

From a technical standpoint, this proposal poses significant risks. Leading researchers in computer security and cryptography — myself included — view client-side scanning as a method that undermines the very foundations of secure digital communication and therefore our modern societies. Rather than addressing the complex societal problem it targets, it would erode confidentiality, trust, and resilience in European digital infrastructure.

Together with my colleague Diego F. Aranha, I have written an opinion piece to Altinget, where we detail the broader implications of this proposal for Danish and EU citizens: https://lnkd.in/dnWyDXBd",2025-10-17 08:19:26,2025-10-17 08:19:26,1md.,no,in/carsten-baum,Carsten Baum,Associate Professor and Consultant in Cryptography,,https://media.licdn.com/dms/image/v2/D4E03AQGn39QU5y_fCQ/profile-displayphoto-shrink_100_100/profile-displayphoto-shrink_100_100/0/1678779726876?e=1762387200&v=beta&t=ui42QZzSSd0PVJCkP8NKkp1Cra8ffbd2RXffsRT9jAU,no,https://www.linkedin.com/in/carsten-baum,,,,,,https://www.linkedin.com/feed/update/urn:li:activity:7371861400404582400,https://www.altinget.dk/digital/artikel/lektorer-forslaget-om-chatkontrol-risikerer-at-udsaette-borgere-for-statslig-overvaagning,6,23,132,121,1,2,0,4,4,,1760689166,1760689166,
7362762846440431616,7362762846440431616,"I am writing to express my serious concerns about the proposed Chat Control legislation (CSAM Regulation) currently being reconsidered under the Danish EU Council Presidency.

I am particularly concerned about the following issues:

• The proposed Chat Control legislation represents an unprecedented violation of our fundamental right to privacy. Mass surveillance of private communications is incompatible with Article 7 of the EU Charter of Fundamental Rights.

• Technical experts and child protection organisations have pointed out that this approach will not effectively protect children while creating massive privacy violations. We need targeted, evidence-based solutions instead.

• This proposal has been repeatedly rejected or stalled by democratic institutions, with the European Parliament voting against mass surveillance and the Council failing to achieve majority support for over two years.

The current proposal fails to balance child protection with fundamental rights and would set a dangerous precedent for digital surveillance in the EU.",2025-10-17 08:19:26,2025-10-17 08:19:26,1md.,no,in/bulatvaliev,Bulat Valiev,DevOps Engineer,,https://media.licdn.com/dms/image/v2/C5103AQF3IK0CthBH4Q/profile-displayphoto-shrink_100_100/profile-displayphoto-shrink_100_100/0/1552310008082?e=1762387200&v=beta&t=NCQkRHCjXlnFFGfO7EGPwVIpFBNLJcWgT2lDfaD1Z1I,no,https://www.linkedin.com/in/bulatvaliev,,,,,,https://www.linkedin.com/feed/update/urn:li:activity:7362762846440431616,,1,0,6,4,0,0,0,0,2,,1760689166,1760689166,
7372286383668924416,7372286383668924416,"In #AweekwithDOT we reflect on digital policy developments and offer you a concise overview. On this week's agenda: 

➡️ CSAM discussions in Council
➡️ Simplification resolution
➡️ State of the Union 2025

Find a summary of these topics and DOT Europe ‘s perspective in the article below!",2025-10-17 08:19:26,2025-10-17 08:19:26,1md.,no,company/doteurope/posts,DOT Europe ,2.959 følgere,,,no,https://www.linkedin.com/company/doteurope/posts,,,aweekwithdot,https://media.licdn.com/dms/image/v2/D4D12AQF8GuWFBT77-w/article-cover_image-shrink_600_2000/B4DZk.eTk9IYAY-/0/1757689757672?e=1762387200&v=beta&t=OV_WkCCOJz3tygIjdhjkJ1_OTe1Mz8cX4sAJsmo8y7A,,https://www.linkedin.com/feed/update/urn:li:activity:7372286383668924416,https://www.linkedin.com/pulse/looking-back-csam-debate-simplification-ep-vote-state-union-bx51f?trackingId=5w4SgErpQVC7h94jszeBTg%3D%3D,0,0,5,5,0,0,0,0,0,,1760689166,1760689166,
7293582726555693056,7293582726555693056,"Combating child abuse while safeguarding freedom of speech. It's time to break the deadlock around CSAM and explore innovative paths that uphold our core values. 
This article provides a proposal based on the concept of an ""authenticated"" internet, proposing a new path for CSAM legislative work. It will require some new thinking and a weighing of pros and cons, with the aim of reaching a balanced conclusion.
#CSAM #DigitalIdentity #ChildProtection #FreedomOfSpeech #EDIF #eIDAS2",2025-10-17 08:19:28,2025-10-17 08:19:28,8md.,no,in/bo-fjelkner,Bo Fjelkner,Cybersecurity and Digital Identities,,https://media.licdn.com/dms/image/v2/D4D03AQGfbXls6JwL_g/profile-displayphoto-shrink_100_100/profile-displayphoto-shrink_100_100/0/1729751966362?e=1762387200&v=beta&t=MNBV8ZdesNeQGV7fERMx-4wREP45lINs3H0JKSwuzc4,no,https://www.linkedin.com/in/bo-fjelkner,,,"csam,digitalidentity,childprotection,freedomofspeech,edif,eidas2",https://media.licdn.com/dms/image/v2/D4D12AQE5ZJ-dXM2DGA/article-cover_image-shrink_600_2000/article-cover_image-shrink_600_2000/0/1738850204862?e=1762387200&v=beta&t=UKY76plZ30acxBp6yMBFirq6G-rShk9sYcr3Wge2xAA,,https://www.linkedin.com/feed/update/urn:li:activity:7293582726555693056,https://www.linkedin.com/pulse/resolving-eu-child-abusecsam-legislation-stalemate-digital-fjelkner-uuclf?trackingId=ySt5ag%2BfRk6AqnIBvDgwRw%3D%3D,0,0,17,14,0,0,0,1,2,,1760689168,1760689168,
7374774229533102081,7374774229533102081,"Day 5 of posting an argument (almost) every day why the Chat Control proposal should be dropped. Here we go:

After the post about false positives in broad terms (https://lnkd.in/dr3_cX4S), today I want write a bit about what these false positives would be, and why they are definitely an important data protection problem. 

It would be bad enough if images sent over, say, WhatsApp would be falsely flagged as CSAM at random with a small probability. This is not, however, how the classifying algorithms would behave. They would, of course, mistake images for CSAM more likely if they are more similar to CSAM. This means while a photo of an excavator would probably be pretty safe from erroneously being reported to the police, some very personal photos would have a much higher risk of being reported.

I find the thought of personal photos having a small chance of being sent to the police extremely chilling. But even if you think you would be fine with this, I'd like you to consider two additional points. Firstly, you are probably thinking of your police in your country, but there is nothing in the proposal that provides limits which police authorities this data can be shared with. And secondly, there are probably people who have more and more powerful enemies than you have. As an example, consider a volunteer who does fundraising for some Ukrainian organization. I would understand if this person did not want to share their personal images with the police authority of certain EU member states.",2025-10-17 08:19:28,2025-10-17 08:19:28,3u,no,in/christian-majenz-876a23232,Christian Majenz,Associate Professor at DTU - Technical University of Denmark,,https://media.licdn.com/dms/image/v2/D4E03AQHFo6QvzHnSXQ/profile-displayphoto-shrink_100_100/profile-displayphoto-shrink_100_100/0/1688477289040?e=1762387200&v=beta&t=B1n-alVrtDIHh6AdLUcCUkgafimNmEUZH0WfzOGAdy0,no,https://www.linkedin.com/in/christian-majenz-876a23232,,,,,,https://www.linkedin.com/feed/update/urn:li:activity:7374774229533102081,,2,4,40,35,0,3,0,0,2,,1760689168,1760689168,
7372612040160452608,7372612040160452608,"A divided #Europe puts #cybersec #talent on the brink...
📌 On 14 October, the #EUCouncil (#EUCO) is poised to vote on one of the most contentious pieces of legislation in its history: the Regulation to Prevent and Combat Child Sexual Abuse.
Better known by its moniker, #ChatControl, the proposal aims to compel #tech companies to scan all private #digital communications — including #encrypted #chats and #emails — for child #sexualabuse material (#CSAM) and #grooming behaviours. 
While its objective is laudable, the proposed method of client-side #scanning is divisive and redefines the role of #cybersecurity professionals. 
The political 🇪🇺 landscape is deeply split, with the fate of the regulation hanging in the balance. As of September 2025, the outcome of the upcoming vote remains highly unpredictable. Austria, Belgium, Germany, Luxembourg, the Netherlands, Poland, the Czech Republic, and Finland oppose it.
In favour are Bulgaria, Croatia, Cyprus, Denmark, France, Hungary, Ireland, Italy, Latvia, Lithuania, Malta, Portugal, Slovakia, Spain, and Sweden, prioritising the fight against CSAM and the need for a harmonised, binding legal framework. Undecided are: Estonia, Greece, Romania, and Slovenia.
This political schism highlights a fundamental clash of values. However, beyond the corridors of Brussels, the regulation poses a profound, perhaps existential, crisis for the cybersecurity profession. If passed, it would force a paradigm shift, moving the role of a security expert from protector to overseer
🔎It is an ethical and professional crossroads. The impact on cybersecurity professionals can be distilled into two critical areas:
1️⃣ Ethical conflict and legal liability: the regulation would legally compel software engineers and security experts to design and implement systems that inherently weaken security and create vulnerabilities. 
➡️ This stands in direct opposition to the core #ethical tenets of their profession, which mandate the duty to protect data, infrastructure, and society. Professionals would be caught in the paradox of having to build insecurity into systems to comply with the law, creating an irreconcilable conflict with codes of conduct from bodies like the ISC2.
2️⃣ The rise of surveillance compliance: the law would likely spawn a new, and arguably perverse, area of specialisation — surveillance compliance. 
➡️ The focus for many cyber and security teams would inevitably shift from defending against external threats to implementing and maintaining internal monitoring mechanisms.
This fundamentally alters the professional's role from being a guardian of the user and their data to an enabler of state-mandated surveillance, eroding the trust that underpins the entire digital ecosystem. As the 14 October vote approaches, the debate is no longer just about #privacy versus #security. It is about the #political and #digital #identity of Europe and the very soul of the professions tasked with keeping us #safe #online.",2025-10-17 08:19:28,2025-10-17 08:19:28,1md.,no,in/roberto-zangrandi-46baab,Roberto Zangrandi,Hunting for you the best #FUTUREREADY talents | Partner @Hoffman Talent Partners Group :: @Hightech Partners,,https://media.licdn.com/dms/image/v2/D4E03AQH6hkESm9Vl2A/profile-displayphoto-shrink_400_400/B4EZZ3Iyd4HMAg-/0/1745755515334?e=1762387200&v=beta&t=cGCEyQKyLsSvBzvBIAw1Llvj4AMF1mmSK6f0TEZcDxQ,no,https://www.linkedin.com/in/roberto-zangrandi-46baab,,,"europe,cybersec,talent,eucouncil,euco,chatcontrol,tech,digital,encrypted,chats,emails,sexualabuse,csam,grooming,scanning,cybersecurity,ethical,privacy,security,political,digital,identity,safe,online",https://media.licdn.com/dms/image/v2/D4E12AQHTeIPkySKDmw/article-cover_image-shrink_600_2000/B4EZlC9e0xGYAQ-/0/1757765038561?e=1762387200&v=beta&t=EjXPl8VC8QLhy_0YEHqyxpQ5Tr91F9yVZLw4_1q-P9I,,https://www.linkedin.com/feed/update/urn:li:activity:7372612040160452608,https://www.linkedin.com/pulse/eus-chat-control-vote-divided-europe-profession-brink-zangrandi-avcle?trackingId=ZryPzVOXSyOBq%2B2Vrg4WxA%3D%3D,2,2,20,18,0,0,0,0,2,,1760689168,1760689168,
7373279502086475776,7373279502086475776,"The EU’s Chat Control 2.0 proposal seeks to mandate the scanning of all private digital communications—messages, emails, cloud files—even those secured with end-to-end encryption, in order to detect child sexual abuse material (CSAM). While intended to protect children, it effectively establishes mass suspicionless surveillance of EU citizens.

Key risks:

- Privacy violations: All messages are scanned without a warrant, undermining the right to confidential correspondence and anonymous communication.

- Encryption backdoors: Client-side scanning destroys secure encryption, exposing data to hackers, criminals, and foreign intelligence.

- False positives: Evidence from Switzerland and Ireland shows up to 80% of reports are irrelevant, overwhelming police with noise and diverting resources from real cases.

- Wrong targets: Organized abusers avoid mainstream platforms, while teenagers’ consensual sexting is often criminalized.

- Democratic erosion: Creates a surveillance infrastructure easily repurposed for censorship, copyright policing, or silencing dissent.


Legal and political concerns:

- Experts and former ECJ judges warn the proposal is disproportionate and unlikely to withstand judicial review.

- Over 72% of EU citizens oppose mandatory chat scanning; 500+ scientists call it technically infeasible.

- Providers like Signal and Threema threaten to exit the EU market rather than compromise encryption.


Alternatives exist:

 - Targeted, warrant-based surveillance of suspects.

- Mandatory removal of known CSAM from hosting services.

- Strengthened police units, cross-border cooperation, and undercover investigations.

- Education, media literacy, and robust victim support.


Conclusion: Chat Control 2.0 risks harming victims more than helping them—criminalizing minors, destroying safe spaces, and weakening Europe’s cybersecurity. Protecting children must not come at the cost of mass surveillance and loss of digital freedom.",2025-10-17 08:19:30,2025-10-17 08:19:30,1md.,no,in/silvere-megelas,Silvere M.,Cybersecurity consultant,,,no,https://www.linkedin.com/in/silvere-megelas,,,,,,https://www.linkedin.com/feed/update/urn:li:activity:7373279502086475776,,0,0,2,2,0,0,0,0,0,,1760689170,1760689170,
7273247559425380353,7273247559425380353,"This week, the Hungarian EU Presidency held a meeting where no majority was achieved for the Chat Control proposal.

CSAM aka Chat Control is a tool of fascist regimes, undermines encryption & privacy, and gives the government sweeping powers to control our lives. 

Many people have been active to create transparency within their country and inform people that the proposal isn't about reducing the spread of child pornography. This is a proposal to break encryption and open our private communication for AI based scanning of all our private messaging (Whatsapp, Signal, Threema,..), it's a backdoor for our intelligence services. That would have been a dream come true for the German Stasi. 

According to 270 scientists from 33 countries, it won't help fight child pornography. In November 2023, the European Parliament's Committee on Civil Liberties, Justice, and Home Affairs voted to remove indiscriminate chat control from the proposal

We should not put our trust in political leaders who do not trust us and place us all under general suspicion.",2025-10-17 08:19:30,2025-10-17 08:19:30,10md.,no,in/bartdewitte,Bart De Witte,"CEO & Co-Founder at Isaree | Founder HIPPO AI Foundation | Public Speaker, Lecturer | Digital Health | Medical AI | Open Source | ex-IBM ex-SAP",,https://media.licdn.com/dms/image/v2/D4D03AQGPk8FqTqc93A/profile-displayphoto-shrink_100_100/profile-displayphoto-shrink_100_100/0/1702728710127?e=1762387200&v=beta&t=Pw133f7aOr-Bh-Y4EVRzxA06vnuXc10fpew4pV4XEXM,no,https://www.linkedin.com/in/bartdewitte,,,,,,https://www.linkedin.com/feed/update/urn:li:activity:7273247559425380353,,37,18,135,89,2,2,0,18,24,,1760689170,1760689170,
7371081337568505856,7371081337568505856,"Nearly 500 researchers urge EU to rethink controversial CSAM scanning proposal: Nearly 500 scientists and researchers have signed an open letter warning that the latest version of the EU’s Chat Control Proposal would weaken digital security while failing to deliver meaningful protection for children. The signatories represent 34 countries and include well-known cryptographer Bart Preneel of KU Leuven, along with researchers from leading institutions such as ETH Zurich, Johns Hopkins University, and the Max Planck Institute for Security and Privacy. The letter responds to a revised … More →


The post Nearly 500 researchers urge EU to rethink controversial CSAM scanning proposal appeared first on Help Net Security. #HelpNetSecurity #Cybersecurity",2025-10-17 08:19:30,2025-10-17 08:19:30,1md.,no,company/poseidon-us/posts,Poseidon,672 følgere,,,no,https://www.linkedin.com/company/poseidon-us/posts,,,"helpnetsecurity,cybersecurity",,,https://www.linkedin.com/feed/update/urn:li:activity:7371081337568505856,http://news.poseidon-us.com/TMyf0G,0,0,2,2,0,0,0,0,0,,1760689170,1760689170,
7314996571559895040,7314996571559895040,"Júlia Tar and I saw the newest CSAM proposal from the Polish presidency, dated April 4. 

The new text introduces some small changes to the draft law, after the last proposal by the Polish government from January failed to gain enough support from EU governments. 

The document shows that the new text places even more emphasis on voluntary scanning rather than introducing the controversial mandatory detection orders foreseen by the EU Commission. 

The adjusted draft text was sent to the bloc’s governments by the presidency of the Council of the EU ahead of a meeting by the responsible “Law Enforcement Working Party” — the bloc's governments' technical staff — tomorrow. 

Read the full story on MLex: https://lnkd.in/dY37NATq",2025-10-17 08:19:32,2025-10-17 08:19:32,6md.,no,in/sara-brandst%C3%A4tter-761806184,Sara Brandstätter,Data privacy and security reporter at MLex,,https://media.licdn.com/dms/image/v2/D4D03AQHyJtbQthufuQ/profile-displayphoto-shrink_100_100/profile-displayphoto-shrink_100_100/0/1697802606676?e=1762387200&v=beta&t=uGVjN4x_6E0IhLcArh2UeDh_3BB0IoImCyZsR3m9B5w,no,https://www.linkedin.com/in/sara-brandst%C3%A4tter-761806184,,,,,,https://www.linkedin.com/feed/update/urn:li:activity:7314996571559895040,,1,4,28,28,0,0,0,0,0,,1760689172,1760689172,
7360575751525494784,7360575751525494784,"Thank you for all your messages and let me assure that I hear and understand your worry regarding #ChatControl #CSAM Danish proposal. We must stop this. ❗️

👉 The Danish EU Presidency is pushing a new, even more radical and unbelievable, version of the so called Chat Control #CSAM proposal. The vote is now scheduled for October 14. 

If the Hungarian proposal was bad, the Danish version is even more extreme pushing for a creation of an Orwellian world.

 👉 It includes the mandatory mass scanning of private communications and aims to break secure encryption by forcing client-side scanning into the private messaging apps. ‼️

☝️ The proposal as it stands now would force companies to scan for, not only known but also, ""unknown"" material using experimental and unreliable AI.

☝️ The government and military accounts will be exempt from this intrusive and unreliable scanning. Sounds like an authoritarian leader's dream. 😣

This poses a massive risk of exposing our private communications and photos. Also non-transparent AI would make decisions about leaking your personal conversations and private photos.

This plan violates blatantly our fundamental rights due to accessing the content of private citizens. This will also create better access to criminals to our messaging services and achieve nothing to protect our children - the opposite.❗️

👉 The next critical meeting is on September 12. Governments will be finalizing their positions by then. We must now ensure all countries and our citizens understand what this proposal stands for. ☝️ This would violate our privacy and not protect any children. 

The European Parliament must also stand against mass scanning and breaking encryption. ❗️

#privacy
#CSA",2025-10-17 08:19:32,2025-10-17 08:19:32,2md.,no,in/aurasalla,Aura Salla,"PhD, Member of the European Parliament, ITRE Committee, @Kokoomus @EPP",,https://media.licdn.com/dms/image/v2/D4D03AQHKGJHjzRW1xA/profile-displayphoto-shrink_100_100/profile-displayphoto-shrink_100_100/0/1715688157662?e=1762387200&v=beta&t=Az6s7lRQYuBAoKz7O0g-SUiN9JsbLWmVPcPBr9WDzFo,no,https://www.linkedin.com/in/aurasalla,,,"chatcontrol,csam,csam,privacy,csa",,,https://www.linkedin.com/feed/update/urn:li:activity:7360575751525494784,,326,416,3499,2559,19,114,1,395,411,,1760689172,1760689172,
7284372105490497536,7284372105490497536,"Schrödinger's Crime: AI-generated Child Sexual Abuse Material as a Victimless Offense (2024):
"" The emergence of fully AI-generated Child Sexual Abuse Material (CSAM) presents a novel and complex challenge to European Union (EU) legal frameworks. This thesis critically examines the adequacy of existing and proposed EU legislation in addressing AI-generated CSAM, with a focus on the 2024 Proposal for a Revised Directive on combating child sexual abuse. By analyzing the legal definitions of CSAM, the principle of harm, and the discretion afforded to EU Member States in criminalizing virtual CSAM, the study evaluates the implications of treating fully AI-generated CSAM as a criminal offense. Key challenges include the absence of direct victims, difficulties in distinguishing AI-generated content from real imagery, and the risks of overcriminalization. Through a doctrinal analysis of legal principles and legislative texts, this thesis seeks to clarify whether the criminalization of fully AI-generated CSAM can be justified within the boundaries of established EU legal norms, while also addressing practical enforcement concerns. The research concludes with recommendations on harmonizing EU laws to effectively regulate this emerging issue. """,2025-10-17 08:19:32,2025-10-17 08:19:32,9md.,no,in/christophe-bedeaux-52ab6122,Christophe Bedeaux,Assistant de recherche à temps partiel,,,no,https://www.linkedin.com/in/christophe-bedeaux-52ab6122,,,,,,https://www.linkedin.com/feed/update/urn:li:activity:7284372105490497536,https://studenttheses.uu.nl/handle/20.500.12932/48359,0,0,0,0,0,0,0,0,0,Nye indlæg i Intervention psychosociale au Québec,1760689172,1760689172,
7360554642021277696,7360554642021277696,"The EU: Your private messages won’t be private any longer. Did you read any Orwell yet? How far are you willing to let this go?

The European Union is considering a controversial proposal known as the ""Chat Control"" regulation, aimed at scanning private messages on digital platforms to combat child sexual abuse material (CSAM). This proposal has gained significant support, with 19 out of 27 EU member states backing it.

Key Features of the Proposal
Mandatory Scanning

📡 Scope: The law would require messaging apps like WhatsApp, Signal, and Telegram to scan all messages, photos, and videos before encryption.

Implementation Date: If approved, the scanning could start as early as October 2025.

Privacy Concerns
📱Erosion of Encryption: Critics argue that this law undermines end-to-end encryption, a crucial feature for user privacy.

📸 Mass Surveillance: The proposal has been described as a form of mass surveillance, potentially allowing for real-time monitoring of private conversations.

🐴 My take on this is the same as Musks. 
”This is a Trojan horse to mass surveillance”",2025-10-17 08:19:35,2025-10-17 08:19:35,2md.,no,in/hellstromriina,Riina Hellström,"Agile Enterprise Coach & #AgileHR pioneer | AI in HR #AIinHR | Agile HR author | Strategy, Transformations & Change | Founder of Agile HR Community | HR Keynote Speaker | Helsinki & London",,https://media.licdn.com/dms/image/v2/D4D03AQH0Gkv1JwcKtg/profile-displayphoto-shrink_100_100/profile-displayphoto-shrink_100_100/0/1718242802415?e=1762387200&v=beta&t=cP6WcT0R71SZ936mpcKzVCMLJXVaFVTG7qtl_OwXDJE,no,https://www.linkedin.com/in/hellstromriina,,,,,,https://www.linkedin.com/feed/update/urn:li:activity:7360554642021277696,,3,4,19,15,0,1,0,2,1,,1760689175,1760689175,
7288533518102454274,7288533518102454274,"“In my 20 years of being a reporter, I have rarely come across anything that feels so important – and yet so widely unnoticed. I’ve been following the attempt to create a Europe-wide apparatus that could lead to mass surveillance. The idea is for every digital platform – from Facebook to Signal, Snapchat and WhatsApp, to cloud and online gaming websites – to scan users’ communications.

This involves the use of technology that will essentially render the idea of encryption meaningless. The stated reason is to detect and report the sharing of child sexual abuse material (CSAM) on digital platforms and in their users’ private chats. But the implications for our privacy and security are staggering.

Since 2022, EU policymakers have attempted to push the legislation, called the regulation to prevent and combat child sexual abuse (better known as the CSAM regulation proposal), through. Similar attempts to introduce the tech in Britain via the online safety bill were abandoned at the 11th hour, with the UK government admitting it is not possible to scan users’ messages in this way without compromising their privacy.”

#Privacy #GDPR #dataprotection #CSAM #EUMassSurveillance 
 
Subscribe to EDPO's newsletter here: https://lnkd.in/dwK8sde
 
*This article was not written by EDPO. The opinions and views of the author(s) do not necessarily represent those of EDPO.

https://lnkd.in/e9wR-dgr",2025-10-17 08:19:35,2025-10-17 08:19:35,8md.,no,company/edpo/posts,EDPO (European Data Protection Office),74.264 følgere,,,no,https://www.linkedin.com/company/edpo/posts,,,"privacy,gdpr,dataprotection,csam,eumasssurveillance",,,https://www.linkedin.com/feed/update/urn:li:activity:7288533518102454274,https://www.theguardian.com/commentisfree/2025/jan/24/eu-digital-surveillance-child-protection,6,21,58,39,0,1,0,0,18,,1760689175,1760689175,
7207373722842714116,7207373722842714116,"Among EU files still in progress is the proposal to combat child sexual abuse.  The EC tabled a proposal to strengthen the fight against #CSAM by enlarging the scope of the crime definitions, ensuring more efficient investigations, strengthening crime prevention and victim protection. 

🎯 Member States discussed this week two key aspects of the proposal: 
1. Statutes of limitation. The general position of Council is for consistent rules across all EU criminal law but it recognizes that consistent regime needs to take into account some types of crimes and young age of victims. MS have to agree on whether long limitations of period should be provided for in the Directive.
2. #AI and #deepfakes. CSAM does not always involve real children but can reflect use of AI / deep-fakes. MS are still debating how this should be addressed from #criminallaw and justice cooperation perspective. 

⌛ The Council hopes to finalize its position late June with trilogue #negotiations possibly starting under the incoming Hungarian Presidency unless deprioritized as feared by many observers. 

🔗 https://lnkd.in/eRQtEaqM 

#lawenforcement #privacy Joe Jones Jedidiah Bracy Caitlin Fennessy Laura Pliauškaitė",2025-10-17 08:19:35,2025-10-17 08:19:35,1år,no,in/isabelleroccia,Isabelle Roccia (CIPP/E),"Managing Director, Europe - IAPP",,https://media.licdn.com/dms/image/v2/C4E03AQHHZC3zTSe_0g/profile-displayphoto-shrink_100_100/profile-displayphoto-shrink_100_100/0/1525849967119?e=1762387200&v=beta&t=GS6OWY0ViLX2jgirJ4tZqHVJYs34Sma3KFln7Ms4_1c,no,https://www.linkedin.com/in/isabelleroccia,,,"csam,ai,deepfakes,criminallaw,negotiations,lawenforcement,privacy",,,https://www.linkedin.com/feed/update/urn:li:activity:7207373722842714116,https://video.consilium.europa.eu/event/en/27510,0,0,6,6,0,0,0,0,0,,1760689175,1760689175,
7237739140274937856,7237739140274937856,"❗️The current proposal for the CSAM Regulation falls short in addressing child sexual abuse online and risks undermining secure communication for everyone. For two years, EU Member States have struggled to reach a common position on this issue, highlighting the complexity and divisiveness of the current approach. 

❗️The EU cannot legislate for technology that doesn’t exist, enables client-side scanning, or compromises end-to-end encryption. Such measures are technically flawed and raise significant concerns about privacy and fundamental rights. 

❎ Protecting children in the digital space is an absolute priority, but it requires effective and lawful measures, delivered by technically feasible methods.

❓Perhaps it is time to go back to the drawing board and consider a different approach. The Council should seriously consider this option that the Commission could withdraw the proposal. 

➡️ Right now we should focus on implementing existing tools, such as the DSA, to effectively remove illegal content. Going forward, the Commission should work closely with children’s rights groups, human rights advocates, and technical experts to create a legal framework to detect, report, and eliminate online child sexual abuse. This framework must be guided by the best available scientific and legal advice, prioritising the best interests of children in line with fundamental and human rights. Solutions should be targeted, lawful, and implementable.

❗️Any action involving private communications must be limited and proportionate. End-to-end encryption is crucial for information security and must not be weakened or compromised.

#CSAM
#ChatControl

https://lnkd.in/dxtTS6zp",2025-10-17 08:19:37,2025-10-17 08:19:37,1år,no,in/aurasalla,Aura Salla,"PhD, Member of the European Parliament, ITRE Committee, @Kokoomus @EPP",,https://media.licdn.com/dms/image/v2/D4D03AQHKGJHjzRW1xA/profile-displayphoto-shrink_100_100/profile-displayphoto-shrink_100_100/0/1715688157662?e=1762387200&v=beta&t=Az6s7lRQYuBAoKz7O0g-SUiN9JsbLWmVPcPBr9WDzFo,no,https://www.linkedin.com/in/aurasalla,,,"csam,chatcontrol",,,https://www.linkedin.com/feed/update/urn:li:activity:7237739140274937856,https://www.brusselstimes.com/eu-affairs/1209673/controversial-chat-control-back-on-eu-agenda-this-week,0,4,74,64,0,1,0,2,7,,1760689177,1760689177,
7365979836311302144,7365979836311302144,"Who is behind the #CHATCONTROL proposal? #US lobby - again. My translation from business journal #LIDER:

""BIRN (Balkan Investigative Reporting Network) investigated who is lobbying and who is the main driver of this controversial proposal back in 2023. As they wrote at the time, behind European Commission Commissioner Ylva Johansson and her proposal to combat online child sexual abuse (CSAM) stands a powerful and well-funded network of lobbyists and associations that, according to internal documents and statements from participants, had undue influence on policies that could change the internet as we know it.

BIRN states that in May 2022, Johansson sent a letter to the American organization Thorn, which was founded in 2012 by Ashton Kutcher and Demi Moore. Thorn is developing AI tools to identify CSAM, and the proposed regulation is designed to combat the spread of this content. In the letter, Johansson invited Thorn's CEO to 'help launch the proposal'. 
...

Although registered as a non-governmental organization, Thorn sells AI tools on the market, so the US Department of Homeland Security bought licenses for $4.3 million.

...

Criticism from the Netherlands
The Dutch organization Offlimits, Europe's oldest child sexual abuse hotline, has openly warned that the EU proposal could turn child protection into a profitable business for tech companies.

- Brussels listens too much to American associations that have their own market interests - said former Offlimits director Marietje Gerkens, adding that Johansson refused to meet with them, while regularly finding time for meetings with representatives of Silicon Valley.

The scientific community is also skeptical. Cryptographer Matthew Green from Johns Hopkins points out that European encryption experts did not participate in the drafting of the proposal, although Europe has them at the world level. In 2023, Apple publicly admitted that attempting CSAM scanning on devices was technically untenable without compromising privacy. Also, research from Imperial College additionally warns that scanning technology on devices could be misused, for example for facial recognition without the user's knowledge.

The proposal is currently in the final stages of the legislative process, with a planned vote in the European Council scheduled for 14 October 2025. According to information from Fight Chat Control, 15 EU Member States support the proposal, while 9 remain undecided and three oppose (Austria, the Netherlands and Poland). The final positions of the Member States are expected to be published on 12 September 2025, and if the proposal is adopted, the next step will be trilateral negotiations between the European Commission, the European Parliament and the Council of the EU to finalise the text of the law. According to some estimates, final adjustments and adoption could take place in late 2025 or early 2026.""

Reasercher and writer
Jozo Knez 

https://lnkd.in/e6tzQnEc

#fundamentalrights #CSAM",2025-10-17 08:19:37,2025-10-17 08:19:37,1md.,no,in/antonija-osojnik,"Antonija Hinckel Osojnik, LL.M.","IT & IP International Law/ Policy Analysis/ LL.M. European and Transnational Law of Intellectual Property and Information Technology, Göttingen University",,https://media.licdn.com/dms/image/v2/C4D03AQEkQids8YQxRg/profile-displayphoto-shrink_100_100/profile-displayphoto-shrink_100_100/0/1609582039545?e=1762387200&v=beta&t=TBVjq1DNB2IjQRjObzjwW3b1TGacu_fVA4-2e1UVnBg,no,https://www.linkedin.com/in/antonija-osojnik,,,"chatcontrol,us,lider,fundamentalrights,csam",,,https://www.linkedin.com/feed/update/urn:li:activity:7365979836311302144,https://lidermedia.hr/biznis-i-politika/tko-stoji-iza-plana-masovnog-nadzora-digitalne-komunikacije-u-europi/,2,0,14,13,0,0,0,1,0,,1760689177,1760689177,
7120099125580214274,7120099125580214274,I recently spoke with Tek.no (Norwegian only) about the EU's problematic CSAM Proposal along with my former colleague Luca Tosoni (now at the Norwegian Data Protection Authority) https://lnkd.in/daTgiVum,2025-10-17 08:19:37,2025-10-17 08:19:37,1år,no,in/peteraedavis,Peter Davis,"Postdoctoral Research Fellow, University of Copenhagen",,https://media.licdn.com/dms/image/v2/D4D03AQHVgZbY8zKlRQ/profile-displayphoto-shrink_100_100/profile-displayphoto-shrink_100_100/0/1696844233791?e=1762387200&v=beta&t=CMtAozCj9jG-_0Gte1MZsf8W-npMOx81atjqkSaFvkc,no,https://www.linkedin.com/in/peteraedavis,,,,,,https://www.linkedin.com/feed/update/urn:li:activity:7120099125580214274,https://www.tek.no/nyheter/nyhet/i/bgxvzl/eu-kan-forby-ende-til-ende-kryptering?utm_source=vgfront&utm_content=hovedlopet_row4_pos1&utm_medium=dre-652eb39873f1b609128ac6c1,0,1,46,45,0,0,0,0,1,,1760689177,1760689177,
7118530803755565056,7118530803755565056,"🌐 Navigating Privacy in a Complex World: My Reflections

In a world that sometimes feels unsettling and uncertain, it's crucial to reflect on the delicate balance between security and our fundamental freedoms. The recent weeks have seen significant discussions surrounding the EU 'Chatcontrol' proposal, a measure aimed at enhancing security by scrutinizing digital communications.

I've taken a closer look at these developments and penned down my reflections in a thought-provoking article. The proposal raises pertinent questions about privacy, surveillance, and the effectiveness of such measures.

Read my in-depth analysis and my firm stance on this issue. The world is indeed a challenging place, but it's essential to consider how we protect our core values and freedoms in the face of evolving threats.

Let's engage in a meaningful discussion about the future of privacy and security. Your insights and opinions matter. 🗨️

#Privacy #Security #DigitalPrivacy #Reflections #EUChatcontrol #Freedom",2025-10-17 08:19:38,2025-10-17 08:19:38,2år,no,in/angeliquedawnbringer,Angelique Dawnbringer,Digital Trust | Information & Cybersecurity Advisor,,https://media.licdn.com/dms/image/v2/C5603AQEQj2rcmB_-BQ/profile-displayphoto-shrink_100_100/profile-displayphoto-shrink_100_100/0/1646312986102?e=1762387200&v=beta&t=45Mxdr9zBQQs1HKKE2VsXye5CXSLTD_Lc8T3-bYu4DA,no,https://www.linkedin.com/in/angeliquedawnbringer,,,"privacy,security,digitalprivacy,reflections,euchatcontrol,freedom",https://media.licdn.com/dms/image/v2/D4D12AQHmPkgDdULyHQ/article-cover_image-shrink_600_2000/article-cover_image-shrink_600_2000/0/1697189682763?e=1762387200&v=beta&t=6QW78ffPfKfBOpg4EwUi5Nx43hooGbGzE3zds226oKc,,https://www.linkedin.com/feed/update/urn:li:activity:7118530803755565056,https://www.linkedin.com/pulse/reflecting-eu-chatcontrol-proposal-angelique-dawnbringer?trackingId=mL5iD0%2FxRjK39xF8dmESPA%3D%3D,1,2,28,20,0,3,0,0,5,,1760689178,1760689178,
7364570682120122368,7364570682120122368,"What is your view on the resurrection of the controversial law ChatControl 2.0? 

As of August 2025, the #ChatControl EU law—formally a proposal to combat child sexual abuse material (CSAM) online—is back under serious consideration, with a potential vote scheduled for October 14, 2025.

Denmark, which assumed the EU Council Presidency on July 1, 2025, has reintroduced the controversial bill as a top legislative priority. The proposal would require messaging services (including encrypted ones like WhatsApp, Signal, and ProtonMail) to scan user communications for CSAM, even before encryption—known as client-side scanning.

The proposal is part of a wider EU strategy called ProtectEU, which aims to enable law enforcement to decrypt private data by 2030.

Here is a what Joakim Söderberg and I had to say about this almost two years ago on behalf of DFRI. My part is in English and the rest is in Swedish.

https://lnkd.in/depp9i5R
#dfri",2025-10-17 08:19:38,2025-10-17 08:19:38,1md.,no,in/karenlindalawrence,Karen Lawrence,"GDPR, AI, cybersecurity, author, speaker",,https://media.licdn.com/dms/image/v2/D4D03AQGt0HOLUFuneQ/profile-displayphoto-scale_200_200/B4DZgZy_dLGgAc-/0/1752779455395?e=1762387200&v=beta&t=GJCYYRRXrWN5Pfg46na8oDsgJ4fL7jqygUcFWHAjS4g,no,https://www.linkedin.com/in/karenlindalawrence,,,"chatcontrol,dfri",,,https://www.linkedin.com/feed/update/urn:li:activity:7364570682120122368,https://play.dfri.se/w/hbFEjeENt1FzWXTTrixaSU,2,2,11,10,0,0,0,0,1,,1760689178,1760689178,
7360942815373148160,7360942815373148160,"Take action to stop #ChatControl #CSAM now!

On 12 December 2024 we managed once again to stop the unprecedented chat control plan by a narrow “blocking minority” of #EU governments. 

But governments agree that they want to find a solution and pursue the proposal. 

Currently the #DanishPresidency has made a proposal which they plan to be adopted on 14 October 2025.

Several formerly opposed governments such as France have already given up their opposition. Several still critical governments are only asking for small modifications (e.g. searching for “known content” only or excluding end-to-end encryption) which would still result in mass searches and leaks of our private communications. The position of the new German government has not yet been decided.

That is why we now need to get involved and raise our voices to our governments and raise awareness in the wider population.

→ Previously supportive governments must be convinced to change their minds

→ Critical governments need to be pushed to demand comprehensive changes, as proposed by the #EuropeanParliament, and not just minor changes to the proposal.

In the absence of such fundamental revision, the proposal should be rejected altogether!",2025-10-17 08:19:38,2025-10-17 08:19:38,2md.,no,in/williammilisic,William Milisic,People & Product Leader | cloudcloud.dev,,https://media.licdn.com/dms/image/v2/C4D03AQG9TyX7uc7Kaw/profile-displayphoto-shrink_100_100/profile-displayphoto-shrink_100_100/0/1668020617113?e=1762387200&v=beta&t=oYH56Wg_C3lz6SuABk7b9HdQekfRcWC67qA-s4pO-4w,no,https://www.linkedin.com/in/williammilisic,,,"chatcontrol,csam,eu,danishpresidency,europeanparliament",,,https://www.linkedin.com/feed/update/urn:li:activity:7360942815373148160,,0,1,7,6,0,0,0,1,0,,1760689178,1760689178,
7346060250153709568,7346060250153709568,"The CSAM battle continues. Denmark is proposing to force messaging platforms to scan their services for child sexual abuse material, according to a document seen by POLITICO.

The Danish proposal comes on its first day presiding over meetings of the Council of the EU. It proposes including so-called detection orders, which would force messaging companies like WhatsApp and Signal to scan their services for child sexual abuse material (CSAM), in the draft wording of the legislation.

For pros: https://lnkd.in/ecNB-Q22",2025-10-17 08:19:41,2025-10-17 08:19:41,3md.,no,in/sam-clark-49305139,Sam Clark,Cybersecurity reporter at POLITICO,,https://media.licdn.com/dms/image/v2/C5603AQEOrCWIWwIO1g/profile-displayphoto-shrink_100_100/profile-displayphoto-shrink_100_100/0/1548109122164?e=1762387200&v=beta&t=V02K_xhlpEWpUJkR8kXu7fKIPjpd624098-zbbQgiuI,no,https://www.linkedin.com/in/sam-clark-49305139,,,,,,https://www.linkedin.com/feed/update/urn:li:activity:7346060250153709568,https://pro.politico.eu/news/201192,0,2,18,18,0,0,0,0,0,,1760689181,1760689181,
7238429360750264322,7238429360750264322,"Resistance to Hungarian presidency’s new push for child sexual abuse prevention regulation - because it's a draconian spying law asking for 100% coverage of digital comms - Resistance to the Hungarian presidency’s approach to the EU’s draft law to combat online child sexual abuse material (CSAM) was still palpable during a member states’ meeting on Wednesday (4 September).

The Hungarian presidency of the Council of the EU aims to secure consensus on the proposed law to combat online child sexual abuse material (CSAM) by October, according to an EU diplomat and earlier reports by Politico.

Hungary has prepared a compromise note on the draft law, also reported by Contexte.

The note, presented at a meeting of ambassadors on Wednesday, seeks political guidance to make progress at the technical level, the EU diplomat told Euractiv.

With the voluntary regime expiring in mid-2026, most member states agree that urgent action is needed, the diplomat continued.

But some member states are still resistant to the Hungarian’s latest approach.

The draft law to detect and remove online child sexual abuse material (CSAM) was removed from the agenda of Thursday’s (20 June) meeting of the Committee of Permanent Representatives (COREPER), who were supposed to vote on it.

Sources close to the matter told Euractiv, that Poland and Germany remain opposed to the proposal, with smaller member states also voicing concerns, potentially forming a blocking minority.

Although France and the Netherlands initially supported the proposal, the Netherlands has since withdrawn its support, and Italy has indicated that the new proposal is moving in the right direction.

As a result, no agreement was reached to move forward.

Currently, an interim regulation allows companies to voluntarily detect and report online CSAM. Originally set to expire in 2024, this measure has been extended to 2026 to avoid a legislative gap, as the draft for a permanent law has yet to be agreed.

Hungary is expected to introduce a concrete textual proposal soon. The goal is to agree on its general approach by October, the EU diplomat said, a fully agreed position among member states which serves as the basis for negotiations with the European Parliament.

Meanwhile, the European Commission is preparing to send a detailed opinion to Hungary regarding the draft law, expected by 30 September, Contexte reported on Wednesday.

In the text, the presidency also suggested extending the temporary exemption from certain provisions of the ePrivacy Directive, which governs privacy and electronic communications, for new CSAM and grooming.

Source: Resistance lingers to Hungarian presidency’s new push for child sexual abuse prevention regulation – Euractiv

See also:

The EU Commission’s Alleged CSAM Regulation ‘Experts’ giving them free reign to spy on everyone: can’t be found. OK then.

EU delays decision over continuous spying on all your ...",2025-10-17 08:19:41,2025-10-17 08:19:41,1år,no,in/robine,Robin Edgar,Commissioner on Professional Fields,,https://media.licdn.com/dms/image/v2/C4E03AQHUjT0wfTcNag/profile-displayphoto-shrink_100_100/profile-displayphoto-shrink_100_100/0/1516322400433?e=1762387200&v=beta&t=oXeBntoX3LVomCUtBio39Clo2GHIoIDRPW4v7K-2b_M,no,https://www.linkedin.com/in/robine,,,,,,https://www.linkedin.com/feed/update/urn:li:activity:7238429360750264322,https://www.linkielist.com/global-domination/privacy/resistance-to-hungarian-presidencys-new-push-for-child-sexual-abuse-prevention-regulation-because-its-a-draconian-spying-law-asking-for-100-coverage-of-digital-comms/,0,0,0,0,0,0,0,0,0,,1760689181,1760689181,
7372369043392978944,7372369043392978944,"Is this a valid attempt to combat #csam or an assault on #privacy? Would external companies operating in #europe comply or cede the market? Who would provide the #framework for such an undertaking? China, perhaps?  On a good note, #germany has joined the #opposition (https://lnkd.in/eFwjqS4b)

Although this was a 2022 #proposal, discussions continue, which begs the question, how long until a measure like this moves westward to the #us?
#europeanunion #eu #childsafety #online #socialmedia #communication #chatcontrol #civilliberties #righttoprivacy
https://lnkd.in/esY-N9zH",2025-10-17 08:19:41,2025-10-17 08:19:41,1md.,no,in/john-h-marshall,John Marshall,"OSINT SME & Manager; Trusted Leader; TS/SCI w/ Polygraph; National Security, All-Source Intelligence, HUMINT, Cyber Threat, Geopolitics, and CI",,https://media.licdn.com/dms/image/v2/D4E03AQEU9yzuJuHodw/profile-displayphoto-shrink_100_100/profile-displayphoto-shrink_100_100/0/1708300883383?e=1762387200&v=beta&t=udphIpsuLN3Y1PjpV_Ihq9aDwVvcfaXtdActjIHf2Uk,no,https://www.linkedin.com/in/john-h-marshall,,,"csam,privacy,europe,framework,germany,opposition,proposal,us,europeanunion,eu,childsafety,online,socialmedia,communication,chatcontrol,civilliberties,righttoprivacy",,,https://www.linkedin.com/feed/update/urn:li:activity:7372369043392978944,https://cybernews.com/security/chat-control-eu-scanning-messages/,2,0,7,6,0,0,0,0,1,,1760689181,1760689181,
7351170873996865538,7351170873996865538,"We had an exchange of views this morning with Caroline Stage Olsen Danish Minister for Digital Affairs. 

☝️ I raised my concerns about the heavy regulation burden we have created in the digital field in the EU. And now I’m even more worried. 👉

I asked her, can I count on the Danish Presidency to hold the Commission accountable that they will not propose anything new on Digital Fairness Act or Digital Networks Act? 

👉 Olsen replied that she expects and supports more regulation.❗️

I asked her view on reopening the data flows agreement with the US since the US has clearly violated the agreement negotiated be the EU and the US? 

‼️ She did not know what I asked or what is the data flows agreement. Yes, this is in the hands of the Commission now but as a digital minister she should be an opinion leader on how we let the US companies to handle our data.

The last question was about the CSAM regulation, which is of course led by Justice Ministers but also as a digital lead, she should have a strong view. She did not even answer. 
 
❗️My worry is that Denmark will push forward the CSAM regulation with a proposal that could break the encryption or introduce client side scanners on our messaging services. 

#data
#digital
#privacy
#CSAM
#dataflows",2025-10-17 08:19:42,2025-10-17 08:19:42,3md.,no,in/aurasalla,Aura Salla,"PhD, Member of the European Parliament, ITRE Committee, @Kokoomus @EPP",,https://media.licdn.com/dms/image/v2/D4D03AQHKGJHjzRW1xA/profile-displayphoto-shrink_100_100/profile-displayphoto-shrink_100_100/0/1715688157662?e=1762387200&v=beta&t=Az6s7lRQYuBAoKz7O0g-SUiN9JsbLWmVPcPBr9WDzFo,no,https://www.linkedin.com/in/aurasalla,,,"data,digital,privacy,csam,dataflows",,https://media.licdn.com/dms/image/v2/D4D05AQGVq1EuOkVVWw/videocover-low/B4DZgSa5sDHwCE-/0/1752655708322?e=1761296400&v=beta&t=d-KtV9UMBk9u-oX2JRPxof64aTPhTW98AFgOJL-L_GA,https://www.linkedin.com/feed/update/urn:li:activity:7351170873996865538,,17,4,137,101,1,1,0,7,27,,1760689182,1760689182,
7361373653151694848,7361373653151694848,"Under Denmark’s presidency, the EU Council is pushing the “chat control” proposal (CSAM), which would mandate that authorities scan all private photos and messages for child sexual abuse material. While the measure is intended to combat child sexual abuse and catch pedophiles online, it would effectively break end-to-end encryption on devices, exposing personal and sensitive data from millions of EU citizens. Every message, photo, and file would be automatically scanned, without consent or suspicion.

Although this law may stem from a noble intention, it would violate fundamental rights to privacy and data protection, while creating an opportunity for governments to implement mass surveillance.

""We need to ask ourselves, at the end of the day, whose privacy is it that we're mostly concerned with? Is it the privacy of the thousands of children being sexually abused? Or is it the privacy of ordinary people who may be or may not be if they share child sexual abuse content can be protection order against what they're sharing (sic). We need to compromise on these differing views”.

https://lnkd.in/ebQYkVPt",2025-10-17 08:19:42,2025-10-17 08:19:42,2md.,no,in/alejandro-correa-rojo-5a4b8a146,Alejandro Correa Rojo,PhD Student en UHasselt y VITO,,https://media.licdn.com/dms/image/v2/D4E03AQFXIpc_QDLOtg/profile-displayphoto-shrink_100_100/profile-displayphoto-shrink_100_100/0/1700143598065?e=1762387200&v=beta&t=c4ytO45S4GEqycrky8zPcFVSReJLEvc5QhMFnmLDBsI,no,https://www.linkedin.com/in/alejandro-correa-rojo-5a4b8a146,,,,,,https://www.linkedin.com/feed/update/urn:li:activity:7361373653151694848,http://www.euronews.com/next/2025/08/08/return-of-chat-control-something-is-rotten-in-the-state-of-denmark,0,1,3,1,0,1,0,1,0,,1760689182,1760689182,
7251485280031895553,7251485280031895553,"The European Union’s controversial proposal to scan private messages for child sexual abuse material (CSAM) ignites a fierce debate over the delicate balance between protecting vulnerable children and preserving individual privacy. With alarming statistics indicating that an estimated 60 children are exploited online every minute, the urgency for effective measures is clear. 

However, the implications of mass surveillance raise critical ethical questions.
Advocates argue that the proposal is essential for combating the alarming rise of CSAM shared through encrypted messaging platforms. By implementing AI-based technologies to detect both known and unknown CSAM, the EU aims to create a safer online environment for children. Yet, privacy advocates caution that the proposed scanning could lead to invasive government surveillance, erode the fundamental right to privacy, and expose innocent users to potential harm through false positives.
As the debate unfolds, the world watches closely. Can society truly protect its most vulnerable members without infringing on the freedoms of all? The answer remains uncertain, as stakeholders grapple with the pressing need for child protection against the imperatives of privacy and security in an increasingly digital age.",2025-10-17 08:19:42,2025-10-17 08:19:42,1år,no,in/aminullah-abdul-azeez-174630222,Aminullah Abdul Azeez,Mobile App Developer (Flutter & Dart) | Web Developer | ICT Instructor | Software Engineer,,https://media.licdn.com/dms/image/v2/D5603AQG1gpgNR72L_A/profile-displayphoto-shrink_100_100/profile-displayphoto-shrink_100_100/0/1704819798671?e=1762387200&v=beta&t=KXd3dPJZBFZkRSm9t--DdT2KO55mDMitByF2TsvjXXk,no,https://www.linkedin.com/in/aminullah-abdul-azeez-174630222,,,,,,https://www.linkedin.com/feed/update/urn:li:activity:7251485280031895553,https://lenientpro.com.ng/technology-vs-child-protection/,0,0,3,3,0,0,0,0,0,,1760689182,1760689182,
7373281864624656385,7373281864624656385,"Newsletter Monday: 
This week, we are taking a closer look at the EU’s proposed “Chat Control” regulation, which would require providers of messaging and email services to scan private communications—including encrypted chats—for child sexual abuse material. As this controversial proposal moves towards a key vote after Member States finalized their positions, we examine its implications for privacy, encryption, and digital security across Europe.",2025-10-17 08:19:44,2025-10-17 08:19:44,1md.,no,company/nordcc/posts,Norwegian Dutch Chamber of Commerce,563 følgere,,,no,https://www.linkedin.com/company/nordcc/posts,,,,https://media.licdn.com/dms/image/v2/D4E12AQHThNXt6fYTDA/article-cover_image-shrink_180_320/B4EZlMm35qGcAY-/0/1757926885345?e=1762387200&v=beta&t=Iji6I4WK3KT6HLRWT9iUUr9B0jBt3tlIppaqsUqtgQw,,https://www.linkedin.com/feed/update/urn:li:activity:7373281864624656385,https://www.linkedin.com/pulse/eus-chat-control-proposal-privacy-vs-protection-nordcc-3ugde?trackingId=FOSgCGfbRRmOn9iSpy0oXw%3D%3D,0,0,5,5,0,0,0,0,0,,1760689184,1760689184,
7346534040465735680,7346534040465735680,"Denmark has begun its six-month term as chair of EU policy discussions on July 1 with a renewed push to force online messaging platforms such as Meta Platforms’ WhatsApp, Signal, and others to scan for child sexual abuse material on their platforms.

The Danish draft will first be discussed by representatives of EU member states on July 11. Denmark has asked member states to come prepared with their questions and preliminary positions on the proposal, an EU source told MLex. The Danes aim to secure an agreement at the justice and home affairs council meeting scheduled for Oct. 13 and 14, the EU source said.

But unless there's a break in the impasse over the balance between safeguarding children online and protecting digital privacy, it is likely that these companies will be allowed to continue taking a voluntary approach to monitoring for CSAM when rules expire in April 2026.

During upcoming negotiations, eyes could be on Germany, as its position under the new government could change. Moreover, Belgium and Austria have recently formed new governments, and the Dutch government collapsed; changes that could potentially alter member states' positions on the CSAM law.

Story with Sara Brandstätter on MLex.",2025-10-17 08:19:44,2025-10-17 08:19:44,3md.,no,in/julia-tar,Júlia Tar,Data Privacy and Security Reporter at MLex,,,no,https://www.linkedin.com/in/julia-tar,,,,,,https://www.linkedin.com/feed/update/urn:li:activity:7346534040465735680,,1,3,31,28,0,0,0,0,3,,1760689184,1760689184,
7204120640579104768,7204120640579104768,"CDT EU & dozens of other organizations, companies, & cybersecurity experts released a joint letter highlighting the threat posed to encryption by the latest “compromise” proposal from the EU presidency on the proposed EU Regulation on Child Sexual Abuse.  

Members of the GEC organized the letter, which criticizes the proposal’s mandate for mass ""upload moderation,"" likening it to previous client-side scanning approaches seen in earlier versions of this regulation. 

The proposal requires scanning images and videos that users upload to detect child sexual abuse material (CSAM). This scanning would occur at the upload point, undermining the privacy of end-to-end encrypted services. 

As stated in the joint letter, compelled scanning at upload points, combined with mandatory reporting of suspected CSAM, compromises user privacy, fails to halt the spread of CSAM, and creates cybersecurity vulnerabilities. 

Users would need to consent to such scanning to use online services, but this consent wouldn’t be freely given, violating EU law. We urged Ministers in the Council of the European Union to reject this flawed compromise proposal. 

Alongside the joint letter, CDT Europe released a detailed briefing document on this proposal from the EU presidency on the proposed CSAM regulation.

Details below: https://lnkd.in/eY8YjSmJ #Encryption #Privacy #Cybersecurity  #CDTEurope #EURegulation",2025-10-17 08:19:44,2025-10-17 08:19:44,1år,no,company/center-for-democracy-&-technology/posts,Center for Democracy & Technology,25.575 følgere,,,no,https://www.linkedin.com/company/center-for-democracy-&-technology/posts,,,"encryption,privacy,cybersecurity,cdteurope,euregulation",,,https://www.linkedin.com/feed/update/urn:li:activity:7204120640579104768,https://cdt.org/insights/briefing-document-on-the-latest-belgian-presidencys-proposal-on-the-regulation-on-child-sexual-abuse-material/,0,1,0,0,0,0,0,0,0,,1760689184,1760689184,
7371961708141203456,7371961708141203456,"Tomorrow, #EUCouncil members are asked to share their final position on the controversial child sexual abuse (CSAM) scanning bill, which could soon introduce new obligations for all messaging services operating in Europe to scan users' chats – even if they're encrypted.

It's been a long ride, started in May 2022, when the EU Commission first unveiled its Child Sexual Abuse Regulation #CSAR proposal. The goal is ambitious – to make the online environment safer for kids. Yet, the proposed system for how to do that, meaning the scanning of private messages, has sparked a strong debate among political ranks and the tech industry alike.

Three years after failing to reach an agreement, the Danish Presidency unveiled the latest iteration of what's become known as #ChatControl on July 1, 2025. For the first time, lawmakers appear to be close to getting the majority of countries on board, with 15 countries already publicly supporting the proposal, 8 are against, and only 4 are still undecided.

Yet, digital rights experts and technologists are still warning against the risks of agreeing to the proposal in its current form, with an open letter already attracting over 500 signatories among cryptographers since Tuesday. Concerns include the weakening of crucial #encryption protections, which could ultimately lead to #privacy violations and #security flaws. An invasive system that some experts believe to be largely ineffective in really halting these crimes.

But how did we get here? And, most importantly, what's at stake if mandatory scanning of all our private chats finally becomes law? I tried to bring some clarity https://lnkd.in/gPn9b6JD",2025-10-17 08:19:46,2025-10-17 08:19:46,1md.,no,in/chiaracaterina-castro,Chiara Castro,"Digital Rights Journalist | Digital Privacy, Internet Censorship, Tech Policies",,https://media.licdn.com/dms/image/v2/D4E03AQHaKT4iLlF36Q/profile-displayphoto-shrink_100_100/B4EZT.8tHVHUAU-/0/1739444114438?e=1762387200&v=beta&t=f-2StORnBEk-Dsdm9OeFuQZWFa39Ce5ljevAmS0cIQw,no,https://www.linkedin.com/in/chiaracaterina-castro,,,"eucouncil,csar,chatcontrol,encryption,privacy,security",,,https://www.linkedin.com/feed/update/urn:li:activity:7371961708141203456,https://www.techradar.com/vpn/vpn-privacy-security/the-eu-has-never-been-closer-to-agreeing-on-the-scanning-of-your-private-chats-but-how-did-we-get-here,0,2,15,13,0,0,0,0,2,,1760689186,1760689186,
7151137399618617344,7151137399618617344,"#Impact 
Investigation funded by European Journalism Centre (EJC) through #IJ4EU unveils astonishing links: Ashton Kutcher's Thorn tied to top EU officials crafting CSAM proposal 🧐

In September, freelance journalists and recipients of IJ4EU grants, Giacomo Zandonini, Ludek Stavinoha, and Apostolis Fotiadis, released The Data Trap, exposing a complex network of interests and affiliations supporting the European Union's proposed legislation on child sexual abuse material (CSAM). 

Through meticulous research involving freedom-of-information requests, leaked documents, and insider access, the investigation unveiled connections and financial pathways linking high-ranking EU officials involved in the CSAM proposal to influential interest groups. Notably, Thorn, a US-based organization championing AI technology for internet cleansing, emerged as a key player. Founded by Hollywood star Ashton Kutcher, he became the prominent face of a well-funded campaign endorsing the CSAM proposal. https://lnkd.in/eR8yPubk

During a LIBE hearing on October 25, 2023, journalist Ludek Stavinoha actively participated in the Civil Liberties Committee of the European Parliament. Just recently, the EU Ombudsman confirmed the initiation of an investigation into potential conflicts of interest involving two former Europol officials who joined Thorn, the child protection organization founded by Ashton Kutcher. This development was reported by Euractiv two days ago.
#impactstories #investigation #journalism",2025-10-17 08:19:46,2025-10-17 08:19:46,1år,no,in/verapeneda,Vera Penêda,Director of Programmes & Impact at European Journalism Centre (EJC),,https://media.licdn.com/dms/image/v2/D4E03AQGgoY5w6WZW5A/profile-displayphoto-shrink_100_100/profile-displayphoto-shrink_100_100/0/1713087464128?e=1762387200&v=beta&t=TMLI7MGgc2IItPnZ_02q4M2TpnefKFk1NEb_yPHmCsk,no,https://www.linkedin.com/in/verapeneda,,,"impact,ij4eu,impactstories,investigation,journalism",,,https://www.linkedin.com/feed/update/urn:li:activity:7151137399618617344,https://www.investigativejournalismforeu.net/projects/the-data-trap/,0,1,22,14,3,3,0,0,2,,1760689186,1760689186,
7201949902006837248,7201949902006837248,"This week I was impressed by the open letter by a list of top scientists and technologists in the field discussing the EU proposal that would mandate messaging apps to scan all private communications for potential child sexual abuse material (CSAM) and grooming activities.

It is refreshing to see experts in the field push back on the proposal in a calm-headed manner, and to see everyone negotiating in good faith.

Link to the story: https://lnkd.in/dDeF23Gq

Link to the open letter PDF (on a public NextCloud instance on the domain of Max Plank Institute for Security and Privacy): https://lnkd.in/dEW7T3Ev

#CyberSecurity #EU #Policy #Law #Regulation #DataProtection #Privacy #CSAM",2025-10-17 08:19:46,2025-10-17 08:19:46,1år,no,in/oussjarrousse,Oussama Jarrousse,Dr.-Ing. | R&D | Science | Systems Architect | DevOps | Information Security | Startups | Management,,https://media.licdn.com/dms/image/v2/C5603AQHH8be7o5xoKA/profile-displayphoto-shrink_100_100/profile-displayphoto-shrink_100_100/0/1633613682681?e=1762387200&v=beta&t=mTeH51BphuVoV-yilf4HWvKkkx6yWeeFiszxXVSzuZQ,no,https://www.linkedin.com/in/oussjarrousse,,,"cybersecurity,eu,policy,law,regulation,dataprotection,privacy,csam",,,https://www.linkedin.com/feed/update/urn:li:activity:7201949902006837248,https://techcrunch.com/2024/05/02/eu-csam-scanning-council-proposal-flaws/,0,1,12,10,1,1,0,0,0,,1760689186,1760689186,
7357113894818992128,7357113894818992128,"🇪🇺 

1. The EU is moving toward adopting its Chat Control Act by 14 October, aiming to require AI tools to scan both private and public group chats for child sexual abuse material (CSAM). The proposal goes beyond the UK’s Online Safety Act and Australia’s recent social media restrictions for teenagers.

2. The act would mandate age verification, teen bans, and AI scanning tools that automatically report detected material to police. Critics warn this would effectively end end to end encryption in the EU, as compliant apps would have to break encryption or face shutdowns.

3. False positives are a major concern, with existing CSAM hashing tools producing incorrect matches in up to one‑fifth of flagged content. Internet providers would also be required to block certain non‑EU URLs on request from national authorities.",2025-10-17 08:19:47,2025-10-17 08:19:47,2md.,no,company/rudra-exhibit-production/posts,Rudra Exhibit & Production,327 følgere,,,no,https://www.linkedin.com/company/rudra-exhibit-production/posts,,,,,,https://www.linkedin.com/feed/update/urn:li:activity:7357113894818992128,,0,1,2,2,0,0,0,0,0,,1760689187,1760689187,
7246845704923484160,7246845704923484160,"Of note for (government) people outside of The Netherlands. The Dutch security and intelligence service AIVD has advised the Dutch government that the EU ""Chatcontrol"" #CSAM proposal is too big a risk for our cyber resilience. Other countries are still on the fence, and they might be swayed by the Dutch intel service statement: ""Introducing a scanning application on every mobile phone, with its associated infrastructure and management solutions, leads to an extensive and very complex system. Such a complex system grants access to a large number of mobile devices & the personal data thereon. The resulting situation is regarded by AIVD as too large a risk for our digital resilience (...) Applying detection orders to providers of end-to-end encrypted communications entails too large a security risk for our digital resilience"". 
Source: https://lnkd.in/exQdSN3n (check 'bijlage').",2025-10-17 08:19:47,2025-10-17 08:19:47,1år,no,in/bert-hubert-b05452,Bert Hubert,"Researcher, advisor, publicist, geek",,https://media.licdn.com/dms/image/v2/C5603AQEEar3C-HhFog/profile-displayphoto-shrink_100_100/profile-displayphoto-shrink_100_100/0/1617292109262?e=1762387200&v=beta&t=NRlf-fcbXznpuQSmLAyz9s5IELr8NS5IA3fl8kkKPjc,no,https://www.linkedin.com/in/bert-hubert-b05452,,,csam,,,https://www.linkedin.com/feed/update/urn:li:activity:7246845704923484160,,16,99,407,334,4,8,1,17,43,,1760689187,1760689187,
7123358806591291393,7123358806591291393,"The #EU faces a contentious issue regarding a proposed #regulation for scanning platforms to detect #child #sexualabuse material (CSAM). Initially, the proposal raised significant #privacy concerns by suggesting widespread scanning of all private messages. 

In response, MEPs have revised the draft, advocating for a more targeted approach. This revised plan focuses on scanning only when there's suspicion of CSAM involvement, sparing general users from indiscriminate monitoring. Furthermore, it exempts platforms with end-to-end #encryption from these scanning requirements, a move aimed at preserving privacy and #digitalsecurity. 

📌The revised proposal reflects a concerted effort to strike a balance between effectively combating CSAM and safeguarding fundamental rights like privacy and #freedomofexpression. 

🔗The path forward involves securing approval from the #EUParliament. However, the critical factor lies in the Council and Commission's acceptance of these revisions. 

📌 The overarching challenge remains: finding a harmonious equilibrium between rigorous CSAM prevention measures and the protection of individual rights and liberties. 

https://lnkd.in/dVJMEbdt",2025-10-17 08:19:47,2025-10-17 08:19:47,1år,no,in/malak-trabelsi-loeb-872289137,Malak Trabelsi Loeb,"Legal strategist and founder shaping quantum, AI, and space innovation. NATO SME. Driving high-stakes legal frameworks across national security, tech transfer, and policy at the frontier of sovereign systems 🇦🇪🇪🇺🇧🇪",,https://media.licdn.com/dms/image/v2/D4D03AQEFjJ8vQLB6tQ/profile-displayphoto-scale_100_100/B4DZe7raCbG8Ag-/0/1751200409202?e=1762387200&v=beta&t=Rp_8a5e6IYI5f0a6jtrER0jOMMaSq6uRb49Q5_GhAos,no,https://www.linkedin.com/in/malak-trabelsi-loeb-872289137,,,"eu,regulation,child,sexualabuse,privacy,encryption,digitalsecurity,freedomofexpression,euparliament",,,https://www.linkedin.com/feed/update/urn:li:activity:7123358806591291393,https://techcrunch.com/2023/10/26/eu-lawmakers-agree-on-key-detection-limits-in-controversial-csam-scanning-file/,16,1,18,16,1,0,1,0,0,,1760689187,1760689187,
7264712946654609409,7264712946654609409,"Online child sexual abuse materials (#CSAM) and grooming practices (manipulation aimed at exploiting and abusing people), now increasingly targeting younger children, have been proliferating at an alarming rate. In response to this situation, on 11 May 2022 the European Commission adopted a proposal for long-term rules to prevent and combat child abuse. The #Commission proposal would require interpersonal communication services, such as #webmail messaging services and #internet telephony, as well as others, to #proactively detect online CSAM materials and activities involving child grooming. However, this poses many concerns regarding #privacy, #security and law enforcement investigations. The proposal also provides for the establishment of an EU centre to support the implementation and supervision of the new rules. In the European Parliament, the file has been assigned to the Committee on Civil Liberties, Justice and Home Affairs (#LIBE). Parliament adopted the LIBE report at first reading on 22 November 2023, along with the committee recommendation to enter into interinstitutional negotiations. The Council is still working on its common position under the Hungarian Presidency, where a blocking minority of countries persists. 

Briefing on this really important issue",2025-10-17 08:19:49,2025-10-17 08:19:49,10md.,no,in/afroditi-kousouni-77897a11,Afroditi Kousouni,"Lawyer, LLM, Dr. jur. (Hellenic Authority for Communication Security and Privacy), Privacy, Cybersecurity, New Technologies, Telecommunications, TMT",,https://media.licdn.com/dms/image/v2/D4D03AQEOxNgMGn-q9g/profile-displayphoto-shrink_800_800/B4DZQMHSVdHMAc-/0/1735370025338?e=1762387200&v=beta&t=YpF5GHu_LWAyBf3ykxBK5LJVnFgujbPOKXoemHQcLD0,no,https://www.linkedin.com/in/afroditi-kousouni-77897a11,,,"csam,commission,webmail,internet,proactively,privacy,security,libe",,,https://www.linkedin.com/feed/update/urn:li:activity:7264712946654609409,,0,7,15,13,1,0,0,0,1,,1760689189,1760689189,
7371943433617371136,7371943433617371136,"As someone who has worked in software architecture and secure systems for decades, I’ve been following the EU’s proposed “Chat Control” regulation with great concern.

At first glance, the goal sounds noble: combatting the distribution of child sexual abuse material (CSAM). But when you look closer at the mechanics, it becomes clear that this approach is not only flawed - it risks doing real harm.

🔎 Why?

- Weakens Encryption: Mandating the scanning of all private communications - including end-to-end encrypted messages - breaks the very foundation of secure communication. Once encryption is undermined, it’s not just abusers who lose privacy - it’s every citizen, journalist, lawyer, and business.

- Ineffective Against CSAM: Those who already operate in hidden networks will simply shift to tools outside the regulated scope. Meanwhile, law-abiding citizens will see their data exposed and misclassified by error-prone detection systems.

- Erodes Trust in Digital Infrastructure: Once governments normalize mass scanning, rolling it back becomes nearly impossible. The EU should be leading the world in protecting privacy, not setting a precedent for surveillance.

👥 Germany and several other EU member states have now opposed or expressed neutrality toward the proposal. That matters. But pressure remains high, and citizens’ voices are essential.

💡 There is a better path: investing in targeted law enforcement resources, international cooperation, and education - without eroding the fundamental right to private communication.

If “Chat Control” passes, it will not truly protect children. It will, however, erode privacy and security for all Europeans.

👉 Learn more and take action here: https://www.chatcontrol.eu

#Privacy #Cybersecurity #EU #HumanRights #ChatControl",2025-10-17 08:19:49,2025-10-17 08:19:49,1md.,no,in/berini,Berin Iwlew,Bootstrap Founder | Software/Solutions Architect | 25+ Years Professional Experience | 20+ Years .NET/C# | Product Owner | SaaS & E-Commerce Solutions | Full-Stack | AI Engineering | Quantum Computing Enthusiast,,https://media.licdn.com/dms/image/v2/D4D03AQEvqmU-u33-ew/profile-displayphoto-scale_100_100/B4DZjWEm0CHYAc-/0/1755938195320?e=1762387200&v=beta&t=aejbOcMjA78Tq5WpevgCathKdYNAJFujR1PHciJ8BhE,no,https://www.linkedin.com/in/berini,,,"privacy,cybersecurity,eu,humanrights,chatcontrol",,,https://www.linkedin.com/feed/update/urn:li:activity:7371943433617371136,,84,149,942,750,7,20,0,93,72,,1760689189,1760689189,
7292965467231543300,7292965467231543300,"News on the CSAM front: 

As Júlia Tar reported last week, the Polish government (currently chairing the Council of the EU) has put forward a new proposal.

Today was the first law enforcement working party meeting - so the technical staff representing member states - discussing the proposal. That means negotiations on the technical level are restarting, as the meeting saw the Polish presidency get a green light to continue work on the text. 

As a next step, member states have the opportunity to give written feedback about the proposal. The deadline for this is Feb. 20, MLex has learned.

Read the full story on MLex: https://lnkd.in/dsfE2FQW 

And last weeks story about the new proposal here: https://lnkd.in/dpRFnZJ8",2025-10-17 08:19:49,2025-10-17 08:19:49,8md.,no,in/sara-brandst%C3%A4tter-761806184,Sara Brandstätter,Data privacy and security reporter at MLex,,https://media.licdn.com/dms/image/v2/D4D03AQHyJtbQthufuQ/profile-displayphoto-shrink_100_100/profile-displayphoto-shrink_100_100/0/1697802606676?e=1762387200&v=beta&t=uGVjN4x_6E0IhLcArh2UeDh_3BB0IoImCyZsR3m9B5w,no,https://www.linkedin.com/in/sara-brandst%C3%A4tter-761806184,,,,,,https://www.linkedin.com/feed/update/urn:li:activity:7292965467231543300,,1,2,21,20,0,0,0,0,1,,1760689189,1760689189,
7364550246045016065,7364550246045016065,"Would you accept this on your phone?

Every message you send is scanned, this could soon become reality in the EU.

The CSAM regulation proposal is moving forward in the EU. Its stated purpose is noble: preventing child sexual abuse online. However, the method raises serious privacy and security concerns.

Under this proposal, all private messages, images, and links would be scanned automatically before encryption – by tech companies, not authorities. This means the end-to-end encryption we rely on for secure communication would effectively become meaningless.

As a cybersecurity and privacy advocate, I see several risks:

- Once this door is opened, it’s easy to expand surveillance beyond its original intent.

- Automated scanning systems create a massive attack surface for hackers, ransomware, and misuse.

- Currently, law enforcement needs a valid, approved reason to monitor communications. This proposal flips that principle, turning every citizen into a subject of constant surveillance by default.

Yes, protecting children is critical. But weakening encryption and automating mass surveillance is a Pandora’s box that compromises fundamental rights and digital security.

The European Parliament may discuss this as early as October 14. Now is the time for informed debate.

What do you think? Does this make us safer or does it erode the very foundation of private and secure communication?

#CyberSecurity #Privacy #EURegulation #Encryption #DigitalRights #CSAM",2025-10-17 08:19:52,2025-10-17 08:19:52,1md.,no,in/kenqvist,Kristo Enqvist,Country Manager - Finland / Consultant; Technology and Digital Practice - Pedersen & Partners Senior Advisor シニアアドバイザー PUROSI,,https://media.licdn.com/dms/image/v2/D4D03AQHhx7KeH6oBLw/profile-displayphoto-shrink_100_100/profile-displayphoto-shrink_100_100/0/1725268374228?e=1762387200&v=beta&t=vuWsHeS-O-MHZOjOumQwlL9z5-ICPqBMHM0OOSb2eB8,no,https://www.linkedin.com/in/kenqvist,,,"cybersecurity,privacy,euregulation,encryption,digitalrights,csam",,,https://www.linkedin.com/feed/update/urn:li:activity:7364550246045016065,,1,0,2,2,0,0,0,0,0,,1760689192,1760689192,
7338908076734918656,7338908076734918656,"France, Hungary, and Ireland have joined Poland in backing an extension of a measure to allow messaging apps like WhatsApp and Signal to continue voluntarily monitoring and reporting child sexual abuse material, or CSAM, beyond April 2026, MLex has learned.

The three countries voiced their support for extending the temporary exemption during a June 4 meeting of the Council of the EU.

The Polish Presidency reiterated that a further extension beyond the 2026 deadline may be necessary. In a document dated June 2, Polish officials had already acknowledged the growing likelihood of another extension.

France previously suggested a new proposal during informal discussions among national law enforcement officials, but has since officially moved to support extending the current temporary rules.

The temporary measure under the e-Privacy Directive has already been extended several times due to the failure of EU governments to agree on a permanent law that would compel messaging apps to report CSAM over concerns it could infringe on people's right to privacy.

More below on MLex:

https://lnkd.in/eEysMXBx",2025-10-17 08:19:52,2025-10-17 08:19:52,4md.,no,in/julia-tar,Júlia Tar,Data Privacy and Security Reporter at MLex,,,no,https://www.linkedin.com/in/julia-tar,,,,,,https://www.linkedin.com/feed/update/urn:li:activity:7338908076734918656,,0,2,11,11,0,0,0,0,0,,1760689192,1760689192,
7289972365399130112,7289972365399130112,"The Polish Presidency #Poland25EU has now taken the lead on advancing the #CSA Regulation proposal. 💡 We urge #MemberStates to consider the following elements to ensure a pragmatic and effective Regulation:  

1️⃣ From April 2026, interpersonal communication service providers will be barred from proactively detecting Child Sexual Abuse Material #CSAM, severely weakening efforts to combat abuse. The Council must establish a robust legal basis in #Article4 to maintain these critical #detection measures. Read more here: https://lnkd.in/eHyCeiKn

2️⃣ The integrity of #EndtoEnd encryption must be safeguarded in the EU. This essential technology ensures security and privacy for #EU citizens and should not be compromised by the #CSA Regulation. 

3️⃣ While detection orders central, the articles on #AgeAssurance require deeper discussion in the #Council. The current texts remain out of sync with broader EU-level debates on the topic and need careful alignment. 

We look forward to breaking the deadlock in the Council on #CSA 💪🏼 

#DigitalPolicy #DOTEurope Magnus Brunner F. Javier Zarzalejos Nieto Polish presidency of the Council of the European Union",2025-10-17 08:19:52,2025-10-17 08:19:52,8md.,no,company/doteurope/posts,DOT Europe ,2.959 følgere,,,no,https://www.linkedin.com/company/doteurope/posts,,,"poland25eu,csa,memberstates,csam,article4,detection,endtoend,eu,csa,ageassurance,council,csa,digitalpolicy,doteurope",,,https://www.linkedin.com/feed/update/urn:li:activity:7289972365399130112,,0,2,3,3,0,0,0,0,0,,1760689192,1760689192,
7371870646487834624,7371870646487834624,"𝐎𝐩-𝐞𝐝 𝐢𝐧 Altinget.dk: Associate Professors of Cryptography Carsten Baum (DTU Compute) and Diego F. Aranha (Aarhus Universitet) warn: 𝐓𝐡𝐞 𝐂𝐡𝐚𝐭 𝐂𝐨𝐧𝐭𝐫𝐨𝐥 𝐏𝐫𝐨𝐩𝐨𝐬𝐚𝐥 𝐑𝐢𝐬𝐤𝐬 𝐒𝐮𝐛𝐣𝐞𝐜𝐭𝐢𝐧𝐠 𝐂𝐢𝐭𝐢𝐳𝐞𝐧𝐬 𝐭𝐨 𝐒𝐭𝐚𝐭𝐞 𝐒𝐮𝐫𝐯𝐞𝐢𝐥𝐥𝐚𝐧𝐜𝐞

Denmark currently holds the Presidency of the Council of the European Union. In this capacity, the Danish government has (re)submitted a proposal for a regulation aimed at preventing and combating child sexual abuse (Regulation to Prevent and Combat Child Sexual Abuse – CSAR), commonly referred to as “Chat Control”. 

In an op-ed published in Altinget.dk, Carsten Baum and Diego F. Aranha, strongly warn against the proposal:

“If European lawmakers approve the proposal, CSAR will require that large portions of digital communication within the EU — including all your images and videos — may potentially be scanned by state-installed surveillance software.

Authorities will automatically be notified of any communication detected as potentially containing Child Sexual Abuse Material (CSAM).”

This criticism follows in the wake of protests from over 400 experts in information security and privacy, who have opposed similar proposals put forward by previous presidencies.

According to the experts, CSAR is ineffective, dangerous, and represents a slippery slope towards an authoritarian surveillance society — one in which governments or presidents could easily begin scanning for other types of content they suddenly deem “dangerous”.

“There is no question that child sexual abuse and exploitation are heinous crimes that affect the most vulnerable among us,” write Baum and Aranha.

 “While child exploitation must be combated, it is crucial that the method be proportionate to the problem. We do not believe this is the case when mass real-time surveillance of ordinary citizens’ communications is introduced 
without any suspicion or charge.”

Read the full opinion piece (Danish) at Altinget.dk. Find the link in the comments.

#dkforsk #digitalisation #privacy #Cryptography

DTU - Technical University of Denmark",2025-10-17 08:19:55,2025-10-17 08:19:55,1md.,no,company/dtu-mathematics/posts,DTU Compute,8.710 følgere,,,no,https://www.linkedin.com/company/dtu-mathematics/posts,,,"dkforsk,digitalisation,privacy,cryptography",,,https://www.linkedin.com/feed/update/urn:li:activity:7371870646487834624,,1,5,30,26,0,3,0,0,1,,1760689195,1760689195,
7360177910067978240,7360177910067978240,"I asked AI about chat control 2.0. Here is the answer:

🚨 **Chat Control 2.0 – The EU’s Push for Mass Message Scanning** 🚨  

The European Commission has proposed a law that would require **scanning of *all* private digital communications** — including encrypted chats on WhatsApp, Signal, emails, and social media — to detect child sexual abuse material (CSAM).  

📌 **Key Points:**  
- Messages, photos, and files could be scanned *before* encryption (client-side scanning).  
- Encryption backdoors would be needed — weakening everyone’s security.  
- Mandatory age verification could end online anonymity for minors.  
- Flagged content is sent to authorities, despite AI’s high false-positive rate.  

⚖ **Supporters say:** It will boost detection of abuse and help law enforcement act faster.  

⚠ **Critics warn:**  
- It’s effectively **mass surveillance** of all EU citizens.  
- It undermines privacy, freedom of speech, and journalist/whistleblower protection.  
- High error rates could criminalize innocent people.  
- Risk of “mission creep” — scanning could be extended to other types of content.  

💡 **Where it stands (Aug 2025):**  
The proposal is stalled by privacy concerns, but some EU members are pushing for approval by late 2025. If passed, it could fundamentally change the digital landscape and erode secure communication as we know it. 

Resume:

🚨 Chat Control 2.0: Progress or privacy disaster?
Mandatory message scanning—yes, even for encrypted chats.
Child safety or mass surveillance in disguise?
Should we accept this “new normal” for digital life?

#Privacy #Encryption #CyberSecurity #DigitalRights #ChatControl",2025-10-17 08:19:55,2025-10-17 08:19:55,2md.,no,in/tiagoreisoutsystems,Tiago Reis,Developer at Sanday,,,no,https://www.linkedin.com/in/tiagoreisoutsystems,,,"privacy,encryption,cybersecurity,digitalrights,chatcontrol",,,https://www.linkedin.com/feed/update/urn:li:activity:7360177910067978240,,0,0,1,1,0,0,0,0,0,,1760689195,1760689195,
7367291316096921600,7367291316096921600,"Croatians suddenly realise that EU CSAM rules include hidden pervasive chat control surveillance, turning the EU into Big Brother - dissaprove massively. - ""The Prime Minister of the Republic of Croatia Andrej Plenkovic, at yesterday's press conference, accused the opposition of upheld the proposal of a regulation of the European Parliament and the Council on the establishment of rules for the prevention and combating sexual abuse of children COM (2022) 209, which is (unpopularly referred to as 'chat control' because, in the case of the adoption of the proposal in its integral form, it would allow the bodies of criminal prosecution to be subject to the legal prosecution of the private communication of all citizens.

On June 17, the Bosnian MP, as well as colleagues from the SDP, HDZ and the vast majority of other European MPs supported the Proposal for Amendments to the Directive on combating the sexual abuse and sexual exploitation of children and child pornography from 2011. Although both legislative documents were adopted within the same package of EU strategies for a more effective fight against child abuse and have a similar name, two documents are intrinsically different - one is the regulation, the other directive, they have different rapporteurs and entered the procedure for as many as two years apart.""
'We've already spoken about it'
""The basic difference, however, is that the proposal to amend the Directive does not contain any mention of 'chat control', i.e. the mass surveillance of citizens. MP Bosnian, as well as colleagues from the party We Can! They strongly oppose the proposal for a regulation that supports the monitoring of the content of private conversations of all citizens and which will only be voted on in the European Parliament. Such a proposal directly violates Article 7. The Charter of Fundamental Rights of the European Union, as confirmed by the Court of Justice of the European Union in the ruling ""Schrems I"" (paragraph 94), and the same position was confirmed by the Legal Service of the Council of the EU.

In the previous European Parliament, the Greens resisted mass surveillance, focusing on monitoring suspicious users - the security services must first identify suspicious users and then monitor them, not the other way around. People who abuse the internet to commit criminal acts must be recognized and isolated by the numerous services for whom it is a job, but not in a way of mass, but focused surveillance of individuals.

We all have the right to privacy, because privacy must remain a secure space for our human identity. Finally, the representative of Bosanac invites Prime Minister Plenković to oppose this harmful proposal at the European Council and protect the right to privacy of Croatian citizens,"" Gordan Bosanca's office said in a statement.
Source: Bosnian accuses Plenkovic of lying: 'I urge him to counter that proposal'

Parliamentary questions are being asked as well
A review ...",2025-10-17 08:19:55,2025-10-17 08:19:55,1md.,no,in/robine,Robin Edgar,Commissioner on Professional Fields,,https://media.licdn.com/dms/image/v2/C4E03AQHUjT0wfTcNag/profile-displayphoto-shrink_100_100/profile-displayphoto-shrink_100_100/0/1516322400433?e=1762387200&v=beta&t=oXeBntoX3LVomCUtBio39Clo2GHIoIDRPW4v7K-2b_M,no,https://www.linkedin.com/in/robine,,,,,,https://www.linkedin.com/feed/update/urn:li:activity:7367291316096921600,https://www.linkielist.com/global-domination/privacy/croatians-suddenly-realise-that-eu-csam-rules-include-hidden-pervasive-chat-control-surveillance-turning-the-eu-into-big-brother-dissaprove-massively/,0,0,2,2,0,0,0,0,0,,1760689195,1760689195,
7308170284300156928,7308170284300156928,"Another milestone in our activism’s and advocacy at the European Parliament with Brave Movement.

Every second 3 images of CSAM are shared online.

Since 2023 CSV online has increased 300% 

Today there are no measures in the EU to mandate tech companies to detect and remove images of those children who are suffering. 

We are stronger together. Scharliina Eräpuro Selma Kaymakci Myriam Emily Laurie we rocked those meetings. Our voices and proposals were heard. 

#BeBrave #safeonline #ViolenceIsPreventable#EndChildhoodSexualViolence #TabooBreaker",2025-10-17 08:19:56,2025-10-17 08:19:56,6md.,no,in/patricia-cardona-0671745,Patricia Cardona,Child Sexual Abuse Prevention Expert | Educator | Speaker | Writer | Senior Project Manager,,https://media.licdn.com/dms/image/v2/D4E03AQHazQTqQMzTrA/profile-displayphoto-shrink_100_100/profile-displayphoto-shrink_100_100/0/1673032364458?e=1762387200&v=beta&t=2qZWbPsYmsDDfapPndqueVLpziu2oELyHbXlNLju0c4,no,https://www.linkedin.com/in/patricia-cardona-0671745,,,"bebrave,safeonline,taboobreaker",,,https://www.linkedin.com/feed/update/urn:li:activity:7308170284300156928,,0,0,9,6,1,1,0,1,0,,1760689196,1760689196,
7160981994036686848,7160981994036686848,"EU Proposes Criminalizing AI-Generated Child Sexual Abuse and Deepfakes: 

An anonymous reader quotes a report from TechCrunch: AI-generated imagery and other forms of deepfakes depicting child sexual abuse (CSA) could be criminalized in the European Union under plans to update existing legislation to keep pace with technology developments, the Commission announced today. It's also proposing to create a new criminal offense of livestreaming child sexual abuse. The possession and exchange of ""pedophile manuals"" would also be criminalized under the plan -- which is part of a wider package of measures the EU says is intended to boost prevention of CSA, including by increasing awareness of online risks and to make it easier for victims to report crimes and obtain support (including granting them a right to financial compensation). The proposal to update the EU's current rules in this area, which date back to 2011, also includes changes around mandatory reporting of offenses.

Back in May 2022, the Commission presented a separate piece of CSA-related draft legislation, aiming to establish a framework that could make it obligatory for digital services to use automated technologies to detect and report existing or new child sexual abuse material (CSAM) circulating on their platforms, and identify and report grooming activity targeting kids. The CSAM-scanning plan has proven to be highly controversial -- and it continues to split lawmakers in the parliament and the Council, as well as kicking up suspicions over the Commission's links with child safety tech lobbyists and raising other awkward questions for the EU's executive, over a legally questionable foray into microtargeted ads to promote the proposal. The Commission's decision to prioritize the targeting of digital messaging platforms to tackle CSA has attracted a lot of criticism that the bloc's lawmakers are focusing in the wrong area for combatting a complex societal problem -- which may have generated some pressure for it to come with follow-on proposals. (Not that the Commission is saying that, of course; it describes today's package as ""complementary"" to its earlier CSAM-scanning proposal.) ""Fast evolving technologies are creating new possibilities for child sexual abuse online, and raises challenges for law enforcement to investigate this extremely serious and wide spread crime,"" said Ylva Johansson, commissioner for home affairs, in a statement. ""A strong criminal law is essential and today we are taking a key step to ensure that we have effective legal tools to rescue children and bring perpetrators to justice. We are delivering on our commitments made in the EU Strategy for a more effective fight against Child sexual abuse presented in July 2020.""

The final shape of the proposals will be determined by the EU's co-legislators in the Parliament and Council. ""If/when there's agreement on how to amend the current directive on combating CSA, it would enter into force 20 days after its publicati",2025-10-17 08:19:56,2025-10-17 08:19:56,1år,no,company/slashdot/posts,Slashdot,9.125 følgere,,,no,https://www.linkedin.com/company/slashdot/posts,,,,,,https://www.linkedin.com/feed/update/urn:li:activity:7160981994036686848,,0,0,0,0,0,0,0,0,0,,1760689196,1760689196,
7136318442604761088,7136318442604761088,"- 𝐓𝐡𝐞 𝐂𝐨𝐦𝐦𝐢𝐬𝐬𝐢𝐨𝐧 𝐮𝐧𝐯𝐞𝐢𝐥𝐬 𝐚 𝐩𝐫𝐨𝐩𝐨𝐬𝐚𝐥 𝐭𝐨 𝐞𝐱𝐭𝐞𝐧𝐝 𝐭𝐡𝐞 𝐞𝐏𝐫𝐢𝐯𝐚𝐜𝐲 𝐢𝐧𝐭𝐞𝐫𝐢𝐦 𝐑𝐞𝐠𝐮𝐥𝐚𝐭𝐢𝐨𝐧 (part 2)

Against this background, on 30 November 2023, the Commission unveiled the proposal to extend the ePrivacy interim Regulation. 
 
Even though the Commission tried to avoid taking this measure at all costs, the difficulties experienced by the co-legislators, and in particular the Council, to reach an agreement on the long-term legislation proposed by the Commission in May 2022, have forced the EU Executive to find an alternative. The co-legislators though are not the only EU institutions to be blamed for not meeting the deadline. It should also be reminded that the Commission repeatedly delayed the presentation of the CSAM proposal while knowing that it was time-sensitive.
 
The Commission´s initiative consists of extending the ePrivacy interim Regulation which enables internet-based communications services to continue detecting and removing CSAM online on a voluntary basis for two more years, until 3 August 2026.
 
The ePrivacy interim Regulation establishes a derogation from Articles 5(1) and 6(1) of Directive 2002/58/EC (the ePrivacy Directive) which “𝑠ℎ𝑎𝑙𝑙 𝑛𝑜𝑡 𝑎𝑝𝑝𝑙𝑦 𝑡𝑜 𝑡ℎ𝑒 𝑐𝑜𝑛𝑓𝑖𝑑𝑒𝑛𝑡𝑖𝑎𝑙𝑖𝑡𝑦 𝑜𝑓 𝑐𝑜𝑚𝑚𝑢𝑛𝑖𝑐𝑎𝑡𝑖𝑜𝑛𝑠 𝑖𝑛𝑣𝑜𝑙𝑣𝑖𝑛𝑔 𝑡ℎ𝑒 𝑝𝑟𝑜𝑐𝑒𝑠𝑠𝑖𝑛𝑔 𝑏𝑦 𝑝𝑟𝑜𝑣𝑖𝑑𝑒𝑟𝑠 𝑜𝑓 𝑝𝑒𝑟𝑠𝑜𝑛𝑎𝑙 𝑎𝑛𝑑 𝑜𝑡ℎ𝑒𝑟 𝑑𝑎𝑡𝑎”. It applies to certain number-independent interpersonal communications services, without prejudice to their obligations under the General Data Protection Regulation (GDPR).
 
The proposal will be adopted by the co-legislators following the ordinary legislative procedure, which, in some cases has been concluded within four months. One example would be the 𝑅𝑒𝑔𝑢𝑙𝑎𝑡𝑖𝑜𝑛 𝑎𝑚𝑒𝑛𝑑𝑖𝑛𝑔 𝑡ℎ𝑒 𝑓𝑟𝑎𝑚𝑒𝑤𝑜𝑟𝑘 𝑓𝑜𝑟 𝑡ℎ𝑒 𝑖𝑠𝑠𝑢𝑎𝑛𝑐𝑒, 𝑣𝑒𝑟𝑖𝑓𝑖𝑐𝑎𝑡𝑖𝑜𝑛 𝑎𝑛𝑑 𝑎𝑐𝑐𝑒𝑝𝑡𝑎𝑛𝑐𝑒 𝑜𝑓 𝑖𝑛𝑡𝑒𝑟𝑜𝑝𝑒𝑟𝑎𝑏𝑙𝑒 𝐶𝑂𝑉𝐼𝐷-19 𝑣𝑎𝑐𝑐𝑖𝑛𝑎𝑡𝑖𝑜𝑛, 𝑡𝑒𝑠𝑡 𝑎𝑛𝑑 𝑟𝑒𝑐𝑜𝑣𝑒𝑟𝑦 𝑐𝑒𝑟𝑡𝑖𝑓𝑖𝑐𝑎𝑡𝑒𝑠 𝑡𝑜 𝑓𝑎𝑐𝑖𝑙𝑖𝑡𝑎𝑡𝑒 𝑓𝑟𝑒𝑒 𝑚𝑜𝑣𝑒𝑚𝑒𝑛𝑡 𝑑𝑢𝑟𝑖𝑛𝑔 𝑡ℎ𝑒 𝐶𝑂𝑉𝐼𝐷-19 𝑝𝑎𝑛𝑑𝑒𝑚𝑖𝑐 (´the EU Digital COVID Certificate Regulation extension´). The Regulation became a law only four months after the Commission´s proposal was unveiled. Here, as well as in the present case, there was a “sense of urgency”.
 
For the time being, there are no sound reactions to this proposal probably because of the Commission´s choice of not making an oral presentation or advertise it in any way.

Here is the new proposal: https://lnkd.in/eP3gNnaB",2025-10-17 08:19:56,2025-10-17 08:19:56,1år,no,in/adriana-s-mosquera-fraga-508b19157,Adriana S. Mosquera Fraga,Director,,https://media.licdn.com/dms/image/v2/C4E03AQEK9rGTUEvs0w/profile-displayphoto-shrink_100_100/profile-displayphoto-shrink_100_100/0/1650999068078?e=1762387200&v=beta&t=xUTuAE8th-_826mdQBV9jsBtPvjGbZGIn0uthxKz4vE,no,https://www.linkedin.com/in/adriana-s-mosquera-fraga-508b19157,,,,,,https://www.linkedin.com/feed/update/urn:li:activity:7136318442604761088,https://ec.europa.eu/transparency/documents-register/detail?ref=COM(2023)777&lang=en,0,1,15,10,1,1,0,0,3,,1760689196,1760689196,
7252241032417869824,7252241032417869824,"I love my privacy, at least the idea, that there is something to hold on still. It is not about hiding, but a huge identity issue, nobody sees you as You see. The Cybersecurity Keynotes highlighted already years ago that “privacy is dead”, but tbh it wasn´t this level dead, perhaps badly bruised, but not dead. Nobody really thought then, that AI is going to profile us based on mass surveillance (at least, not in the short term).

What comes to society, damn! The facts that Finland has to re-write its whole constitutional law, would be the least of our problems. If CSAM act continues to approval in EU, we will make the biggest single mistake in history of democracy.

This isn’t the first time that our core values are used as a Trojan horse to get wanted results in digital space, not even for this year. Approval would be a political nightmare and war since that day. Netox will never let 3rd party to get  access to data or systems that we are hired to keep safe. It is our core business.

As I write this, Peter will present both Teknologiateollisuus - Technology Industries of Finland and Finnish Information Security Cluster (FISC) - Kyberala ry statement of CSAM act. Peter has great delegation to support this mission (FiCom, TSV and WithSecure). 

- The proposal to restrict fundamental rights does not comply with the principles of necessity and proportionality.
- The proposal does not allow the political objectives to be achieved. 
- The proposal is a first step towards eroding the core area of confidentiality and privacy of electronic communications.
- The proposal threatens the comprehensive security of society.
- The proposal is contrary to existing EU law.

Briefly, the planned EU CSAM act will not serve its purpose, but we would compromise everything in digital space. EU and NATO cannot be outmatched in physical way. So, it is the digital space that needs more of our joint attention and effort. I am sure that Finland will make right decision!",2025-10-17 08:19:58,2025-10-17 08:19:58,1år,no,in/niko-candelin-aa9a1716,Niko Candelin,"Co-Founder@Netox,COB@FISC: Cybersecurity, Strategy, Harvard Alumni.",,https://media.licdn.com/dms/image/v2/C4D03AQFmv8Ti5ta20A/profile-displayphoto-shrink_100_100/profile-displayphoto-shrink_100_100/0/1553673314100?e=1762387200&v=beta&t=H9Pl8mA_pk7jnLWSPvaSL09dv6cpikorDKwcUJ0tdIY,no,https://www.linkedin.com/in/niko-candelin-aa9a1716,,,,,,https://www.linkedin.com/feed/update/urn:li:activity:7252241032417869824,,0,0,12,12,0,0,0,0,0,,1760689198,1760689198,
7362882575104638976,7362882575104638976,"Our digital privacy is at risk in the European Union.

I’ve already emailed my representatives against the Chat Control (CSAM Regulation) proposal.
This is a disgrace: they want to break end-to-end encryption, enable mass surveillance of private conversations, and pretend it’s “for child protection.”

What will really happen:

Everyone becomes more vulnerable to cyberattacks and authoritarian regimes.

Fundamental privacy rights in the EU are destroyed.

AI scanning produces false positives, criminalizing innocent people.

Tech companies leave Europe, damaging our digital economy.

It’s not enough to disagree silently. We must pressure them until they vote against it.
Share this with everyone you know — people must see the shame that’s being proposed.

Take action here: https://lnkd.in/dzwcnV2g

—————————————————————

A nossa privacidade digital está em risco na União Europeia.

Já enviei o meu e-mail aos representantes contra a proposta Chat Control (Regulamento CSAM).
Isto é uma vergonha: querem quebrar a encriptação, meter vigilância em massa nas nossas conversas privadas e ainda fingem que é “para proteger crianças”.

O que realmente vai acontecer:

Toda a gente fica mais vulnerável a ciberataques e regimes autoritários.

A privacidade fundamental dos cidadãos da UE é destruída.

Algoritmos vão gerar falsos positivos, criminalizando inocentes.

Empresas tecnológicas fogem da Europa, arruinando a competitividade digital.

Não chega dizer que discordamos. Temos de chatear estes gajos até eles votarem contra.
Espalha isto a todos os que conheces — todos precisam de saber a vergonha que está a ser proposta.

Faz a tua parte aqui: https://lnkd.in/dzwcnV2g",2025-10-17 08:19:58,2025-10-17 08:19:58,1md.,no,in/catkinkitkat,Gonçalo Amaro,Backend Java Developer and Master’s Student,,https://media.licdn.com/dms/image/v2/D4D03AQEhNSluG2yWnQ/profile-displayphoto-shrink_200_200/B4DZVcnVmZGcAY-/0/1741015571280?e=1762387200&v=beta&t=WMM2CcYu0aXTeIB_4TnSb5H3bHykiEnIczp5lxorWEU,no,https://www.linkedin.com/in/catkinkitkat,,,,,,https://www.linkedin.com/feed/update/urn:li:activity:7362882575104638976,,1,1,7,6,0,0,0,0,1,,1760689198,1760689198,
7343293691182149633,7343293691182149633,"Navigating the complexities of CSAM detection often brings up a challenging question: “Do I really need to review adult pornography to build effective training?” In my latest article, I unpack why a thorough understanding of mainstream adult content is critical for developing robust, context-aware detection models that can distinguish legal from illegal material. Join me as I explore the ethical safeguards, psychological considerations, and technical necessities that underpin this often-misunderstood requirement—and why it’s an essential step toward protecting children online, and understanding why Law Enforcement and NGO's are failing to stem the tide in some countries.",2025-10-17 08:19:58,2025-10-17 08:19:58,3md.,no,in/sanjay-r-936a749,Sanjay R.,"Investigation, Journalist's Support, Security Personnel Networking Specialist, Police Training",,https://media.licdn.com/dms/image/v2/D4E03AQGNM4yu6jVXcQ/profile-displayphoto-shrink_200_200/B4EZUffHHUHUAY-/0/1739990005540?e=1762387200&v=beta&t=CtiZ0TDehX38BJmGbhJnD80u3YsGFzYgM33Ax8Mg1X8,no,https://www.linkedin.com/in/sanjay-r-936a749,,,,,,https://www.linkedin.com/feed/update/urn:li:activity:7343293691182149633,https://www.linkedin.com/pulse/necessity-better-training-understanding-csam-use-evidential-rai-zmhme?trackingId=rVh3MYK4QqGm7cLEk3hf1Q%3D%3D,14,3,6,5,0,0,0,1,0,,1760689198,1760689198,
7199349265628848129,7199349265628848129,"‘Let yourself be monitored’: EU governments to agree on Chat Control with user “consent” [updated]
European Parliament Freedom, democracy and transparency Press releases
Based on a new proposal by the Belgian Minister of the Interior, EU governments could endorse the much-criticised child sexual abuse regulation (CSAR or chat control) as early as June after all. This is what internal information leaked to Pirate Party MEP and shadow rapporteur Patrick Breyer reveals.
Specifically, according to the proposal, users of apps with a communication function would have to agree via terms and conditions or pop-up messages that all images and videos sent to others will be scanned automatically and possibly reported to the EU and the police. To this end, monitoring backdoors would need to be integrated into previously securely end-to-end encrypted messenger services, even though the Belgians claim that their proposed ‘upload moderation’ scheme differs from the much criticised ‘client-side scanning’. If a user does not agree to the scanning of their private photos and videos, they would still be able to use the service for sending text messages, but would no longer be able to share images and videos. The scanner algorithms are supposed to report known CSAM as well as unknown images and videos that are deemed potentially suspicious by ‘artificial intelligence’ technology. The scanning of text messages for indications of grooming, which has hardly been used to date, would be removed from the draft legislation, as would the scanning of audio communication, which is not in use at all.
https://lnkd.in/ddQucM4c",2025-10-17 08:20:00,2025-10-17 08:20:00,1år,no,in/carlos-v-38397896,Carlos V.,"DevSecOps-SRE Expert: IBMsterling B2B,IBM MQ,MQTT, ApacheDoris,AutoMQ, RabittMQ,Kafka. Axway MFTCFT; Docker,Podman,Proxmox,Rancher SuSe MM,Harvester,KATA,MAAS, KEDA,MVS,K8S. AIX,HPUX,RH,Solaris,OracleLinux,MSE,IDM, Wazuh",,https://media.licdn.com/dms/image/v2/D4D03AQEU_6918f5sHQ/profile-displayphoto-shrink_800_800/B4DZbTmu3XIEAc-/0/1747306868606?e=1762387200&v=beta&t=r2Kf_2oIc9i6SrRF0GcKiMr6lziuyQitUC5Zgkdv2O4,no,https://www.linkedin.com/in/carlos-v-38397896,,,,,,https://www.linkedin.com/feed/update/urn:li:activity:7199349265628848129,https://www.patrick-breyer.de/en/let-yourself-be-monitored-eu-governments-to-agree-on-chat-control-with-user-consent/,0,0,0,0,0,0,0,0,0,,1760689200,1760689200,
7209204340123717632,7209204340123717632,"The Council of the EU 🇪🇺 is likely to vote on #ChatControl tomorrow. The updated #ChatControl / #CSAM proposal leaves two options for Europeans: 

1️⃣ Agree on having all private chats, messages, and emails (plus cloud) screened for suspicious content
2️⃣ Disagree and be unable to share photos, links, and videos in your private messages

#ChatControl is problematic because it is: 
❌ Not compatible with the European values. Europeans believe in the presumption of innocence, not the presumption of guilt. The latter can only be used in extreme cases (e.g., to prevent terrorism). Chat Control is opening dangerously wide doors to apply it as a precedent further.
❌ Creating new cyber vulnerabilities for Europeans.
❌ Error-prone, and technological errors can create irreversible reputational damage to individuals and communities.
❌ Potentially useful to enemies' law enforcement agencies and agents",2025-10-17 08:20:00,2025-10-17 08:20:00,1år,no,company/eutechloop/posts,eutechloop,346 følgere,,,no,https://www.linkedin.com/company/eutechloop/posts,,,"chatcontrol,chatcontrol,csam,chatcontrol",,,https://www.linkedin.com/feed/update/urn:li:activity:7209204340123717632,,1,0,6,6,0,0,0,0,0,,1760689200,1760689200,
7202088298385678336,7202088298385678336,"Allmän massövervakning bryter mot grundläggande mänskliga rättigheter, europakonventionen och den demokratiska rättsstatens principer. Det är inte heller något som främjar ett säkert samhälle. Tvärtom!

Följaktligen, du politiker från ALLA partier vänligen tillse att Chat Control/det kompromissförslag som diskuteras EJ införs utan stoppas.

***
""The EU Parliament has already done this by adopting language that excludes end-to-end encrypted services from the scope of the regulation.""

""We are concerned that the Council of the EU is not following the same path. The Belgian Presidency continues to advocate for the use of scanning technologies for encrypted messaging services, as well other disproportionate limitations on digital rights. Content detection has been a contentious issue for a number of EU member states who have until now opposed client-side scanning technologies, because they rightly understand that it creates serious security and privacy risks, permitting general monitoring, and undermining human rights.""",2025-10-17 08:20:00,2025-10-17 08:20:00,1år,no,in/securitydinosaur,Per-Erik Eriksson,"Dataföreningen Väst - styrelseordförande, talesperson säkerhet & dataskydd/privacy",,https://media.licdn.com/dms/image/v2/C4D03AQFSQpwTpxGZ_g/profile-displayphoto-shrink_100_100/profile-displayphoto-shrink_100_100/0/1613855754806?e=1762387200&v=beta&t=OYY9WRgcjxpTSOy6a2u070fDl5UKCY-fmrSeKsbxtwk,no,https://www.linkedin.com/in/securitydinosaur,,,,,,https://www.linkedin.com/feed/update/urn:li:activity:7202088298385678336,https://www.globalencryption.org/2024/05/joint-statement-on-the-dangers-of-the-may-2024-council-of-the-eu-compromise-proposal-on-eu-csam/,2,0,21,17,0,0,0,3,1,,1760689200,1760689200,
7300800535794765825,7300800535794765825,"'The EU’s chat control legislation is reportedly back on the table... Polish officials have now tabled a new proposal, which is open for feedback until 20 February... According to Mlex, the bill has now been significantly watered down. CSAM detection orders, for example, have been removed.'
#law #eu #privacy #surveillance #csam #encryption #security #cybersecurity https://lnkd.in/erk8CPzw",2025-10-17 08:20:02,2025-10-17 08:20:02,7md.,no,in/frederik-zuiderveen-borgesius,Frederik Zuiderveen Borgesius,"Law Prof at iHub, Radboud University, Nijmegen (NL)",,https://media.licdn.com/dms/image/v2/C4E03AQG8WvSfsfE0Ng/profile-displayphoto-shrink_100_100/profile-displayphoto-shrink_100_100/0/1528900112123?e=1762387200&v=beta&t=4Cy6NABFeWwPzn0kaX725l4fO-7fy5vLZo_UczMY3KU,no,https://www.linkedin.com/in/frederik-zuiderveen-borgesius,,,"law,eu,privacy,surveillance,csam,encryption,security,cybersecurity",,,https://www.linkedin.com/feed/update/urn:li:activity:7300800535794765825,,0,1,4,2,1,0,0,0,1,,1760689202,1760689202,
7018196839271137281,7018196839271137281,"In light of the ongoing work and discussions on the CSAM proposal at EU level, DOT Europe shares its position and its 5 key asks to achieve a strong framework enabling stakeholders to effectively prevent, detect and report CSA online.",2025-10-17 08:20:02,2025-10-17 08:20:02,2år,no,company/doteurope/posts,DOT Europe ,2.959 følgere,,,no,https://www.linkedin.com/company/doteurope/posts,,,,https://media.licdn.com/dms/image/v2/D4E12AQF7jOZiWfb2lg/article-cover_image-shrink_600_2000/article-cover_image-shrink_600_2000/0/1672652359002?e=1762387200&v=beta&t=HzLRkI0b3eGV4FHIz6Bo5aykN08h7JRy3EoRRy5MGPs,,https://www.linkedin.com/feed/update/urn:li:activity:7018196839271137281,https://www.linkedin.com/pulse/5-ingredients-strong-legislative-framework-effectively-prevent-?trackingId=yT3E4b6yR7iPLtYp7ji7FQ%3D%3D,0,0,9,8,0,0,0,0,1,,1760689202,1760689202,
7245047543825330177,7245047543825330177,"More than 300 scientists from 33 countries have signed another open letter https://lnkd.in/e2W-iaxg criticising the latest EU #chatcontrol draft. The letter reconfirms 2 earlier letters from July 2023 https://lnkd.in/eTxh-CYn and May 2024 https://lnkd.in/eeP7uZC9

It was great to work again with Carmela Troncoso and the other team members. 

TLDR; The #chatcontrol proposal has been tweaked but it remains unacceptable: the solution does not work, undermines end-to-end encryption, is indiscriminate, leads to function creep and abuse by dictators and undermines the security of devices, apps, and the current techniques to detect illegal content. 

The latest proposal forces providers of end-to-end encrypted messaging services (iMessage, Signal, \WhatsApp, … but also encrypted email) to check whether users send known CSAM (Child Sexual Abuse Material). But using AI to scan for new CSAM is encouraged and may be made mandatory later. 

The only known way that works is client-side scanning: hashing the images with a “perceptual hash” (that should be similar for content that looks similar) and comparing the result to a hashed database. Sounds simple but very hard to design.

Shifting the scanning from central to the client seems a minor change but it means that the perceptual hash and the database are implemented on the device and can be reverse engineered. 

Our letter points out 5 main problems. 
1. The technology does not work: it is easy to avoid detection (false negatives) and this is trivial once the perceptual function is known. A more serious problem is a huge number of false positives framing innocent users. Creating deliberate false positives is even easier and will result in a huge number of reports that clog the system.
2. The proposal states that it respects end-to-end encryption, it is obvious that it does not. Scanning happens before encryption and completely undermines it.
3. The measure is indiscriminate: highly intrusive scanning is implemented for every citizen to catch a few bad apples. 
4. It is easy to extend client-side scanning for CSAM to other content, without open democratic control.  EU puts a mass surveillance tool in the hands of dictators.
5. The added complexity makes the apps and devices of all users less secure. By leaking the CSAM database, detection in public environments (that works well now) will be undermined as an unintended side effect.

Conclusion: techno-centric solutions based on surveillance are a very poor option to combat the spread of CSAM. 
Talk to your politicians and tell them to vote no on #chatcontrol. 
If you are a researcher or a scientist, sign the petition at https://lnkd.in/eZmuC2Fq",2025-10-17 08:20:02,2025-10-17 08:20:02,1år,no,in/bart-preneel-4451412,Bart Preneel,"Full Professor at University of Leuven, Belgium",,https://media.licdn.com/dms/image/v2/C5603AQEGkSYFjNp6Qg/profile-displayphoto-shrink_100_100/profile-displayphoto-shrink_100_100/0/1516248329544?e=1762387200&v=beta&t=XyJjDILNmpOSWopvi6HtMXu_e3o1h-gg2TPSxhKQN54,no,https://www.linkedin.com/in/bart-preneel-4451412,,,"chatcontrol,chatcontrol,chatcontrol",,,https://www.linkedin.com/feed/update/urn:li:activity:7245047543825330177,https://homes.esat.kuleuven.be/~preneel/Open_letter_CSAR_aug24_still_unacceptable.pdf,5,80,365,292,3,7,0,31,32,,1760689202,1760689202,
7127275698519465984,7127275698519465984,"The EU Ombudsman has found a case of maladministration in the European Commission’s refusal to provide the list of experts, which it first denied existing, with whom they worked together in drafting the regulation to detect and remove online child sexual abuse material (CSAM).

Moreover, a document referred to in the CSAM proposal about Microsoft’s work on homomorphic encryption has been consequently taken down.

Thank you to the Irish Council for Civil Liberties' Kris Shrishak for the comments!

More about the phantom list and the disappearing reference below 👇",2025-10-17 08:20:03,2025-10-17 08:20:03,1år,no,in/julia-tar,Júlia Tar,Data Privacy and Security Reporter at MLex,,,no,https://www.linkedin.com/in/julia-tar,,,,,,https://www.linkedin.com/feed/update/urn:li:activity:7127275698519465984,https://www.euractiv.com/section/law-enforcement/news/eu-commissions-nameless-experts-behind-its-child-sexual-abuse-law/,0,1,37,34,0,0,0,0,3,,1760689203,1760689203,
7170448732252049409,7170448732252049409,"The European Commission’s proposal to recast the EU CSAM Directive signals a pivotal moment in online child protection. 

Once the recast Directive is adopted, it will establish a firm legal basis for hotlines in the EU to process reports of suspected child sexual abuse material (CSAM) and collaborate with law enforcement and hotlines across borders to remove illegal content online. It also aims to clarify rules around proactive searching, providing Member States the possibility to allow the EU hotlines to examine the source of reported material. This enables hotlines to remove CSAM quicker and in higher volumes, providing critical support for law enforcement, and ensuring the rapid protection of victims.

This fundamental step aligns with INHOPE’s longstanding advocacy for legal recognition of hotlines and represents a significant advancement in the ongoing battle against CSAM online. Read more on how EU hotlines will be impacted 👉
https://bit.ly/3SW8GrN

#ChildProtection #OurNetwork #INHOPEHotlines #OnlineSafety #FightCSAM #EUDirective",2025-10-17 08:20:03,2025-10-17 08:20:03,1år,no,company/inhope/posts,INHOPE,8.336 følgere,,,no,https://www.linkedin.com/company/inhope/posts,,,"childprotection,ournetwork,inhopehotlines,onlinesafety,fightcsam,eudirective",,,https://www.linkedin.com/feed/update/urn:li:activity:7170448732252049409,,0,4,32,31,0,1,0,0,0,,1760689203,1760689203,
7382433202759618560,7382433202759618560,"'Pavel Durov said he feared society was “running out of time to save the #free #internet built for us by our fathers,” as democratic nations front laws that increase state control over #online #communication.'

'Durov, who turned 41 this week, said he saw little reason to celebrate. “What was once the promise of the free exchange of information is being turned into the ultimate tool of #control,” he wrote. His remarks follow discussions of a European Union proposal known as “#Chat #Control,” which could give regulators authority to scan private messages on encrypted platforms.'

'“We’ve been made to believe that the greatest fight of our generation is to destroy everything our forefathers left us: #tradition, #privacy, #sovereignty, the #free #market, and #free #speech.”'

'The EU’s proposed Chat Control legislation, set to be voted on next week, seeks to combat the spread of child sexual abuse material (CSAM) online. It would require messaging platforms such as #Telegram, #WhatsApp, and #Signal to allow regulators to screen messages before #encryption. Signal, one of the most widely used encrypted messaging apps, announced that it would withdraw from the European market entirely if the bill passed.'

https://lnkd.in/djS8jWJF",2025-10-11 08:20:03,2025-10-17 08:20:03,6d,no,in/smhk,Morteza Habibi Khorasani,High-Performance Computing Solution Engineer,,,no,https://www.linkedin.com/in/smhk,,,"free,internet,online,communication,control,chat,control,tradition,privacy,sovereignty,free,market,free,speech,telegram,whatsapp,signal,encryption",,,https://www.linkedin.com/feed/update/urn:li:activity:7382433202759618560,https://www.cryptopolitan.com/durov-were-running-out-time-free-internet/,3,0,2,2,0,0,0,0,0,,1760170803,1760689203,
7353758623535181825,7353758623535181825,"𝐃𝐚𝐧𝐢𝐬𝐡 𝐂𝐒𝐀𝐌 “𝐂𝐨𝐦𝐩𝐫𝐨𝐦𝐢𝐬𝐞” 𝐒𝐭𝐢𝐥𝐥 𝐁𝐫𝐞𝐚𝐤𝐬 𝐄𝐧𝐝-𝐭𝐨-𝐄𝐧𝐝 𝐄𝐧𝐜𝐫𝐲𝐩𝐭𝐢𝐨𝐧 🔐🚫
The Danish presidency has proposed a new “compromise” in the EU Council for the CSAM regulation. It claims to preserve end‑to‑end encryption (#𝐄𝟐𝐄𝐄), but the technical reality is far more dangerous.
 
💣 𝐈𝐭 𝐫𝐞𝐪𝐮𝐢𝐫𝐞𝐬 𝐬𝐩𝐲𝐰𝐚𝐫𝐞-𝐥𝐢𝐤𝐞 𝐬𝐜𝐚𝐧𝐧𝐢𝐧𝐠 𝐨𝐧 𝐲𝐨𝐮𝐫 𝐝𝐞𝐯𝐢𝐜𝐞.
Even if “targeted,” this is fundamentally #𝐦𝐚𝐥𝐰𝐚𝐫𝐞; inserting itself between you and your apps, intercepting content before encryption, silently monitoring everything.
 
🧠 𝐋𝐞𝐭’𝐬 𝐛𝐞 𝐜𝐥𝐞𝐚𝐫:
 • This bypasses encryption entirely
 • It introduces attack surfaces into every device
 • It normalises #surveillance-by-default
 
🔓 𝐓𝐡𝐞𝐫𝐞 𝐢𝐬 𝐧𝐨 “𝐬𝐚𝐟𝐞” 𝐰𝐚𝐲 𝐭𝐨 𝐝𝐨 𝐭𝐡𝐢𝐬
 Whether scanning is “voluntary,” “targeted,” or “authorised,” it still:
 • 𝐁𝐫𝐞𝐚𝐤𝐬 𝐝𝐞𝐯𝐢𝐜𝐞 𝐢𝐧𝐭𝐞𝐠𝐫𝐢𝐭𝐲
 • 𝐄𝐧𝐚𝐛𝐥𝐞𝐬 𝐟𝐮𝐭𝐮𝐫𝐞 𝐦𝐢𝐬𝐮𝐬𝐞
 • 𝐔𝐧𝐝𝐞𝐫𝐦𝐢𝐧𝐞𝐬 𝐝𝐢𝐠𝐢𝐭𝐚𝐥 𝐭𝐫𝐮𝐬𝐭
 
🛑 𝐓𝐡𝐢𝐬 𝐢𝐬𝐧’𝐭 𝐚 𝐜𝐨𝐦𝐩𝐫𝐨𝐦𝐢𝐬𝐞; 𝐢𝐭’𝐬 𝐚 𝐬𝐡𝐢𝐟𝐭 𝐭𝐨𝐰𝐚𝐫𝐝 𝐬𝐭𝐚𝐭𝐞-𝐛𝐚𝐜𝐤𝐞𝐝 𝐢𝐧𝐭𝐞𝐫𝐜𝐞𝐩𝐭𝐢𝐨𝐧 𝐚𝐫𝐜𝐡𝐢𝐭𝐞𝐜𝐭𝐮𝐫𝐞.
 
🔍 𝟏. 𝐃𝐞𝐭𝐞𝐜𝐭𝐢𝐨𝐧 𝐨𝐫𝐝𝐞𝐫𝐬 𝐢𝐧 𝐄𝟐𝐄𝐄 𝐜𝐨𝐦𝐦𝐮𝐧𝐢𝐜𝐚𝐭𝐢𝐨𝐧𝐬
📄 Page 6, Paragraph 4: “The Presidency notes that the use of detection technologies before encryption of a communication is fully compatible with the use of end-to-end encryption, as the provider can still not access the content once encrypted. This approach does not require the decryption of messages and thus does not undermine the security of end-to-end encryption.”

⚠️ 𝐓𝐡𝐢𝐬 𝐢𝐬 𝐡𝐢𝐠𝐡𝐥𝐲 #𝐦𝐢𝐬𝐥𝐞𝐚𝐝𝐢𝐧𝐠: Inserting detection before encryption bypasses E2EE entirely. It enables device-level surveillance, where users’ content is analysed before any protection is applied. This is not compatible with the principle of secure, private communication.
 
🧱 𝟐. “𝐍𝐨 𝐜𝐲𝐛𝐞𝐫𝐬𝐞𝐜𝐮𝐫𝐢𝐭𝐲 𝐜𝐨𝐧𝐬𝐞𝐪𝐮𝐞𝐧𝐜𝐞𝐬” 𝐜𝐥𝐚𝐢𝐦
📄 Page 6, Paragraph 6: “Detection technologies that are thoroughly vetted and approved by the EU Centre will ensure that the application of detection orders does not introduce cybersecurity vulnerabilities or compromise the privacy of users.”
 
🚨 𝐓𝐡𝐢𝐬 𝐜𝐥𝐚𝐢𝐦 𝐢𝐬 𝐟𝐚𝐥𝐬𝐞: No vetting process can eliminate the fundamental security risks of installing scanning tools on personal devices. These hooks behave like spyware and increase the attack surface, regardless of intent.
 
🔐 𝟑. 𝐕𝐞𝐭𝐭𝐢𝐧𝐠 𝐚𝐬 𝐬𝐚𝐟𝐞𝐭𝐲 𝐠𝐮𝐚𝐫𝐚𝐧𝐭𝐞𝐞?
📄 Page 5, Paragraph 3: “The proposal ensures that only vetted and trusted technologies may be used, mitigating any concerns around the impact on encryption or device security.”
 
🚨 𝐓𝐡𝐢𝐬 𝐢𝐬 𝐚 𝐬𝐞𝐜𝐮𝐫𝐢𝐭𝐲 𝐟𝐢𝐜𝐭𝐢𝐨𝐧: Vetting does not change the fact that client-side scanning requires code with privileged access to user data before encryption. That access can be exploited; no matter how ""trusted"" the tool is.",2025-10-17 08:20:05,2025-10-17 08:20:05,2md.,no,in/angeliquedawnbringer,Angelique Dawnbringer,Digital Trust | Information & Cybersecurity Advisor,,https://media.licdn.com/dms/image/v2/C5603AQEQj2rcmB_-BQ/profile-displayphoto-shrink_100_100/profile-displayphoto-shrink_100_100/0/1646312986102?e=1762387200&v=beta&t=45Mxdr9zBQQs1HKKE2VsXye5CXSLTD_Lc8T3-bYu4DA,no,https://www.linkedin.com/in/angeliquedawnbringer,,,"e2ee,malware,surveillance,misleading",,,https://www.linkedin.com/feed/update/urn:li:activity:7353758623535181825,,0,1,9,4,0,0,0,1,4,,1760689205,1760689205,
7368758366787067904,7368758366787067904,"This editorial by child protection organizations in Denmark repeats the same contradictions present in the Chat Control text. It's very unfortunate that organizations doing important and difficult work would believe blindly in a techno-solutionist proposal that creates enormous risks for very little gain in effectiveness against real child abuse.

The editorial repeats the same mistake that Chat Control does not impact end-to-end encryption. The only argument supporting this claim is that it's written in the proposal. It's such an obvious contradiction that Orwell's doublethink pales in comparison: ""This ensures that the detection mechanism can access the data in its unencrypted form for effective analysis and action, without compromising the protection provided by end-to-end encryption once the data is transmitted.""

The next argument is that scanning will be ""limited"" to URLs and visual material, like it is a minor inconvenience. Well, the compromise text admits in Page 2 that text and audio are expected to be included in the future through a review clause. It's always easier to expand the scope of surveillance after the basic infrastructure is in place.

Another fallacy is that ""scanning for known assault material is not an untested tool"", which conflates widely-deployed scanning of known CSAM in cloud storage (which is easy to bypass) with largely-untested client-side scanning of all communications before they leave a device, which is bound to inundate the authorities with false positives. This is true even under high accuracy rates, just imagine what (a far-from-current) rate of 1% false positives would mean for *all* visual content exchanged daily within the EU. 

Now imagine all the vulnerable people affected by such a broad policy, including not only journalists, immigrants and dissidents when the surveillance machine is built further by authoritarian governments lurking in the EU, but also the very children the proposal is designed to protect. How many of children's pictures or sensitive images exchanged by careless teenagers will end up being inspected manually by the authorities, framing innocents by mistake?

Client-side scanning is textbook mass surveillance. The piece finishes with an evident appeal to emotion, because no one in their right mind would rationally agree that Chat Control is a reasonable and proportional idea.

https://lnkd.in/dufkfvy6",2025-10-17 08:20:05,2025-10-17 08:20:05,1md.,no,in/dfaranha,Diego F. Aranha,"Associate Professor at Department of Computer Science, Aarhus University",,https://media.licdn.com/dms/image/v2/C4E03AQEl7EVYwoipmg/profile-displayphoto-shrink_100_100/profile-displayphoto-shrink_100_100/0/1640961414426?e=1762387200&v=beta&t=R557Q6mO3u0mfva_FfyhF2h1c0l_YVTm8T5m-NvduOk,no,https://www.linkedin.com/in/dfaranha,,,,,,https://www.linkedin.com/feed/update/urn:li:activity:7368758366787067904,https://jyllands-posten.dk/debat/kronik/ECE18485836/enorme-maengder-overgrebsmateriale-med-boern-deles-paa-nettet-det-er-eu-noedt-til-at-bekaempe/?fp-exp=60420000&fp-alg=604200000,9,16,117,100,0,0,0,1,16,,1760689205,1760689205,
7210249641248890880,7210249641248890880,"“The European Union is getting closer to passing new rules that would mandate the bulk scanning of digital messages — including encrypted ones. On Thursday, EU governments will adopt a position on the proposed legislation, which is aimed at detecting child sexual abuse material (CSAM). The vote will determine whether the proposal has enough support to move forward in the EU’s law-making process.

The law, first introduced in 2022, would implement an “upload moderation” system that scans all your digital messages, including shared images, videos, and links. Each service required to install this “vetted” monitoring technology must also ask permission to scan your messages. If you don’t agree, you won’t be able to share images or URLs.”",2025-10-17 08:20:05,2025-10-17 08:20:05,1år,no,in/lauramelotti,Laura Melotti,Data Protection Lawyer at netforLegaL,,https://media.licdn.com/dms/image/v2/C4D03AQGLPr8zVui-1A/profile-displayphoto-shrink_100_100/profile-displayphoto-shrink_100_100/0/1583403018087?e=1762387200&v=beta&t=8ewbBG4bfzg1t4oXM_9ZdlCsXNhwrTFQOD82WOTKPTg,no,https://www.linkedin.com/in/lauramelotti,,,,,,https://www.linkedin.com/feed/update/urn:li:activity:7210249641248890880,https://www.theverge.com/2024/6/19/24181214/eu-chat-control-law-propose-scanning-encrypted-messages-csam,0,0,8,8,0,0,0,0,0,,1760689205,1760689205,
7130918441565200384,7130918441565200384,"How will the draft European Union (EU) CSAM Regulation seek to establish a harmonised legal framework within the EU to prevent and combat online child sexual abuse? We outline the proposal and recent compromises that are said to balance protecting children and upholding their fundamental rights. 

Key to this effort is to create a CSAM Regulation that improves online safety for children. But will this suffice?

Learn more about the proposed EU Regulation – https://bit.ly/3SCcz6E

#ENDCSAM #EuropeanCommission #europeanunion #CSAMRegulation",2025-10-17 08:20:06,2025-10-17 08:20:06,1år,no,company/inhope/posts,INHOPE,8.336 følgere,,,no,https://www.linkedin.com/company/inhope/posts,,,"endcsam,europeancommission,europeanunion,csamregulation",,,https://www.linkedin.com/feed/update/urn:li:activity:7130918441565200384,,0,2,17,17,0,0,0,0,0,,1760689206,1760689206,
7363314430677331968,7363314430677331968,"The EU could be scanning your chats by October 2025 with Chat Control - 

Denmark kicked off its EU Presidency on July 1, 2025, and, among its first actions, lawmakers swiftly reintroduced the controversial child sexual abuse (CSAM) scanning bill to the top of the agenda.

Having been deemed by critics as Chat Control, the bill aims to introduce new obligations for all messaging services operating in Europe to scan users' chats, even if they're encrypted.

The proposal, however, has been failing to attract the needed majority since May 2022, with Poland's Presidency being the last to give up on such a plan.
Denmark is a strong supporter of Chat Control. Now, the new rules could be adopted as early as October 14, 2025, if the Danish Presidency manages to find a middle ground among the countries' members.

Crucially, according to the latest data leaked by the former MEP for the German Pirate Party, Patrick Breyer, many countries that said no to Chat Control in 2024 are now undecided, ""even though the 2025 plan is even more extreme,"" he added.

As per its first version, all messaging software providers would be required to perform indiscriminate scanning of private messages to look for CSAM – so-called 'client-side scanning'. The proposal was met with a strong backlash, and the European Court of Human Rights ended up banning all legal efforts to weaken encryption of secure communications in Europe.

In June 2024, Belgium then proposed a new text to target only shared photos, videos, and URLs, upon users' permission. This version didn't satisfy either the industry or voting EU members due to its coercive nature. As per the Belgian text, users must give consent to the shared material being scanned before being encrypted to keep using the functionality.

🇬🇧🚨 Under Danish leadership, #ChatControl is to be adopted as early as October 14! https://t.co/dKVuSlrSJX (p. 31)The decisive factor is Germany: neither Conservatives nor Socialists have yet declared digital privacy of correspondence and secure encryption to be a red line.July 1, 2025

In the latest of these efforts, on June 24, 2025, the EU Commission published the first step in its ProtectEU strategy, which looked to enable law enforcement bodies to decrypt your private data by 2030.

Source: The EU could be scanning your chats by October 2025 – here's everything we know",2025-10-17 08:20:06,2025-10-17 08:20:06,1md.,no,in/robine,Robin Edgar,Commissioner on Professional Fields,,https://media.licdn.com/dms/image/v2/C4E03AQHUjT0wfTcNag/profile-displayphoto-shrink_100_100/profile-displayphoto-shrink_100_100/0/1516322400433?e=1762387200&v=beta&t=oXeBntoX3LVomCUtBio39Clo2GHIoIDRPW4v7K-2b_M,no,https://www.linkedin.com/in/robine,,,chatcontrol,,,https://www.linkedin.com/feed/update/urn:li:activity:7363314430677331968,https://www.linkielist.com/global-domination/privacy/the-eu-could-be-scanning-your-chats-by-october-2025-with-chat-control/,0,0,2,2,0,0,0,0,0,,1760689206,1760689206,
7366101355209437186,7366101355209437186,"Some European Commission, European Parliament and EU Council officials still believe in targeted access to encrypted communications. Their proposals around the CSAM bill clearly show how naïve-or how misguided-they are. The European Commission has launched a call for experts to design a roadmap to encryption on the ProtectEU strategy. I hope the Salt Typhoon hack remains as core inspiration on the conclusions of this exercise. For the sake of our societies, we must keep an eye on the outcome report of that group.",2025-10-17 08:20:06,2025-10-17 08:20:06,1md.,no,in/david-frautschy,David Frautschy Heredia,Senior Director for European Government and Regulatory Affairs at Internet Society,,https://media.licdn.com/dms/image/v2/C5603AQEOP2CGS31GVw/profile-displayphoto-shrink_100_100/profile-displayphoto-shrink_100_100/0/1517061778829?e=1762387200&v=beta&t=MSNMrNFA9SzQwzUaBP-5qWd52gAkK5rv4w8BryVmMpU,no,https://www.linkedin.com/in/david-frautschy,,,,https://media.licdn.com/dms/image/v2/D4E12AQGv16-q4Cg2ow/article-cover_image-shrink_180_320/B4EZfCZmsxHwAY-/0/1751313184557?e=1762387200&v=beta&t=TdWMryi4YS_riwjx-2L-lvblZr1nIsV6VqVxeQHuINk,,https://www.linkedin.com/feed/update/urn:li:activity:7366101355209437186,https://www.linkedin.com/pulse/salt-typhoon-proves-safe-lawful-access-joseph-lorenzo-hall-vykhe?trackingId=ZhQAfNXLRiqCGw0UhIv8Fw%3D%3D,0,0,4,4,0,0,0,0,0,,1760689206,1760689206,
7239935810437804033,7239935810437804033,"Okay, so the Hungarian presidency of the EU has drafted a new version of the highly controversial law on client-side scanning (chat control) to combat child sexual abuse material (CSAM).
A positive note is that only known material is required to be detected, unfortunately this can be changed later.
Troubling is still that:
▻ the old tekst required detection before the material was transmitted
▻ the new text requires it to be detected before it is send or received.
IN all honesty, what's the difference? Except that it now may be detected on both sender and receiver devices, making the privacy impact potentially even worse than the previous ""before transmitted"" proposal.
#privacy #CSAM #chatControl #clientSideScanning #interPersonalServices #dataProtection #GDPR #proportionality 
https://lnkd.in/eFyhVmJf",2025-10-17 08:20:08,2025-10-17 08:20:08,1år,no,in/shamrockinfosec,Drs. Andor Demarteau,"Trusted Advisor, Senior Information Security, Privacy, GDPR Professional , experienced trainer, public speaker (gold dust)",,,no,https://www.linkedin.com/in/shamrockinfosec,,,"privacy,csam,chatcontrol,clientsidescanning,interpersonalservices,dataprotection,gdpr,proportionality",,,https://www.linkedin.com/feed/update/urn:li:activity:7239935810437804033,https://www.euractiv.com/section/law-enforcement/news/compromise-on-child-sexual-abuse-law-focuses-on-known-material-simplifies-authority-roles/,0,0,0,0,0,0,0,0,0,,1760689208,1760689208,
7367087815542657024,7367087815542657024,"The EU’s ""Chat Control"" regulation is heading for a decisive vote this autumn. Member states remain divided, with 15 backing the regulation, several undecided, and countries such as Austria, Belgium, the Netherlands, Poland, and the Czech Republic opposing it.

The proposal would require mandatory scanning of all digital communications to detect CSAM, even on encrypted services. Supporters, including child protection advocates, argue it is vital to prevent online abuse. Critics warn it risks mass surveillance, privacy violations and false positives.

 #EUPerspectives #ChatControl #TechPolicy #ChildSafety",2025-10-17 08:20:08,2025-10-17 08:20:08,1md.,no,company/eu-perspectives/posts,EU Perspectives,657 følgere,,,no,https://www.linkedin.com/company/eu-perspectives/posts,,,"euperspectives,chatcontrol,techpolicy,childsafety",,,https://www.linkedin.com/feed/update/urn:li:activity:7367087815542657024,,1,0,1,1,0,0,0,0,0,,1760689208,1760689208,
7160982056712245248,7160982056712245248,"EU Proposes Criminalizing AI-Generated Child Sexual Abuse and Deepfakes: 

An anonymous reader quotes a report from TechCrunch: AI-generated imagery and other forms of deepfakes depicting child sexual abuse (CSA) could be criminalized in the European Union under plans to update existing legislation to keep pace with technology developments, the Commission announced today. It's also proposing to create a new criminal offense of livestreaming child sexual abuse. The possession and exchange of ""pedophile manuals"" would also be criminalized under the plan -- which is part of a wider package of measures the EU says is intended to boost prevention of CSA, including by increasing awareness of online risks and to make it easier for victims to report crimes and obtain support (including granting them a right to financial compensation). The proposal to update the EU's current rules in this area, which date back to 2011, also includes changes around mandatory reporting of offenses.

Back in May 2022, the Commission presented a separate piece of CSA-related draft legislation, aiming to establish a framework that could make it obligatory for digital services to use automated technologies to detect and report existing or new child sexual abuse material (CSAM) circulating on their platforms, and identify and report grooming activity targeting kids. The CSAM-scanning plan has proven to be highly controversial -- and it continues to split lawmakers in the parliament and the Council, as well as kicking up suspicions over the Commission's links with child safety tech lobbyists and raising other awkward questions for the EU's executive, over a legally questionable foray into microtargeted ads to promote the proposal. The Commission's decision to prioritize the targeting of digital messaging platforms to tackle CSA has attracted a lot of criticism that the bloc's lawmakers are focusing in the wrong area for combatting a complex societal problem -- which may have generated some pressure for it to come with follow-on proposals. (Not that the Commission is saying that, of course; it describes today's package as ""complementary"" to its earlier CSAM-scanning proposal.) ""Fast evolving technologies are creating new possibilities for child sexual abuse online, and raises challenges for law enforcement to investigate this extremely serious and wide spread crime,"" said Ylva Johansson, commissioner for home affairs, in a statement. ""A strong criminal law is essential and today we are taking a key step to ensure that we have effective legal tools to rescue children and bring perpetrators to justice. We are delivering on our commitments made in the EU Strategy for a more effective fight against Child sexual abuse presented in July 2020.""

The final shape of the proposals will be determined by the EU's co-legislators in the Parliament and Council. ""If/when there's agreement on how to amend the current directive on combating CSA, it would enter into force 20 days after its publicati",2025-10-17 08:20:08,2025-10-17 08:20:08,1år,no,company/slashdot-media/posts,Slashdot Media,19.703 følgere,,,no,https://www.linkedin.com/company/slashdot-media/posts,,,,,,https://www.linkedin.com/feed/update/urn:li:activity:7160982056712245248,,0,0,0,0,0,0,0,0,0,,1760689208,1760689208,
7250883673443483648,7250883673443483648,"New ""Security"" post on TechCrunch:   ‘Chat control’: The EU’s controversial CSAM-scanning legal proposal explained 

The European Union has a longstanding reputation for strong privacy laws. But a legislative plan to combat child abuse — which the bloc formally presented back in May 2022 — is threatening to downgrade the privacy and security of hundreds of millions of regional messaging app users. The European Commission, the EU legislative body that […]

© 2024 TechCrunch. All rights reserved. For personal use only.

https://tcrn.ch/4h2PmUU",2025-10-17 08:20:10,2025-10-17 08:20:10,1år,no,in/dmfezzareed,Debra M. Fezza Reed,Available Immediately | 100% Remote | Risk-Based Vulnerability Management Leader | Transforming Security Programs into a Strategic Business Enabler | Strategic Security Practitioner | Executive & Board-Ready Reporting,,https://media.licdn.com/dms/image/v2/D5603AQHlwqrXZwEZLA/profile-displayphoto-scale_200_200/B56ZmeFTUbI0Ac-/0/1759293814635?e=1762387200&v=beta&t=pbPbOw6uoIZwKHh8Fl0AW8_hGEINlsirCFXodCkFFso,no,https://www.linkedin.com/in/dmfezzareed,,,,,,https://www.linkedin.com/feed/update/urn:li:activity:7250883673443483648,,0,0,0,0,0,0,0,0,0,,1760689210,1760689210,
7378379278272458752,7378379278272458752,"This is NOT clickbait. I wish it was...

I learned about ChatControl yesterday, a legislative bombshell that could mandate mass scanning of every private message, photo, and file (even on encrypted apps like Signal or WhatsApp). It's going to be voted as soon as next month. And it looks like the EU will move forward with it.

All this GDPR and cookie banner bullshit, just to end up with a massive 180º turn that will end privacy for everyone in Europe. EVERYONE. No, you can't opt out. 

Read all the details in this article, and share it in your feed. We must let people know, because they are doing this quietly. It's so terrible that they need to move fast and stealth. 

Spread the word!",2025-10-17 08:20:10,2025-10-17 08:20:10,2u,no,in/luisnomad,Luis Serrano,Transforming Advertising with AI - Engineering + AI Video + Automation,,https://media.licdn.com/dms/image/v2/D4E03AQHS7H3B09GLpw/profile-displayphoto-scale_400_400/B4EZgzqT3TGcAk-/0/1753213387464?e=1762387200&v=beta&t=ADgC4NOo8XRwXWRlZe3dFL94FcRyVwQEOXpGrsJDtTU,no,https://www.linkedin.com/in/luisnomad,,,,https://media.licdn.com/dms/image/v2/D4D12AQGJBOAJzHVmtg/article-cover_image-shrink_180_320/B4DZmUnK4vHwAY-/0/1759134927951?e=1762387200&v=beta&t=XmldTLjeig8vfzjkdjCpF8-_WPXJ24bbgMzCFav23PU,,https://www.linkedin.com/feed/update/urn:li:activity:7378379278272458752,https://www.linkedin.com/pulse/eus-privacy-paradox-from-gdpr-hero-surveillance-state-luis-serrano-y75kf?trackingId=8ydDsqp9Ty%2BW6KKGLDtGvA%3D%3D,3,0,10,9,0,0,0,0,1,,1760689210,1760689210,
7271825675509026816,7271825675509026816,"📢  𝗔𝗽𝗽𝗹𝗲 𝘀𝘂𝗲𝗱 𝗼𝘃𝗲𝗿 𝗹𝗮𝗰𝗸 𝗼𝗳 𝗖𝗦𝗔𝗠 𝗽𝗿𝗼𝘁𝗲𝗰𝘁𝗶𝗼𝗻 𝗶𝗻 𝗶𝗖𝗹𝗼𝘂𝗱 

Apple faces a lawsuit over its decision not to implement a proposed system for detecting child sexual abuse material (CSAM) in iCloud photos, despite reportedly possessing the technology to do so. This lawsuit, coupled with renewed pressure from U.S. law enforcement and regulatory shifts in the EU, highlights the complex ethical challenges of balancing user safety and privacy.

𝗧𝗵𝗲 𝗰𝗹𝗮𝘀𝘀 𝗮𝗰𝘁𝗶𝗼𝗻
The class action, brought forward by survivors of abuse, alleges that #Apple knowingly allowed CSAM to proliferate on its platform, claiming its reluctance to implement a proposed CSAM detection system has exacerbated the trauma for thousands of survivors. Apple previously shelved the system after privacy advocates warned it could create dangerous precedents, such as enabling government surveillance. Now, as the FBI calls for ""responsible encryption"" to grant law enforcement access under court orders, Apple faces mounting pressure to revisit its stance.

𝗗𝗲𝗯𝗮𝘁𝗲𝘀 𝗼𝘃𝗲𝗿 𝗰𝗼𝗻𝘁𝗲𝗻𝘁 𝗿𝗲𝗴𝘂𝗹𝗮𝘁𝗶𝗼𝗻
Globally, these issues resonate in debates over content regulation. For example, the #EU is considering proposed legislation to implement “chat control”, which would hold tech platforms accountable for illegal content shared through their services. This approach would require platforms to indirectly monitor transmitted content for illegal material, while still preserving encryption. Users would therefore need to consent to this form of content screening to access and use end-to-end encrypted platforms. While this proposal currently lacks sufficient votes and backing among EU member states, the situation could evolve.

EthicAI builds #trust in AI solutions. We believe ethics-driven AI helps our clients minimise the risks and maximise the benefits of AI deployment.

#ResponsibleAI #AIandPrivacy #EthicalAI #Transparency #TrustworthyAI #Privacy #Apple
 
(🔗 to article in comments)",2025-10-17 08:20:11,2025-10-17 08:20:11,10md.,no,company/ethicai/posts,EthicAI,3.144 følgere,,,no,https://www.linkedin.com/company/ethicai/posts,,,"apple,eu,trust,responsibleai,aiandprivacy,ethicalai,transparency,trustworthyai,privacy,apple",,,https://www.linkedin.com/feed/update/urn:li:activity:7271825675509026816,,1,0,8,7,0,0,0,0,1,,1760689211,1760689211,
7157751416227291136,7157751416227291136,Opinion 8/2024 on the Proposal for a Regulation amending Regulation (EU) 2021/1232 on a temporary derogation from certain ePrivacy provisions for combating CSAM,2025-10-17 08:20:11,2025-10-17 08:20:11,1år,no,in/luisalbertomontezuma,Luis Alberto Montezuma,Facilitador de Espacios Internacionales de Datos Personales | OP*,,,no,https://www.linkedin.com/in/luisalbertomontezuma,,,,,,https://www.linkedin.com/feed/update/urn:li:activity:7157751416227291136,,0,6,35,28,0,1,1,1,4,,1760689211,1760689211,
7170704855718699010,7170704855718699010,"What's happening with #EU legislation? The Belgian Presidency last week summarised legislative proposals in the area of Justice & Home Affairs, including the state of play on:
➡#GDPR #procedural Regulation: ""The objective of the Belgian Presidency is to reach a general approach before the end of June"" - so, I suspect the trilogue is unlikely before the autumn
➡#Productliability Directive
➡#AI #liability Directive
➡#CSAM Regulation: you'll recall the existing Regulation, affecting #hosting and #comms providers, is being extended.
https://lnkd.in/eD84pG4f
 
As you’ll know, the near-final #AIAct will be voted on by the European Parliament in plenary on 13 March, not April https://lnkd.in/esXyipDF",2025-10-17 08:20:11,2025-10-17 08:20:11,1år,no,in/wkhon,Dr W Kuan Hon,"Of Counsel, Dentons; Member, DIFC Regulation 10 Advisory Committee; Editor, Encyclopedia of Data Protection & Privacy. All views personal only.",,https://media.licdn.com/dms/image/v2/C4D03AQHmdlU_pQaYaw/profile-displayphoto-shrink_100_100/profile-displayphoto-shrink_100_100/0/1517405493488?e=1762387200&v=beta&t=mCun1lJcYjlKS0yspRz6s9SospJ-32ml26UrDJS1rhQ,no,https://www.linkedin.com/in/wkhon,,,"eu,gdpr,procedural,productliability,ai,liability,csam,hosting,comms,aiact",,,https://www.linkedin.com/feed/update/urn:li:activity:7170704855718699010,https://data.consilium.europa.eu/doc/document/ST-6948-2024-INIT/en/pdf,0,2,11,11,0,0,0,0,0,,1760689211,1760689211,
7377820149019754496,7377820149019754496,"The EU's ""ChatControl"" proposal, aimed at fighting child sexual abuse material (CSAM), has sparked a firestorm in the tech community, and for good reason. The core idea is to scan all private digital messages, including those protected by end-to-end encryption in apps like Signal and WhatsApp.

While the goal is noble, the proposed method is what has security experts worried. The plan relies on ""client-side scanning,"" meaning your device would be required to analyze photos and text *before* they are encrypted and sent. Experts from across the cybersecurity spectrum are largely in agreement: this is technically indistinguishable from building a backdoor into secure communications. There is no way to create a system that only scans for ""bad"" content without creating a vulnerability that could be exploited by malicious actors or repurposed for broader surveillance.

The debate goes beyond technical feasibility. AI-driven content analysis is notoriously prone to false positives, which could lead to innocent atechnicalnalysis being flagged, investigated, and having their privacy violated without due process. It forces a collision between the desire to protect vulnerable people and the fundamental right to private communication.

The core of the issue isn't whether we should fight this horrific material—of course, we should. The question is whether we can accept a solution that effectively dismantles digital privacy for everyone in the process. Once this infrastructure is built, it's naive to think its use wouldn't expand. 🤔

#ChatControl #Privacy #Cybersecurity #Encryption #TechPolicy

https://lnkd.in/gVvs7x3q",2025-10-17 08:20:14,2025-10-17 08:20:14,2u,no,company/peculiar-cloud/posts,Peculiar Cloud,15 følgere,,,no,https://www.linkedin.com/company/peculiar-cloud/posts,,,"chatcontrol,privacy,cybersecurity,encryption,techpolicy",,,https://www.linkedin.com/feed/update/urn:li:activity:7377820149019754496,https://metalhearf.fr/posts/chatcontrol-wants-your-private-messages/,0,0,0,0,0,0,0,0,0,,1760689214,1760689214,
7323280267677171712,7323280267677171712,"🆕 In our latest blogpost, Asko Metsola, former legal advisor of FiCom gives his take on the growing burden placed on #telecom companies to police #onlinecontent.

From content filtering to #encryption-breaking proposals, recent #EU legislation is piling on responsibilities that stretch the limits of the #DSA, undermining user #privacy and secure communications.

📖 Read more below 👇 or on our website. https://lnkd.in/dQH6qZKE",2025-10-17 08:20:14,2025-10-17 08:20:14,5md.,no,company/euroispa/posts,EuroISPA,1.007 følgere,,,no,https://www.linkedin.com/company/euroispa/posts,,,"telecom,onlinecontent,encryption,eu,dsa,privacy",https://media.licdn.com/dms/image/v2/D4D12AQFrykUx2IPXiQ/article-cover_image-shrink_180_320/B4DZaGBDKdGwAc-/0/1746005149208?e=1762387200&v=beta&t=-VKEJznuARK-FZ-CY_wGYRvi9_qu5kQ_7HWD9urwPCU,,https://www.linkedin.com/feed/update/urn:li:activity:7323280267677171712,https://www.linkedin.com/pulse/telecom-operators-must-become-content-police-euroispa-stz2f?trackingId=a60AVYMWR3CkRRkPj7B7pw%3D%3D,0,1,9,9,0,0,0,0,0,,1760689214,1760689214,
7160981589353521152,7160981589353521152,"EU Proposes Criminalizing AI-Generated Child Sexual Abuse and Deepfakes: An anonymous reader quotes a report from TechCrunch: AI-generated imagery and other forms of deepfakes depicting child sexual abuse (CSA) could be criminalized in the European Union under plans to update existing legislation to keep pace with technology developments, the Commission announced today. It's also proposing to create a new criminal offense of livestreaming child sexual abuse. The possession and exchange of ""pedophile manuals"" would also be criminalized under the plan -- which is part of a wider package of measures the EU says is intended to boost prevention of CSA, including by increasing awareness of online risks and to make it easier for victims to report crimes and obtain support (including granting them a right to financial compensation). The proposal to update the EU's current rules in this area, which date back to 2011, also includes changes around mandatory reporting of offenses.

Back in May 2022, the Commission presented a separate piece of CSA-related draft legislation, aiming to establish a framework that could make it obligatory for digital services to use automated technologies to detect and report existing or new child sexual abuse material (CSAM) circulating on their platforms, and identify and report grooming activity targeting kids. The CSAM-scanning plan has proven to be highly controversial -- and it continues to split lawmakers in the parliament and the Council, as well as kicking up suspicions over the Commission's links with child safety tech lobbyists and raising other awkward questions for the EU's executive, over a legally questionable foray into microtargeted ads to promote the proposal. The Commission's decision to prioritize the targeting of digital messaging platforms to tackle CSA has attracted a lot of criticism that the bloc's lawmakers are focusing in the wrong area for combatting a complex societal problem -- which may have generated some pressure for it to come with follow-on proposals. (Not that the Commission is saying that, of course; it describes today's package as ""complementary"" to its earlier CSAM-scanning proposal.) ""Fast evolving technologies are creating new possibilities for child sexual abuse online, and raises challenges for law enforcement to investigate this extremely serious and wide spread crime,"" said Ylva Johansson, commissioner for home affairs, in a statement. ""A strong criminal law is essential and today we are taking a key step to ensure that we have effective legal tools to rescue children and bring perpetrators to justice. We are delivering on our commitments made in the EU Strategy for a more effective fight against Child sexual abuse presented in July 2020.""

The final shape of the proposals will be determined by the EU's co-legislators in the Parliament and Council. ""If/when there's agreement on how to amend the current directive on combating CSA, it would enter into force 20 days after its publication",2025-10-17 08:20:14,2025-10-17 08:20:14,1år,no,in/loganabbott,Logan Abbott,"President @ SourceForge, the world's largest and most-visited B2B software comparison website (20 million in-market software shoppers per month + Buyer Intent Data)",,https://media.licdn.com/dms/image/v2/D5603AQEWeejVWsWEwQ/profile-displayphoto-shrink_200_200/B56ZOjtlVRG8AY-/0/1733618456212?e=1762387200&v=beta&t=IpO9P00DwDP04wR4HF3fGrmGb9gkANy1GE4fpJq9hT0,no,https://www.linkedin.com/in/loganabbott,,,,,,https://www.linkedin.com/feed/update/urn:li:activity:7160981589353521152,,0,0,0,0,0,0,0,0,0,,1760689214,1760689214,
7209295851578355712,7209295851578355712,"EU Chat Control Law Proposes Scanning Your Messages - Even Encrypted Ones: 

The European Union is getting closer to passing new rules that would mandate the bulk scanning of digital messages -- including encrypted ones. On Thursday, EU governments will adopt a position on the proposed legislation, which is aimed at detecting child sexual abuse material (CSAM). The vote will determine whether the proposal has enough support to move forward in the EU's law-making process. From a report: The law, first introduced in 2022, would implement an ""upload moderation"" system that scans all your digital messages, including shared images, videos, and links. Each service required to install this ""vetted"" monitoring technology must also ask permission to scan your messages. If you don't agree, you won't be able to share images or URLs.

As if this doesn't seem wild enough, the proposed legislation appears to endorse and reject end-to-end encryption at the same time. At first, it highlights how end-to-end encryption ""is a necessary means of protecting fundamental rights"" but then goes on to say that encrypted messaging services could ""inadvertently become secure zones where child sexual abuse material can be shared or disseminated.""

Read more of this story at Slashdot.",2025-10-17 08:20:15,2025-10-17 08:20:15,1år,no,company/slashdot/posts,Slashdot,9.125 følgere,,,no,https://www.linkedin.com/company/slashdot/posts,,,,,,https://www.linkedin.com/feed/update/urn:li:activity:7209295851578355712,,0,0,1,1,0,0,0,0,0,,1760689215,1760689215,
7371827312100642817,7371827312100642817,"🚨EU FOLKS WRITE YOUR REPS:

I am writing to ask that you absolutely speak out aginst and vote down the proposed Chat Control legislation (CSAM Regulation) currently being reconsidered under the Danish EU Council Presidency. This law will NOT protect children but will greatly destroy any concept of democracy, safety, and privacy, causing a huge shift toward fascism in Europe to accelerate.

I am particularly concerned about the following issues:

• The proposed Chat Control legislation represents an unprecedented violation of our fundamental right to privacy. Mass surveillance of private communications is incompatible with Article 7 of the EU Charter of Fundamental Rights. Once this window is opened it will allow American companies to exploit EU users data and rights and cause great harm to EU sovereignty. In addition, this will massively accelerate fascism in the EU and destroy any semblance of democracy.

• Breaking end-to-end encryption would make all EU citizens vulnerable to cybercriminals, authoritarian regimes, and foreign interference. Strong encryption is essential for our digital security and economic competitiveness. The protections of privacy in encrypted communications are critical to a free society, and will be easily abused by those in power if eliminated as this law would result in.

• This proposal has been repeatedly rejected or stalled by democratic institutions, with the European Parliament voting against mass surveillance and the Council failing to achieve majority support for over two years. It is time to fully and strongly push back against this and ensure our rights will be protected throughout the future.

• AI-based content scanning produces numerous false positives, potentially criminalizing innocent family photos and conversations. The technical implementation is fundamentally flawed and unreliable. Those of us who study the development of AI technologies already know how unreliable LLMs are at producing factual results as they don't think, they hallucinate false information and are very certain of their accuracy even when they are explicitly incorrect. This is not the hero of efficiency and safety it is being pitched as, but the opposite, a known non-functional and dangerously innacurate tool that is being applied in ways it is not technically able to.

I urge you to:
• Vote against any proposal that mandates mass surveillance of private communications
• Protect end-to-end encryption and digital privacy rights
• Support targeted, evidence-based approaches to child protection
• Ensure proper democratic scrutiny of this legislation
• Reject the European Parliament's conditioning the extension of the temporary derogation (with voluntary scanning arrangements) on Council advancing the mandatory chat control proposal

The current proposal fails to balance child protection with fundamental rights and would set a dangerous precedent for digital surveillance in the EU. A vote for this proposal is a vote for fascism.

See link",2025-10-17 08:20:15,2025-10-17 08:20:15,1md.,no,in/legallyunconventional,Jacqueline Horani,"Lawyer (NY & CA) rooting out exploitation & oppression from our business practices, our contracts, & ourselves -I make 📑 into 🖼 with plain language & visual design for #CollectiveLiberation",,https://media.licdn.com/dms/image/v2/D4D03AQENref_XxxlZw/profile-displayphoto-shrink_100_100/profile-displayphoto-shrink_100_100/0/1707316819618?e=1762387200&v=beta&t=QaEQogcQE_WRRWjQE7w5-nex-5V_eqK2ycXY3lTHTME,no,https://www.linkedin.com/in/legallyunconventional,,,,,,https://www.linkedin.com/feed/update/urn:li:activity:7371827312100642817,,1,3,11,6,0,0,0,4,1,,1760689215,1760689215,
7275364443549483008,7275364443549483008,"The EU’s CSAM Law: Totalitarianism Disguised as Protection?

The European Union is proposing yet another intrusive regulation—the so-called CSAM (Child Sexual Abuse Material) law. At first glance, this legislation, spearheaded by figures like Henna Virkkunen, may seem well-intentioned, aiming to protect children from exploitation. But when examined in the broader context of existing EU measures like the Digital Services Act (DSA), Media Laws, and the proposed Digital ID system, the picture becomes far more alarming.

How the CSAM Law Fits Into the EU’s Framework of Control

The EU already wields significant power over digital platforms and individual freedoms through:

The DSA and DMA: These laws regulate online content and markets, forcing platforms to act as censors under the guise of preventing misinformation or protecting public order.

Media Laws: The EU’s oversight of media content mandates quotas and curbs dissent, often leaving national governments with little room to protect press freedom.

Digital ID: The push for a unified digital identification system aims to centralize citizen data and link all online activity to verified identities.


The CSAM proposal adds yet another layer of mass surveillance to this framework by mandating:

1. Scanning All Digital Communications: This includes private and encrypted messages, effectively ending any semblance of privacy in online interactions.


2. Pervasive Monitoring: Platforms must deploy AI tools to identify and report potential CSAM, even in private conversations.



Why This Is an Unprecedented Threat

When combined, these policies create a chillingly totalitarian system:

No Privacy, Anywhere: The CSAM law ensures that every message you send, even in encrypted apps like Signal or WhatsApp, is monitored. This directly undermines encryption—a critical tool for protecting dissenters, journalists, and whistleblowers.

Universal Surveillance Network: The EU now controls not only what you can say in public (via the DSA and media laws) but also what you can say in private.

Digital Control Over Identity: With Digital ID, your activity can be traced back to you, tying every communication to your verified identity.


The Totalitarian Implications

From an anarcho-capitalist perspective, this is a clear attempt to centralize power under the guise of ""protection."" The pattern is familiar: governments use fear (whether of misinformation, terrorism, or exploitation) to justify draconian measures.

Weaponizing Fear: By invoking child protection, the EU silences critics who might otherwise oppose such sweeping surveillance.

Erosion of Sovereignty: Member states like Finland are left enforcing policies that strip their citizens of privacy and autonomy.



A Call for Skepticism

Do you trust the EU with this level of control over your life? Should protecting children come at the expense of everyone’s liberty and privacy?",2025-10-17 08:20:15,2025-10-17 08:20:15,9md.,no,in/simo-koivisto-a2698a341,Simo Koivisto,"Author of The Consequences of the European Values | Exploring Governance, Sovereignty, and Autonomy",,https://media.licdn.com/dms/image/v2/D5603AQHH-7nkEQ30cA/profile-displayphoto-shrink_800_800/B56ZPeZUDEGQAc-/0/1734602999127?e=1762387200&v=beta&t=QWFbZVeQ-VOAIf5jX8jZxNTvJdPAztaKD8BP6epG-mw,no,https://www.linkedin.com/in/simo-koivisto-a2698a341,,,,,,https://www.linkedin.com/feed/update/urn:li:activity:7275364443549483008,,0,0,0,0,0,0,0,0,0,,1760689215,1760689215,
7208958706825240576,7208958706825240576,"Key Concerns Over EU's Proposed Message Scanning for CSAM Detection

The Signal Foundation is raising the alarm on new EU proposals aimed at combating Child Sexual Abuse Material (CSAM) online. 
This initiative may require providers to scrutinize users' private messages before they're encrypted – a move that could jeopardize the integrity of end-to-end encryption (E2EE).

The proposed law, known as ""upload moderation,"" would effectively mandate platforms to detect CSAM pre-encryption, although audio communications are currently exempt. Moreover, user consent is required as part of the service provider's terms and conditions, allowing those who disagree with the mandate to use limited service features.

In April 2024, Europol called for cooperation between governments and the tech industry to ensure public safety without impeding law enforcement's ability to investigate. 
This echoes a larger debate on how to balance individuals’ privacy rights against the need to deter illegal activities.

Previous initiatives like Apple's scrapped plan for client-side CSAM screening in 2022 have demonstrated the backlash such measures can face from privacy advocates. 
Signal highlighted the potential ""slippery slope"" that this could lead to broader surveillance efforts across different types of content.

As the debate continues, the core dilemma remains: 
How to protect the public from heinous crimes without infringing upon the right to private and secure communication?

#cbersecurity #dataprivacy #espionage #surveillance",2025-10-17 08:20:16,2025-10-17 08:20:16,1år,no,in/corina-pantea,Corina Pantea,Chief Cognitive Defense Officer | Anti PsyOps Author | Thought Warrior powered by non-synthetic SuperIntelligence 💚🧠 | HUMINT and OSINT researcher | Pen Name: Fleur de Sel,,https://media.licdn.com/dms/image/v2/D4D03AQGiwmrLZ63uiw/profile-displayphoto-scale_100_100/B4DZmV6ZWcIcAc-/0/1759156738110?e=1762387200&v=beta&t=lFJQzkeMm37fAxi5FHoKxQb4TDGudd5MCPbrXEXmM84,no,https://www.linkedin.com/in/corina-pantea,,,"cbersecurity,dataprivacy,espionage,surveillance",,,https://www.linkedin.com/feed/update/urn:li:activity:7208958706825240576,,0,0,4,4,0,0,0,0,0,,1760689216,1760689216,
7300320188283940864,7300320188283940864,"Two years ago, I already wrote about CSAM and other policies making its way into EU. Now there is new ""attempts"" from ""recent"" policy proposals in Sweden... My view is simple. Don't touch, don't break... and punish the UK...",2025-10-17 08:20:16,2025-10-17 08:20:16,7md.,no,in/angeliquedawnbringer,Angelique Dawnbringer,Digital Trust | Information & Cybersecurity Advisor,,https://media.licdn.com/dms/image/v2/C5603AQEQj2rcmB_-BQ/profile-displayphoto-shrink_100_100/profile-displayphoto-shrink_100_100/0/1646312986102?e=1762387200&v=beta&t=45Mxdr9zBQQs1HKKE2VsXye5CXSLTD_Lc8T3-bYu4DA,no,https://www.linkedin.com/in/angeliquedawnbringer,,,,https://media.licdn.com/dms/image/v2/D4D12AQHuA-bhLO-drQ/article-cover_image-shrink_600_2000/B4DZU_u2a9GkAU-/0/1740531002118?e=1762387200&v=beta&t=2cBLJZ_gjo9kuYzLKsl_HfoY5eSSJ1X0o5ulLnT50Hg,,https://www.linkedin.com/feed/update/urn:li:activity:7300320188283940864,https://www.linkedin.com/pulse/war-encryption-end-private-communication-angelique-dawnbringer-yuvzf?trackingId=U44UADrGT0uaiH6zV8GJ9w%3D%3D,1,0,15,9,0,2,0,0,4,,1760689216,1760689216,
7255226838413717504,7255226838413717504,"Issue 3 of the EDPL is finally out! I wrote a case note on the Podchasov case. On 13 February 2024, the European Court of Human Rights (ECtHR) issued a judgment in the case of Podchasov v. Russia. The ECtHR underscored the vital role of end-to-end encryption in protecting human rights, such as the right to privacy and freedom of expression, particularly in the context of statutory decryption orders. This case note analyzes the judgment and critically examines the ongoing legal debate surrounding legislative proposals in the EU (e.g., the CSAM Regulation proposal) that aim to weaken encryption, either directly or indirectly.

https://lnkd.in/et4qmWjx",2025-10-17 08:20:16,2025-10-17 08:20:16,11md.,no,in/pier-giorgio-chiara-ph-d-67b426142,"Pier Giorgio Chiara, Ph.D.",Assistant Professor (RTD-A) in Legal Informatics and Cybersecurity Law presso Università di Bologna,,https://media.licdn.com/dms/image/v2/D4D03AQGuVFbPJ-3AWw/profile-displayphoto-shrink_100_100/profile-displayphoto-shrink_100_100/0/1690012959240?e=1762387200&v=beta&t=raHwDxkkaXubEdwEXroEwtZfCNrqsDRzB4WBDhBBj-c,no,https://www.linkedin.com/in/pier-giorgio-chiara-ph-d-67b426142,,,,,,https://www.linkedin.com/feed/update/urn:li:activity:7255226838413717504,https://edpl.lexxion.eu/article/EDPL/2024/3/12,0,1,24,23,0,0,0,0,1,,1760689216,1760689216,
7203403335603765250,7203403335603765250,"Protecting children from abuse is imperative, but sacrificing everybody’s freedom online is not the answer. 

We warn Member States that the latest proposal by the Belgian Presidency of the Council of the European Union 2024 concerning the fight against child sexual abuse material (CSAM) could lead to significant privacy and data protection issues.

As the Belgian Presidency's term nears its end, there is a push to reach an agreement that would enable negotiations to advance with the European Parliament post-elections.

We fully recognise the critical importance of addressing the harms caused by CSAM and the complex challenges in achieving a unified approach across the EU. However, the current proposal does not adequately address fundamental issues arising from Member States' obligations under the Charter of Fundamental Rights, such as the right to privacy, data protection, and freedom of expression.

The new strategy for detecting both known and unknown CSAM presents several inconsistencies with existing EU legislation, particularly the General Data Protection Regulation (GDPR) and the Digital Services Act (DSA). Our analysis delves into key areas of concern, including:

🔹  The questionable validity of consent as a legal basis for extensive scanning of users' images and videos.
🔹 The conflicting obligations placed on service providers as data controllers under GDPR.
🔹 The contradictory reporting requirements for intermediary services under the DSA.

In light of these issues, we call on Member States to reject this proposal and work towards a more balanced solution that effectively protects children while also safeguarding our fundamental freedoms.

Our Programme Director for Surveillance and Security Silvia Lorenzo Perez, our Acting Director Asha Allen and CDT Non Resident Fellow Dr. Sabine K. Witting penned the analysis that you can find here 👉 https://lnkd.in/eY8YjSmJ

 #Privacy #DataProtection #FreeSpeech #CSAR #E2EE",2025-10-17 08:20:40,2025-10-17 08:20:40,1år,no,company/cdteu/posts,Centre for Democracy & Technology Europe,6.855 følgere,,,no,https://www.linkedin.com/company/cdteu/posts,,,"privacy,dataprotection,freespeech,csar,e2ee",,,https://www.linkedin.com/feed/update/urn:li:activity:7203403335603765250,,0,3,11,8,0,2,0,0,1,,1760689240,1760689240,
7358894118841851904,7358894118841851904,"The EU is now planning to BAN private messaging in Europe.
They want to SCAN all your messages before they are sent on messaging apps.
This is a major attack on privacy.

The EU's ""Chat Control"" proposal, revived in July 2025 and backed by 19 member states, would mandate client-side scanning of all messages on apps like WhatsApp and Signal for CSAM, undermining encryption and privacy. It's not a outright ban on private messaging, but a vote could occur by October. Not yet law. 

Having fun yet?",2025-10-17 08:20:40,2025-10-17 08:20:40,2md.,no,in/markowathen,Marko Wathen,Transforming Complexity into Clarity | Founder of @Aigui | Knowledge Visualization & AI,,https://media.licdn.com/dms/image/v2/D4E03AQGzq4FFI5Cibw/profile-displayphoto-shrink_800_800/B4EZV_0Vv8HUAc-/0/1741606182435?e=1762387200&v=beta&t=dBv2tkXy4k-vK4qrCXeM7JLcv6vmyTw0RoKMpjsLLHU,no,https://www.linkedin.com/in/markowathen,,,,,,https://www.linkedin.com/feed/update/urn:li:activity:7358894118841851904,,0,0,1,1,0,0,0,0,0,,1760689240,1760689240,
7361747172507144194,7361747172507144194,"𝐂𝐡𝐚𝐭 𝐂𝐨𝐧𝐭𝐫𝐨𝐥 𝐢𝐬 𝐛𝐚𝐜𝐤, 𝐚𝐧𝐝 𝐢𝐭 𝐢𝐬 𝐦𝐨𝐫𝐞 𝐝𝐚𝐧𝐠𝐞𝐫𝐨𝐮𝐬 𝐭𝐡𝐚𝐧 𝐞𝐯𝐞𝐫

The Danish EU Presidency is pushing for the most radical version yet of the “Chat Control” law. This proposal would mandate the scanning of everyone’s private messages, in the name of 'protecting children online'. 

Let’s be clear: this isn’t about voluntary safety tools. This is about mandatory, mass scanning. This means your device would check your images, videos, and even links before they’re encrypted and sent. Think of it as the post office opening and reading every letter in your living room before you seal the envelope.

𝐖𝐡𝐚𝐭 𝐢𝐬 𝐞𝐧𝐜𝐫𝐲𝐩𝐭𝐢𝐨𝐧 𝐚𝐧𝐝 𝐰𝐡𝐲 𝐝𝐨𝐞𝐬 𝐢𝐭 𝐦𝐚𝐭𝐭𝐞𝐫?

End-to-end encryption scrambles a message so only you and the intended recipient can read it. Not the platform, not hackers, not governments. It’s the foundation of secure banking, private conversations, and safe journalism. Weakening it doesn’t just target criminals: it exposes everyone to cyberattacks, identity theft, and surveillance.

𝐖𝐡𝐲 𝐭𝐡𝐢𝐬 𝐩𝐫𝐨𝐩𝐨𝐬𝐚𝐥 𝐢𝐬 𝐟𝐥𝐚𝐰𝐞𝐝:

1) Rights violations: this legislation could set a precedent for large-scale scanning of private communications.
2) Security risks: mandatory scanning inevitably weakens encryption, leaving people less secure and more exposed to threats.
3) Experts warn that tools for spotting new CSAM and grooming often make mistakes, with many false alarms and a high risk of wrongly identifying content.
4) False positives: even highly accurate systems would swamp law enforcement with irrelevant reports, pulling resources away from real abuse cases.

There are better ways to protect children. the debate is not a choice between protecting children and preserving privacy, but about ensuring that child-protection measures are effective, proportionate, and respectful of fundamental rights. 

𝐓𝐨 𝐞𝐟𝐟𝐞𝐜𝐭𝐢𝐯𝐞𝐥𝐲 𝐩𝐫𝐨𝐭𝐞𝐜𝐭 𝐜𝐡𝐢𝐥𝐝𝐫𝐞𝐧 𝐨𝐧𝐥𝐢𝐧𝐞, 𝐰𝐞 𝐧𝐞𝐞𝐝 𝐭𝐨:

1) Work with child protection, digital rights, and tech experts to create lawful, targeted, and practical solutions where needed.
2) Prioritise enforcing the Digital Services Act (DSA) so that illegal content is addressed quickly and in a proportionate manner.
3) Delete Child Sexual Abuse Material after investigations, and boost resources for law enforcement and civil groups.

The political reality: some governments now back the Danish push, while others remain undecided. The final decision of the Council could come on 14 October 2025. 

Now is the moment to act. Contact your national government before they take a decision. Tell them: we can protect children without mass surveillance. Weakening encryption is not the answer.",2025-10-17 08:20:40,2025-10-17 08:20:40,2md.,no,in/reinier-van-lanschot-volt,Reinier van Lanschot,"Member of the European Parliament 🇳🇱🇪🇺 Co-founder of the Dutch Chapter of Volt 💜⚡️ Defense, Foreign Affairs, the Internal Market, and Constitutional Affairs. I wrote a book about our future: ‘We are Europe’",,https://media.licdn.com/dms/image/v2/D4E03AQF4fE856yYxag/profile-displayphoto-scale_200_200/B4EZkZLqPyIwAc-/0/1757064112128?e=1762387200&v=beta&t=xQM-ku8x1dFfYF0MFGYKaC5UoYxtFWnfgOMVa66fP4k,no,https://www.linkedin.com/in/reinier-van-lanschot-volt,,,,,,https://www.linkedin.com/feed/update/urn:li:activity:7361747172507144194,,20,58,359,275,6,10,0,48,20,,1760689240,1760689240,
7345402231778598913,7345402231778598913,"🇩🇰 Tomorrow, the Danish Presidency of the Council of the EU will take over from Poland and lead until December 31, 2025. 

💡 Politically, this is a significant Presidency, as Danish leadership could either advance or further delay the European Commission’s agenda.

Key areas to follow: 

1️⃣ Simplification, impact assessments, and burden reduction for future proposals - a refreshing take
2️⃣ Increasing Europe's digital impact globally (let’s try one more time) 
3️⃣ A boost toward the Savings and Investment Union, PSD updates… and the digital euro
4️⃣ CSAM / #ChatControl: the saga continues
5️⃣ Consumer Agenda 2025–2030 / Digital Fairness Act #DFA - the discussions will begin 
6️⃣ Copyright and #AI
7️⃣ Space sovereignty and its funding in the next MFF
8️⃣ Digital Networks Act #DNA : does a “no” really mean “no”
9️⃣ Cybersecurity Act #CSA - will the elimination of high-risk vendors land on the table (before Cyprus takes over)?

https://lnkd.in/dR87XYa5",2025-10-17 08:20:43,2025-10-17 08:20:43,3md.,no,company/eutechloop/posts,eutechloop,346 følgere,,,no,https://www.linkedin.com/company/eutechloop/posts,,,"chatcontrol,dfa,ai,dna,csa",,,https://www.linkedin.com/feed/update/urn:li:activity:7345402231778598913,https://eutechloop.com/danish-presidency/,0,0,8,8,0,0,0,0,0,,1760689243,1760689243,
7264667991550627844,7264667991550627844,"European Parliament Think Tank (EPTT)--Briefing
Combating child sexual abuse online [19 November 2024]
https://lnkd.in/gz-tvH-7
or
https://lnkd.in/gavFQ7RH
and
Multimedia
https://lnkd.in/ggdFdUdn

Online child sexual abuse materials (CSAM) and grooming practices (manipulation aimed at exploiting and abusing people), now increasingly targeting younger children, have been proliferating at an alarming rate. In 2023, the more than 36.2 million reports of suspected online child sexual abuse represented a historical peak. Reports of grooming rose by more than 300 % between 2021 and 2023. Most activities detected were hosted in Europe. In response to this situation, on 11 May 2022 the European Commission adopted a proposal for long-term rules to prevent and combat child abuse. The Commission proposal would require interpersonal communication services, such as webmail messaging services and internet telephony, as well as others, to proactively detect online CSAM materials and activities involving child grooming. However, this poses many concerns regarding privacy, security and law enforcement investigations. The proposal also provides for the establishment of an EU centre to support the implementation and supervision of the new rules. In the European Parliament, the file has been assigned to the Committee on Civil Liberties, Justice and Home Affairs (LIBE). Parliament adopted the LIBE report at first reading on 22 November 2023, along with the committee recommendation to enter into interinstitutional negotiations. The Council is still working on its common position under the Hungarian Presidency, where a blocking minority of countries persists. Third edition. The 'EU Legislation in Progress' briefings are updated at key stages throughout the legislative procedure.",2025-10-17 08:20:43,2025-10-17 08:20:43,10md.,no,in/stuartbasefsky,Stuart M. Basefsky,[Retired] Information Specialist & Lecturer & Director IWS News Bureau at ILR School/Cornell University,,https://media.licdn.com/dms/image/v2/C4E03AQERnSblKPuxcw/profile-displayphoto-shrink_100_100/profile-displayphoto-shrink_100_100/0/1517712800431?e=1762387200&v=beta&t=nQ_4JdadPupn4vFZPz5tICoNRn0wZ6zH3sWWDcZGyZ4,no,https://www.linkedin.com/in/stuartbasefsky,,,,,,https://www.linkedin.com/feed/update/urn:li:activity:7264667991550627844,https://www.europarl.europa.eu/thinktank/en/document/EPRS_BRI(2022)738224,0,0,0,0,0,0,0,0,0,,1760689243,1760689243,
7186718476860903424,7186718476860903424,"🔒 The Global Encryption Coalition Steering Committee is sounding the alarm about the Belgian Presidency's compromise proposal on EU CSAM. This proposal poses significant risks to end-to-end encryption and user privacy. 

The restrictive language in the proposal is highly problematic as it suggests that service providers could be compelled to undermine or circumvent end-to-end encryption. Such measures, like client-side scanning (CSS), could jeopardize the integrity of encrypted communications. 

Our demand is clear: protect encryption and uphold user privacy 🔐

That is why we call on Member States to reject the Belgian Presidency's proposal and to align with the European Parliament's language, which excludes from regulation any data protected by end-to-end encryption. 
At a time of ever increasing online surveillance, it is crucial to safeguard encryption as a fundamental safeguard for human rights in the digital age. 

Read the full statement: https://lnkd.in/ebv7HY6K

#PrivacyRights #DigitalSecurity 

Internet Freedom Foundation, Global Partners Digital, Mozilla, Internet Society, Center for Democracy & Technology",2025-10-17 08:20:43,2025-10-17 08:20:43,1år,no,company/cdteu/posts,Centre for Democracy & Technology Europe,6.855 følgere,,,no,https://www.linkedin.com/company/cdteu/posts,,,"privacyrights,digitalsecurity",,,https://www.linkedin.com/feed/update/urn:li:activity:7186718476860903424,,0,1,7,7,0,0,0,0,0,,1760689243,1760689243,
7209295943802777600,7209295943802777600,"EU Chat Control Law Proposes Scanning Your Messages - Even Encrypted Ones: 

The European Union is getting closer to passing new rules that would mandate the bulk scanning of digital messages -- including encrypted ones. On Thursday, EU governments will adopt a position on the proposed legislation, which is aimed at detecting child sexual abuse material (CSAM). The vote will determine whether the proposal has enough support to move forward in the EU's law-making process. From a report: The law, first introduced in 2022, would implement an ""upload moderation"" system that scans all your digital messages, including shared images, videos, and links. Each service required to install this ""vetted"" monitoring technology must also ask permission to scan your messages. If you don't agree, you won't be able to share images or URLs.

As if this doesn't seem wild enough, the proposed legislation appears to endorse and reject end-to-end encryption at the same time. At first, it highlights how end-to-end encryption ""is a necessary means of protecting fundamental rights"" but then goes on to say that encrypted messaging services could ""inadvertently become secure zones where child sexual abuse material can be shared or disseminated.""

Read more of this story at Slashdot.",2025-10-17 08:20:46,2025-10-17 08:20:46,1år,no,company/slashdot-media/posts,Slashdot Media,19.703 følgere,,,no,https://www.linkedin.com/company/slashdot-media/posts,,,,,,https://www.linkedin.com/feed/update/urn:li:activity:7209295943802777600,,0,0,0,0,0,0,0,0,0,,1760689246,1760689246,
7206943484384063488,7206943484384063488,"🚨The Belgian EU Council Presidency is pushing hard for a last-minute compromise on the CSAM Regulation. 

In recent weeks, Belgium has repeatedly formulated compromise proposals. This has been pursued in order to gain a majority among the EU Member States 🇪🇺 for a joint negotiating position of the Council for a trilogue with the European Commission and the European Parliament, just before the end of the Presidency. However, the latest proposal is once again strongly criticised by eco – Association of the Internet Industry, given that it poses a clear threat to end-to-end encryption and is incompatible with EU law⚖️.

Alexandra Koch-Skiba, Head of the eco Complaints Office, explains: “The new proposal by the Belgian Council Presidency continues to severely compromise the security 🔒 and the protection of privacy of all EU citizens.

👉 https://go.eco.de/HMABvYr

#EU #CSAM #DataPrivacy #Encryption #DigitalRights #TechPolicy",2025-10-17 08:20:46,2025-10-17 08:20:46,1år,no,showcase/eco-association/posts,eco – Association of the Internet Industry,2.789 følgere,,,no,https://www.linkedin.com/showcase/eco-association/posts,,,"eu,csam,dataprivacy,encryption,digitalrights,techpolicy",,,https://www.linkedin.com/feed/update/urn:li:activity:7206943484384063488,,3,2,10,9,0,0,0,1,0,,1760689246,1760689246,
7372648031630016513,7372648031630016513,"Part IV: Safety Without Mass Scanning
Protect minors with verified ID, not device scanning.

Today EU votes on Chat Control - potentially introducing mass surveillance on all devices.

How can we avoid mass surveillance and still protect the children from grooming and worse?

#ChildSafety #Privacy #ZKP #E2E #EU #VerifiedID #ChatControl #AesirX #Concordium",2025-10-17 08:20:46,2025-10-17 08:20:46,1md.,no,in/ronnikc,Ronni K. Gothard Christiansen,"Technical Privacy Engineer & CEO @ AesirX | Empowering Businesses with First-Party Consent Management & Data Solutions | 25+ Years Open Source Advocate, X-BoD Open Source Matters Inc.",,https://media.licdn.com/dms/image/v2/D5603AQEurRuRBKGT6w/profile-displayphoto-shrink_100_100/profile-displayphoto-shrink_100_100/0/1680600104671?e=1762387200&v=beta&t=vrwqzY7xN8MP2LhvTs9-PUQGQ3JMgQK2uHK_a-NHxuU,no,https://www.linkedin.com/in/ronnikc,,,"childsafety,privacy,zkp,e2e,eu,verifiedid,chatcontrol,aesirx,concordium",,,https://www.linkedin.com/feed/update/urn:li:activity:7372648031630016513,,0,1,3,3,0,0,0,0,0,Nye indlæg i GDPR General Data Protection Regulation Technology,1760689246,1760689246,
7362139793494851585,7362139793494851585,"The EU is about to reverse a decade of privacy leadership

After Snowden, the EU set the global gold standard for privacy, rejecting untargeted mass data collection.

The proposed Chat Control law (COM(2022) 209), scheduled for vote on October 14, would mandate message scanning in digital services via detection orders, including those with end-to-end encryption.

While marketed for child protection measure, the proposal risks:
- Creating systemic encryption weaknesses that history shows will be exploited,
- Violating EU Charter of Fundamental Rights Articles 7 and 8 and the proportionality principle in 52(1).
- Normalising surveillance EU condemns abroad, giving authoritarian states a ready-made precedent in democratic countries to cite,
- Undermining EU credibility in global privacy talks, handing leverage to the US and others who seek weaker protections.

Protecting children requires strong, targeted measures, but this approach is both ineffective and strategically damaging. It only pushes perpetrators to other methods, and leaves all the new damage behind.

EU lawmakers have a narrow window to protect both the privacy of EU citizens and the values and integrity of the union and I just wrote to my MEPs urging them to reject blanket scanning mandates and safeguard Europe’s leadership in digital rights.

The clock is ticking on this one! Please do the same!

#ChatControl #CSAM #Encryption #Privacy #EU #GDPR #Cybersecurity #HumanRights",2025-10-17 08:20:49,2025-10-17 08:20:49,2md.,no,in/petterinakamura,Petteri Nakamura,Cybersecurity Management Consultant | OT Cybersecurity | Cybersecurity Awareness | Cybersecurity Strategy | International Relations,,https://media.licdn.com/dms/image/v2/C5603AQHx7U3X5QkQQA/profile-displayphoto-shrink_100_100/profile-displayphoto-shrink_100_100/0/1517437339256?e=1762387200&v=beta&t=rGZcigojUudXAkSo2GfK2BLtQuib8r4u72tlPyOjbho,no,https://www.linkedin.com/in/petterinakamura,,,"chatcontrol,csam,encryption,privacy,eu,gdpr,cybersecurity,humanrights",,,https://www.linkedin.com/feed/update/urn:li:activity:7362139793494851585,,0,1,18,14,0,0,0,2,2,,1760689249,1760689249,
7171088235580891136,7171088235580891136,"The wider ramifications of the European Court of Human Rights’ ground-breaking  judgement in the case of Podchasov v Russia are significant ⚖️.

Not least for those EU lawmakers currently working on the CSAM legislation 🇪🇺.

With this judgement, the ECtHR confirms that, irrespective of how noble or legitimate the goal pursued might be, legislative proposals that advocate for solutions that weaken or break encryption impair the rights and freedoms of all users online and not only the rights of those suspected of committing a crime 🔓.

CDT Europe Programme Director, Security, Surveillance and Human Rights, Silvia Lorenzo Perez, commented to the Washington Post: “Our position is that the E.U. Institutions negotiating the CSAM proposal are now bound by a clear ban on mandated encryption back doors.” Gregory Nojeim, Director of the CDT’s Security and Surveillance Project continued: “Where it’s going to land, we don’t know yet,” he said. “It depends a lot on how end-to-end services respond to mandates and whether they can persuade regulators that they are taking significant steps to removes child sexual abuse material.”

https://lnkd.in/eYuuSVqQ

Read our blog on the ruling: https://lnkd.in/eEtRSyHT

#CSAM #encryption #privacy",2025-10-17 08:20:49,2025-10-17 08:20:49,1år,no,company/cdteu/posts,Centre for Democracy & Technology Europe,6.855 følgere,,,no,https://www.linkedin.com/company/cdteu/posts,,,"csam,encryption,privacy",,,https://www.linkedin.com/feed/update/urn:li:activity:7171088235580891136,https://www.washingtonpost.com/technology/2024/03/05/encryption-eu-human-rights-privacy-ruling/,0,1,6,6,0,0,0,0,0,,1760689249,1760689249,
7209296120064143360,7209296120064143360,"EU Chat Control Law Proposes Scanning Your Messages - Even Encrypted Ones: The European Union is getting closer to passing new rules that would mandate the bulk scanning of digital messages -- including encrypted ones. On Thursday, EU governments will adopt a position on the proposed legislation, which is aimed at detecting child sexual abuse material (CSAM). The vote will determine whether the proposal has enough support to move forward in the EU's law-making process. From a report: The law, first introduced in 2022, would implement an ""upload moderation"" system that scans all your digital messages, including shared images, videos, and links. Each service required to install this ""vetted"" monitoring technology must also ask permission to scan your messages. If you don't agree, you won't be able to share images or URLs.

As if this doesn't seem wild enough, the proposed legislation appears to endorse and reject end-to-end encryption at the same time. At first, it highlights how end-to-end encryption ""is a necessary means of protecting fundamental rights"" but then goes on to say that encrypted messaging services could ""inadvertently become secure zones where child sexual abuse material can be shared or disseminated.""

Read more of this story at Slashdot.",2025-10-17 08:20:49,2025-10-17 08:20:49,1år,no,in/loganabbott,Logan Abbott,"President @ SourceForge, the world's largest and most-visited B2B software comparison website (20 million in-market software shoppers per month + Buyer Intent Data)",,https://media.licdn.com/dms/image/v2/D5603AQEWeejVWsWEwQ/profile-displayphoto-shrink_200_200/B56ZOjtlVRG8AY-/0/1733618456212?e=1762387200&v=beta&t=IpO9P00DwDP04wR4HF3fGrmGb9gkANy1GE4fpJq9hT0,no,https://www.linkedin.com/in/loganabbott,,,,,,https://www.linkedin.com/feed/update/urn:li:activity:7209296120064143360,,0,0,0,0,0,0,0,0,0,,1760689249,1760689249,
7209087558268440577,7209087558268440577,"EU's Message Scanning Plan Sparks Privacy Concerns

The EU's legislative move to scan private messages for detecting child sexual abuse material (CSAM) has sparked intense debate about online security and privacy. This initiative, particularly stressing under the Belgian presidency, intends to introduce ""technologies for upload moderation"" within messaging apps, compelling users to allow their messages to be scanned for CSAM. Those who refuse could find themselves restricted to sending only text and audio messages, a significant limitation on the current scope of digital communication.

Meredith Whittaker, president of Signal, vehemently criticizes this approach, accusing EU lawmakers of cloaking a dangerous intrusion into private communication with misleading rhetoric. She points out the inherent conflict between this proposed scanning and the principles of end-to-end encryption (E2EE), suggesting that the former would irrevocably compromise the latter. In parallel, Patrick Breyer, MEP from the Pirate Party, echoes this sentiment, warning that the proposal essentially enforces stringent control over online conversations without altering the essence of the EU Commission's initial proposal.

Despite these criticisms, the draft text of the proposal attempts to reassure by stating it does not intend to ban E2EE or oblige service providers to decrypt messages. It emphasizes that the implementation should not introduce significant cybersecurity risks or enable the inference of communication content. Nevertheless, the controversy centers on the balance between protecting children and preserving the fundamental rights to privacy and secure communication, casting a shadow of concern over the future of digital freedom and safety.

https://lnkd.in/dsT_syT6

Platform: TechCrunch
Author: Natasha Lomas

#privacy #privacyissues #onlinesecurity #security #endtoendencryption #signal #cybersecurity #digitalsafety #digitalcommunication #europeanunion #technews",2025-10-17 08:20:51,2025-10-17 08:20:51,1år,no,in/zeynep-burcu-yenipinar,Zeynep Burcu Yenipinar,Advisor & Growth Professional | Digital Marketing Enthusiast | Social Media Expert I Sustainability and Clean Energy Supporter | Passionate Startup Builder | Branding Expert | National Athlete,,https://media.licdn.com/dms/image/v2/D4D03AQGv4tebuurxvw/profile-displayphoto-scale_100_100/B4DZiBndqDHsAc-/0/1754521264777?e=1762387200&v=beta&t=hqO8aVb65QJnknZjZiDKSiD8wqj2J9gxrrYiicQ6Bvo,no,https://www.linkedin.com/in/zeynep-burcu-yenipinar,,,"privacy,privacyissues,onlinesecurity,security,endtoendencryption,signal,cybersecurity,digitalsafety,digitalcommunication,europeanunion,technews",,,https://www.linkedin.com/feed/update/urn:li:activity:7209087558268440577,https://techcrunch.com/2024/06/17/stop-playing-games-with-online-security-signal-president-warns-eu-lawmakers/,0,0,2,2,0,0,0,0,0,,1760689251,1760689251,
7369455397440483330,7369455397440483330,"Yes—the EU is considering rules that would put scanning software on your phone.

In Council talks on the CSAM Regulation (COM(2022) 209), the Danish Presidency’s compromise would require device-side checks in encrypted apps at upload (focused on visuals + URLs). If you don’t opt in, you could lose media-sharing in those services. Supporters argue this helps stop child sexual abuse material (CSAM); critics say it undermines encryption in practice and risks false flags, leaks, and mission creep. Relations between journalists-sources-whistleblowers, lawyers-clients, doctors-patients are also under threat. The document has existed since 2022 and has spread a long debate; now, with the Danish presidency, the regulation is back on the agenda.

Since the proposal wants to analyse both existing CSAM and new types of it; as well as do check-ups on E2EE socials, it means that client-side scanning (CSS) is the only solution. CSS practically is checking data before it gets encrypted via sending. This results in the suspicionless inspection of personal data, which European regulators and courts have long deemed an intrusive form of surveillance. Worth noting, that no proven, peer-reviewed method exists to perform CSS on E2EE platforms without creating systemic vulnerabilities. 

A possible scenario where CSS works opens the door to exploitation: researchers have demonstrated that hash matching algorithms can be manipulated – malicious actors could force false matches or evade detection by altering data, potentially framing innocent users or concealing real abuse. If a hacker or hostile government compromises the client-side scanner or the hash database, they might access private data or plant false “alerts”. Taking into account, that algorithms flag summer vacation photos as nudity; taking into account a situation, where a father was flagged as a possible child sex offender when an automated tool used by Google flagged his account and began a 10-month criminal investigation, the probability of the system working flawlessly is small.

And those are just a couple of reasons I've mentioned.
Worth noting, that the document has NOT reached the European Parliament yet.
LV permanent representation's to the EU stance on the document is positive. Yet Latvian MePs are promising to vote against, unless the proposal gets modified.

To learn more (LV) and get links for CSS -- sending in my coverage: https://lnkd.in/eewiu7z3
To learn more and check if your country supports or opposes the regulation (ENG) -- https://lnkd.in/e8pWpRbM",2025-10-17 08:20:51,2025-10-17 08:20:51,1md.,no,in/o%C4%BCesja-garjutkina-787252315,Oļesja Garjutkina,Journalist & News Editor of TVNET GRUPA | Media and Communications Student | Deputy of Foreign Affairs for JEF Latvia,,https://media.licdn.com/dms/image/v2/D5603AQGqtBfc4WP0Wg/profile-displayphoto-shrink_800_800/B56Zd08nfdG0Ag-/0/1750013743585?e=1762387200&v=beta&t=Q9iScGzO_bxygbyZVoh2xWBSoS1NDbmc_svcOV0m6yY,no,https://www.linkedin.com/in/o%C4%BCesja-garjutkina-787252315,,,,,,https://www.linkedin.com/feed/update/urn:li:activity:7369455397440483330,,0,0,4,4,0,0,0,0,0,,1760689251,1760689251,
7245695568163860481,7245695568163860481,"🚨 **New EU Proposal on Bulk Scanning of Digital Messages** 🚨

The EU is moving closer to implementing legislation that could mandate mass scanning of digital messages, including encrypted ones, to detect child sexual abuse material (CSAM). This proposal requires services like WhatsApp and Signal to scan messages *before* encryption, undermining user privacy and security.

While the goal here is to protect children, privacy experts argue that this law threatens fundamental rights, creates vulnerabilities for hackers, and compromises secure communication. Signal has even stated it would stop operating in the EU if the law passes.

🔑 Key concerns here:

- Weakening end-to-end encryption
- Mass surveillance of personal messages
- Potential misuse by hostile actors
- Lack of public attention due to timing around EU elections

Children and abuse victims deserve protections this goes without saying, privacy-invading measures that could backfire is HUGE issue as well.

Let’s stay informed and protect our digital privacy.

#PrivacyMatters #Encryption #EU #DigitalRights #MassSurveillance",2025-10-17 08:20:51,2025-10-17 08:20:51,1år,no,in/houssemc,Houssem. Charfeddine,Bridging the gap between cloud technology and financial efficiency | 4x FinOps certified | 8xAWS | CKA,,https://media.licdn.com/dms/image/v2/D4D03AQHULRdkIj-uxA/profile-displayphoto-shrink_100_100/profile-displayphoto-shrink_100_100/0/1702907135877?e=1762387200&v=beta&t=szf1kvIioMLQWEdzOWl0SF_CP6xeAIw6gLg9Xl1t5H4,no,https://www.linkedin.com/in/houssemc,,,"privacymatters,encryption,eu,digitalrights,masssurveillance",,,https://www.linkedin.com/feed/update/urn:li:activity:7245695568163860481,,1,0,12,10,0,0,0,0,2,,1760689251,1760689251,
7209593914889056257,7209593914889056257,"EU Member States remain divided on controversial CSAM-scanning plan — but for how long?

https://ift.tt/oE1f8Yz

A key body of European Union lawmakers remains stalled over a controversial legislative proposal that could see millions of users of messaging apps forced to agree to their photo and video uploads being scanned by AI to detect child sexual abuse material (CSAM). Critics of the plan — which run the gamut from tech industry […]

© 2024 TechCrunch. All rights reserved. For personal use only.

via TechCrunch https://techcrunch.com/

June 20, 2024 at 01:28PM",2025-10-17 08:20:53,2025-10-17 08:20:53,1år,no,in/hebert-almeida-viana,Hebert de Almeida 🎯,Consultor Administrativo | Tesouraria e Suprimentos | Engenheiro de Produção,,https://media.licdn.com/dms/image/v2/D4D03AQEoisq8lKT09w/profile-displayphoto-shrink_100_100/profile-displayphoto-shrink_100_100/0/1718296384202?e=1762387200&v=beta&t=WYu8dBx6_LInvL8x-8WFLsd7p0Z8Z6xxmKIn9P3kt0w,no,https://www.linkedin.com/in/hebert-almeida-viana,,,,,,https://www.linkedin.com/feed/update/urn:li:activity:7209593914889056257,https://techcrunch.com/2024/06/20/eu-member-states-remain-divided-on-controversial-csam-scanning-plan-but-for-how-long/,0,0,0,0,0,0,0,0,0,,1760689253,1760689253,
7363322349934272513,7363322349934272513,"EU’s Chat Control Proposal Becomes Hot Spot for Encryption, Privacy & AI Lawyers

As Denmark pushes forward on a revived EU “Chat Control” bill mandating scanning of chats—including encrypted ones—it’s not just about child safety. It’s a tectonic shift in how regulators might unravel encryption across Europe. With an October 14, 2025 adoption target, the proposal reignites the privacy vs. security conflict—and it’s critical to compliance, tech strategy, and business risk.

Key Legal Stakes: 
 - End-to-end encryption at risk: Mandatory client-side scans for CSAM would undermine encryption and privacy-by-design principles.
 - Precedent & surveillance creep: The measure, backed by the EU’s ProtectEU strategy, which envisions law enforcement decrypting private data by 2030, could normalize surveillance.
 - Children’s rights as Trojan horse: Noble as child protection is, heavy-handed scanning will likely erode trust, capture irrelevant data, and sweep in non-target populations.

Similar industry resistance shows that once scanning enters law, implications stretch beyond CSAM: data sovereignty, platform liability, AI control, and cross-border compliance.

Why Boards & Privacy Teams Should Care
 - Compliance shift: AI-enabled surveillance could morph into general access mandates, forcing redesigns.
 - Legal risk: Even lawful chat may be captured, raising incident exposure.
 - Strategy: Firms may need to isolate EU-sourced data, update notices, and adopt encrypted enclaves or metadata controls.

With GDPR already policing profiling and transfers, and the EU AI Act looming, Chat Control could join the stack of EU complexities global platforms must navigate.

What Should Businesses Do Now?
 - Assess resilience: Can your systems withstand scanning mandates?
 - Map cross-border flows: Where does chat data travel and who holds keys?
 - Track legislation: Q4 2025 amendments may temper, or deepen the impact.

If you’re a compliance leader or product exec concerned about Chat Control or other privacy-security flashpoints, reach out. I combine jurisdiction-specific knowledge (GDPR, EDPB, US state laws) with operational templates (PIAs, notice tools, TIA flows). Let’s safeguard your innovation and your users in a world moving faster than regulations.

#PrivacyLaw #GDPR #DataProtection #Encryption #AICompliance #CyberSecurity #LegalRisk #PrivacyByDesign #DataTransfers #Compliance",2025-10-17 08:20:53,2025-10-17 08:20:53,1md.,no,in/millerfamilylaw,Jeremy Miller,CLO | Data Privacy & AI Counsel | Litigator | Family-Focused Problem Solver,,https://media.licdn.com/dms/image/v2/D4D03AQGHYOYPbckXaw/profile-displayphoto-scale_100_100/B4DZgTzOWFH8Aw-/0/1752678853605?e=1762387200&v=beta&t=7J0aMQKzLOUlsfvQzFp77Oo7lJpR_TPjBOJSDYU3jdc,no,https://www.linkedin.com/in/millerfamilylaw,,,"privacylaw,gdpr,dataprotection,encryption,aicompliance,cybersecurity,legalrisk,privacybydesign,datatransfers,compliance",,,https://www.linkedin.com/feed/update/urn:li:activity:7363322349934272513,,0,0,4,4,0,0,0,0,0,,1760689253,1760689253,
7246845187447021568,7246845187447021568,"Dutch oppose Hungary’s approach to EU child sexual abuse regulation - or total surveillance of every smart device - The Netherlands' government and opposition are both against the latest version of the controversial EU regulation aimed at detecting online child sexual abuse material (CSAM), according to an official position and an open letter published on Tuesday (1 October).

The regulation, aimed at detecting online CSAM, has been criticised for potentially allowing the scanning of private messages on platforms such as WhatsApp or Gmail.

However, the latest compromise text, dated 9 September, limits detection to known material, among other changes. ‘Known’ material refers to content that has already been circulating and detected, in contrast to ‘new’ material that has not yet been identified.

The Hungarian presidency of the Council of the EU shared a partial general approach dated 24 September and seen by Euractiv, that mirrors the 9 September text but reduces the reevaluation period from five years to three for grooming and new CSAM.

Limiting detection to known material could hinder authorities' ability to surveil massive amounts of communications, suggesting the change is likely an attempt to reconcile privacy concerns.

The Netherlands initially supported the proposal to limit detection to 'known' material but withdrew its support in early September, Euractiv reported.

On Tuesday (1 October), Amsterdam officially took a stance against the general approach, despite speculation last week suggesting the country might shift its position in favour of the regulation.

This is also despite the Dutch mostly maintaining that their primary concern lies with combating known CSAM – a focus that aligns with the scope of the latest proposal.

According to various statistics, the Netherlands hosts a significant amount of CSAM.

The Dutch had been considering supporting the proposal, or at least a ""silent abstention"" that might have weakened the blocking minority, signalling a shift since Friday (27 September), a source close to the matter told Euractiv.

While a change in the Netherlands' stance could have affected the blocking minority in the EU Council, their current position now strengthens it.

If the draft law were to pass in the EU Council, the next stage would be interinstitutional negotiations, called trilogues, between the European Parliament, the Council of the EU, and the Commission to finalise the legislation.

Both the Dutch government and the opposition are against supporting the new partial general approach.

Opposition party GroenLinks-PvdA (Greens/EFA) published an open letter, also on Tuesday, backed by a coalition of national and EU-based private and non-profit organisations, urging the government to vote against the proposal.

According to the letter, the regulation will be discussed at the Justice and Home Affairs Council on 11 October, with positions coordinated among member states on 2 ...",2025-10-17 08:20:53,2025-10-17 08:20:53,1år,no,in/robine,Robin Edgar,Commissioner on Professional Fields,,https://media.licdn.com/dms/image/v2/C4E03AQHUjT0wfTcNag/profile-displayphoto-shrink_100_100/profile-displayphoto-shrink_100_100/0/1516322400433?e=1762387200&v=beta&t=oXeBntoX3LVomCUtBio39Clo2GHIoIDRPW4v7K-2b_M,no,https://www.linkedin.com/in/robine,,,,,,https://www.linkedin.com/feed/update/urn:li:activity:7246845187447021568,https://www.linkielist.com/global-domination/privacy/dutch-oppose-hungarys-approach-to-eu-child-sexual-abuse-regulation-or-total-surveillance-of-every-smart-device/,0,0,0,0,0,0,0,0,0,,1760689253,1760689253,
7339194398632501248,7339194398632501248,"Complexity in #digitalresponsibility is in part due to many rules intersecting in a given. When it comes to #childrenprivacy and #onlinesafety in the EU, things are no different. It is a compliance gordian knot and more may come.

🟰 State-of-play. An 2024 EU compendium lists no less than 12 laws in force incl. #AIAct, #GDPR, #PSD2, #eIDAS, #AVMS, 3 proposals (#CSAM among others whose fate are uncertain in 2025), numerous strategies, codes of conducts/practice. More may come with the expected #DigitalFairnessAct at least.
❓ Problem statement. Despite that toolbox, challenges to #children safety online with vast repercussions persist. Greece, France and Spain among others are calling for EU-level regulatory action on 1️⃣ mandating age verification solutions, 2️⃣ introducing a digital majority age, 3️⃣ mandating norms on age-appropriate designs. 
⏩ Pause or push-ahead? A few of the applicable laws are fairly recent, a.o. the #DSA, the #CRA on #cybersecurity requirements for digital products. Some stakeholders are cautioning that the EU should let these texts play out fully to have an accurate sense of their effects, before taking further steps.

https://lnkd.in/epWTcQEy

Caitlin Fennessy Joe Jones Jedidiah Bracy Ashley Casovan James Dempsey Laura Pliauškaitė",2025-10-17 08:20:54,2025-10-17 08:20:54,4md.,no,in/isabelleroccia,Isabelle Roccia (CIPP/E),"Managing Director, Europe - IAPP",,https://media.licdn.com/dms/image/v2/C4E03AQHHZC3zTSe_0g/profile-displayphoto-shrink_100_100/profile-displayphoto-shrink_100_100/0/1525849967119?e=1762387200&v=beta&t=GS6OWY0ViLX2jgirJ4tZqHVJYs34Sma3KFln7Ms4_1c,no,https://www.linkedin.com/in/isabelleroccia,,,"digitalresponsibility,childrenprivacy,onlinesafety,aiact,gdpr,psd2,eidas,avms,csam,digitalfairnessact,children,dsa,cra,cybersecurity",,,https://www.linkedin.com/feed/update/urn:li:activity:7339194398632501248,https://iapp.org/news/a/a-view-from-brussels-is-europe-ramping-up-its-agenda-on-protecting-children-online-/,0,1,12,11,0,0,0,0,1,,1760689254,1760689254,
7360980291743629314,7360980291743629314,"The EU is on the brink of major changes in encrypted messaging with the renewed “Chat Control” proposal, set to start in October 2025. Supported by 19 member states—including Denmark, France, Italy, Spain, and Hungary—it would require apps like WhatsApp and Signal to scan private messages before encryption to fight child sexual abuse material (CSAM). 

This raises strong concerns about privacy, mass surveillance, and weakening end-to-end encryption protections.

Key facts and issues:

⚬Proposal scope: Messaging apps must scan all messages and media on users’ devices before encryption, bypassing standard security.

⚬Member states’ stance: 19 support the plan; major countries like Germany are undecided. Denmark is leading a push for a stricter version.

⚬Privacy risks: The measure could enable mass surveillance, violating secure communication rights.

⚬Encryption concerns: Experts warn it risks creating backdoors that expose users to cyber threats.

⚬Child protection vs. privacy: The EU stresses child safety, while critics warn of broad societal harm and censorship.

⚬Next steps: The EU Council will vote by mid-October 2025 after member states submit their assessments by mid-September.

This debate is crucial for balancing child protection with citizens’ digital privacy and security.

What's your opinion? Comment down below.",2025-10-17 08:20:54,2025-10-17 08:20:54,2md.,no,company/globaltelcoconsult/posts,Global Telco Consult (GTC),5.438 følgere,,,no,https://www.linkedin.com/company/globaltelcoconsult/posts,,,,,,https://www.linkedin.com/feed/update/urn:li:activity:7360980291743629314,,2,0,24,17,0,0,0,0,7,,1760689254,1760689254,
7275404515711856640,7275404515711856640,"⏮️ As the year draws to a close, it’s time for a #2024rewind and a preview of the year ahead ⏭️ (spoiler: enforcement, implementation, and getting ready for more enforcement)

Feeling as if there were few concrete policy developments? You are not alone. During this ‘year of elections’, most of the Brussels bubble shifted its focus to #EUpolitics 101: EP elections, new MEPs and ‘top jobs’, new Commissioners with their mission letters and hearings, shockwaves from the US elections and political turmoil across Member States… by the time the new institutional setting for the 2024-29 EU mandate is up and running it’s already December🎄

From a #digital policy perspective, 2024 was actually a year packed with substantial milestones, as several major new rules (with a digital/tech component) either entered into force or became applicable. Importantly, this means that implementation and enforcement by newly appointed/created authorities (at national and EU level) — and coordination among them — have just begun or are about to start for a host of relatively recent laws.

While we eagerly await the conclusion of outstanding negotiations (AILD, CSAM, TSR, FiDA, etc.), the proposal of shiny new initiatives (DFA, DNA, AI in the workplace legislation, whatever will come after ePrivacy, etc.) and the review/evaluation of existing laws (Geo-blocking, EECC, AVMSD, CDSMD, etc.) — let’s pause to take stock of all that has been done so far and wish good luck to the enforcers of this thick rulebook! Expectations are high from citizens and businesses alike.

✨🥂Here’s to a 2025 where #enforcement is king and #competitiveness is queen 🥂✨",2025-10-17 08:20:54,2025-10-17 08:20:54,9md.,no,in/giuliovittoriocervi,Giulio Vittorio Cervi,"Public Policy & Government Affairs, EMEA • Tech, Media & Entertainment",,https://media.licdn.com/dms/image/v2/C4D03AQHWI7X0A5xNEA/profile-displayphoto-shrink_100_100/profile-displayphoto-shrink_100_100/0/1586112786857?e=1762387200&v=beta&t=NnayBkW1zANmSS9TdezGiAtIpdW89R1c20k_qDM2WCU,no,https://www.linkedin.com/in/giuliovittoriocervi,,,"2024rewind,eupolitics,digital,enforcement,competitiveness",,,https://www.linkedin.com/feed/update/urn:li:activity:7275404515711856640,,2,0,88,78,1,3,0,0,6,,1760689254,1760689254,
7193554010459516929,7193554010459516929,"🚀  Technology Updates 🚀 
A group of 270 scientists and researchers from different countries are expressing serious concerns about a proposed regulation in the EU. This regulation would require messaging apps to scan for child sexual abuse material (CSAM) using automated detection systems.

The experts believe that this proposal has significant technical flaws and could actually harm the security of communication systems. They argue that the scanning techniques proposed are not reliable and could easily be bypassed by those trying to avoid detection. Even if the detection systems were used, they could produce a large number of false positives, mistakenly flagging innocent messages as CSAM.

Additionally, the experts point out that implementing these scanning techniques could undermine end-to-end encryption (E2EE), which is designed to ensure that only the intended parties can access the content of messages.

Instead of relying on flawed scanning technology, the experts suggest focusing on proven methods like education, reporting hotlines, and better moderation on platforms. They argue that these approaches would be more effective in combating abusive material while preserving communication security.

In summary, the experts are calling for a halt to the proposed regulation until proper technical consultation is done to ensure that secure communication is not compromised. They emphasize the importance of finding solutions that address the issue of CSAM without undermining the security of communication systems.",2025-10-17 08:20:57,2025-10-17 08:20:57,1år,no,company/logimonk-technologies/posts,LOGIMONK TECHNOLOGIES,2.686 følgere,,,no,https://www.linkedin.com/company/logimonk-technologies/posts,,,,,,https://www.linkedin.com/feed/update/urn:li:activity:7193554010459516929,,0,0,3,1,0,0,0,0,2,,1760689257,1760689257,
7361384214459539457,7361384214459539457,"EU Chat Control Plan Gains Support Again, Threatens Encryption, mass surveillance, age verification - A controversial European Union proposal dubbed “Chat Control” is regaining momentum, with 19 out of 27 EU member states reportedly backing the measure.

The plan would mandate that messaging platforms, including WhatsApp, Signal and Telegram, must scan every message, photo and video sent by users starting in October, even if end-to-end encryption is in place, popular French tech blogger Korben wrote on Monday.

Denmark reintroduced the proposal on July 1, the first day of its EU Council presidency. France, once opposed, is now in favor, Korben said, citing Patrick Breyer, a former member of the European Parliament for Germany and the European Pirate Party.

Belgium, Hungary, Sweden, Italy and Spain are also in favor, while Germany remains undecided. However, if Berlin joins the majority, a qualified council vote could push the plan through by mid-October, Korben said.

A qualified majority in the EU Council is achieved when two conditions are met. First, at least 55 percent of member states, meaning 15 out of 27, must vote in favor. Second, those countries must represent at least 65% of the EU’s total population.
EU Chat Control bill finds support. Source: Pavol Luptak
Pre-encryption scanning on devices
Instead of weakening encryption, the plan seeks to implement client-side scanning, meaning software embedded in users’ devices that inspects content before it is encrypted. “A bit like if the Post Office came to read all your letters in your living room before you put them in the envelope,” Korben said.

He added that the real target isn’t criminals, who use encrypted or decentralized channels, but ordinary users whose private conversations would now be open to algorithmic scrutiny.

The proposal cites the prevention of child sexual abuse material (CSAM) as its justification. However, it would result in “mass surveillance by means of fully automated real-time surveillance of messaging and chats and the end of privacy of digital correspondence,” Breyer wrote.

Beyond scanning, the package includes mandatory age verification, effectively removing anonymity from messaging platforms. Digital freedom groups are asking citizens to contact their MEPs, sign petitions and push back before the law becomes irreversible.

Source: EU Chat Control Plan Gains Support, Threatens Encryption

Age verification is going horribly wrong in the UK and mass surveillance threatens freedom of thought, something we fortunately still have in the EU. This must be stopped. -  https://lnkd.in/duedZZHX",2025-10-17 08:20:57,2025-10-17 08:20:57,2md.,no,in/robine,Robin Edgar,Commissioner on Professional Fields,,https://media.licdn.com/dms/image/v2/C4E03AQHUjT0wfTcNag/profile-displayphoto-shrink_100_100/profile-displayphoto-shrink_100_100/0/1516322400433?e=1762387200&v=beta&t=oXeBntoX3LVomCUtBio39Clo2GHIoIDRPW4v7K-2b_M,no,https://www.linkedin.com/in/robine,,,,,,https://www.linkedin.com/feed/update/urn:li:activity:7361384214459539457,https://www.linkielist.com/global-domination/privacy/eu-chat-control-plan-gains-support-again-threatens-encryption-mass-surveillance-age-verification/,0,0,1,1,0,0,0,0,0,,1760689257,1760689257,
7123229558459236352,7123229558459236352,"Big Brother 2.0 or ""Minority Report ver.2023""?

A popular slogan gives the definition of hell: ""European legislation with American enforcement""
But despite lofty slogans and pointing out the right idea, the EU's way of implementing these ideas is often hell. Populism, populism and more populism. Without logic and analysis, ways of implementation. 
Without the EU principle of proportionality.
And now seriously: in Poland we have already partially implemented the CSAM ideas, but the far-right government called it ""a fight against abuse in electronic communications"" (Act of July 28, 2023 on combating abuse in electronic communications, Journal of Laws 2023, item 1703). And for this purpose, operators are obliged to monitor ALL SMS messages. NASK-PIB has 3 months (Article 37(1) of the Act) from the date of entry into force of the Act (the Act was announced on August 25, 2023) to launch an IT system for sharing and forwarding (together with a message template) information on the occurrence of smishing (Article 4(3) of the Act). And then - ""only"" the implementation of the obligations arising from Art. 6 section 1. So Big Brother 2.0 or ""Minority Report ver.2023""?",2025-10-17 08:20:57,2025-10-17 08:20:57,1år,no,in/marek-zbigniew-konior,Marek Konior,"Project Manager, Ekspert TMT | BMS",,https://media.licdn.com/dms/image/v2/C4E03AQGhO7BGeo85mQ/profile-displayphoto-shrink_100_100/profile-displayphoto-shrink_100_100/0/1624535735818?e=1762387200&v=beta&t=gZxXWDoz8OUN_APaNzBID1COPWmohmvQUTKrWpIlUQU,no,https://www.linkedin.com/in/marek-zbigniew-konior,,,,,,https://www.linkedin.com/feed/update/urn:li:activity:7123229558459236352,,0,0,1,1,0,0,0,0,0,,1760689257,1760689257,
7363124300624658432,7363124300624658432,"### **The EU’s ""Chat Control"" Nightmare: A Full-Blown Assault on Privacy Under the Guise of Child Protection**

---

### **The False Promise: ""We’re Just Protecting the Children""**
The European Union is pushing forward with one of the most dangerous digital surveillance proposals in history—**""Chat Control""**
(officially, the *Regulation to Prevent and Combat Child Sexual Abuse*). On the surface, it claims to target child sexual abuse material (CSAM).
In reality, it’s a **Trojan horse for mass surveillance**, designed to **scan every private message, photo, 
and video** before encryption—even on end-to-end encrypted (E2EE) apps like **Signal, WhatsApp, and Telegram**.

**19 out of 27 EU member states** now support this dystopian plan, with **France flip-flopping from opposition to approval** and **Germany still undecided**. 
If Berlin joins, the law could pass by **mid-October 2025**—just in time to turn the EU into a **digital police state**.

---

### **How It Works: The Death of Encryption by Stealth**
Instead of **breaking encryption directly**, the EU is pushing **""client-side scanning""**—a **backdoor in disguise**.",2025-10-17 08:20:59,2025-10-17 08:20:59,1md.,no,in/olivier-mutschler-4474b445,Olivier Mutschler,Yrkesverksam inom Informationsteknikbranschen,,https://media.licdn.com/dms/image/v2/C5603AQFTX2wVgTlrVQ/profile-displayphoto-shrink_100_100/profile-displayphoto-shrink_100_100/0/1517401577308?e=1762387200&v=beta&t=oDG0401jzR8Hfwl_4sih9_vWOtWlt5OXvIf5WBolkcg,no,https://www.linkedin.com/in/olivier-mutschler-4474b445,,,,,,https://www.linkedin.com/feed/update/urn:li:activity:7363124300624658432,,0,0,0,0,0,0,0,0,0,,1760689259,1760689259,
7140706073287499776,7140706073287499776,"The European Parliament is ready to start trilogue negotiations on the EU proposal to tackle online child sexual abuse material. Member States? Not so much.
 
The law’s rationale is self-explanatory but to put it into European context: 10-20% of children experience some level of sexual violence online; 80% of police investigations start with a report from internet companies; in 2021, over 62% of #CSAM worldwide was traced to servers based in the EU.
 
📘  Main features of the EC proposal:
..Establishes a long-term framework for detection and reporting mechanism for internet companies to alert authorities about CSAM on their platforms;
..Introduces risk assessment and mitigation measures requirements for providers of hosting services and of communications services;
..Creates a new EU center to support law enforcement authorities;
 
📑 Key changes proposed by the EP:
1. Replace the voluntary detection regime (present in the ‘interim derogation’ measures) with mandatory detection orders; proposes a complementary voluntary mechanism; 
2. Detection orders: must be targeted; should only be allowed as a last resort; should not apply to end-to-end encryption.
3. Risk assessment & Mitigation measures: in case of significant risk, mitigation measures must be targeted, proportionate, effective, and tailored.
 
✒ Some additional challenges for organizations possibly in scope: 
*Several provisions proposed by the EP would require age-verification measures; 
*In the EP version, detection orders should be addressed to 'the controller' but as an exception, it should be possible to address it directly to 'the processor' in #GDPR terms.
*The EP cautions against introducing general #dataretention obligations. 
 
🌡 Overall points of contention:
..Relationships: the debates have been very confrontational from the get-go between, simply put, law enforcement and fundamental rights perspectives; as well as increasingly among member states between hardliners on detection orders and those that want regulation soon even if imperfect.
..Time pressure: the current voluntary detection scheme applicable to online service providers expires in August 2024. A proposal to extend it to 3 August 2026 has been introduced in November but odds aren’t great. Failing to approve the extension or to approve the CSAM by August next year would create a legal loophole that could only increase the scope of an issue at an already dramatic scale. 
 
➡ To go further: 
Regulation proposed in May 2022: https://lnkd.in/eG3TmZBG  
EDPS/EDPB joint opinion: https://lnkd.in/etBtn2Ae
European Parliament’s LIBE report: https://lnkd.in/e99me3W2
Interim derogation measures : https://lnkd.in/e5h2bqBZ 

Caitlin Fennessy Joe Jones Jedidiah Bracy Mark Thompson Laura Pliauškaitė",2025-10-17 08:20:59,2025-10-17 08:20:59,1år,no,in/isabelleroccia,Isabelle Roccia (CIPP/E),"Managing Director, Europe - IAPP",,https://media.licdn.com/dms/image/v2/C4E03AQHHZC3zTSe_0g/profile-displayphoto-shrink_100_100/profile-displayphoto-shrink_100_100/0/1525849967119?e=1762387200&v=beta&t=GS6OWY0ViLX2jgirJ4tZqHVJYs34Sma3KFln7Ms4_1c,no,https://www.linkedin.com/in/isabelleroccia,,,"csam,gdpr,dataretention",,,https://www.linkedin.com/feed/update/urn:li:activity:7140706073287499776,https://eur-lex.europa.eu/legal-content/EN/TXT/?uri=COM%3A2022%3A209%3AFIN,1,2,19,17,0,0,0,0,2,,1760689259,1760689259,
7358941900227162112,7358941900227162112,"You might have seen the post that complained that the EU is going to ban the chat function. I checked with co-Pilot and asked if it was true.  Here is its response.  

Yes, the claim has some truth to it—but it's more nuanced than a blanket “ban.”
The European Union is currently revisiting a controversial proposal known as “Chat Control”, which could significantly impact private messaging apps like WhatsApp, Signal, and Telegram. Here's what's happening:
🧠 What Is “Chat Control”?
• 	It's a legislative proposal aimed at preventing child sexual abuse material (CSAM).
• 	The plan would require client-side scanning—meaning messages, photos, and videos would be scanned before encryption, directly on users’ devices.
• 	This would apply to all messaging platforms, even those using end-to-end encryption.",2025-10-17 08:20:59,2025-10-17 08:20:59,2md.,no,in/patriciapitsel,"Patricia Pitsel, Ph.D.",Principal at Pitsel & Associates Ltd.,,https://media.licdn.com/dms/image/v2/C5603AQEkEiYYMCXrbQ/profile-displayphoto-shrink_100_100/profile-displayphoto-shrink_100_100/0/1516232697948?e=1762387200&v=beta&t=5ZbbYAsEPG7pWeS62VTPQtCaoHdP7tacQ4spfBqb4eg,no,https://www.linkedin.com/in/patriciapitsel,,,,,,https://www.linkedin.com/feed/update/urn:li:activity:7358941900227162112,,0,0,2,1,0,0,0,0,1,,1760689259,1760689259,
7160727290694234112,7160727290694234112,"EU proposes criminalizing AI-generated child sexual abuse and deepfakes

AI generated imagery and different   forms of deepfakes depicting kid  intersexual  maltreatment  (CSA) could beryllium  criminialized successful  the European Union nether  plans to update existing authorities   to support  gait  with exertion   developments, the Commission announced today.

It’s besides  proposing to make  a caller   transgression  offence of livestreaming kid  intersexual  abuse. The possession and speech   of alleged  “pedophile manuals” would besides  beryllium  criminalized nether  the program  — which is portion  of a wider bundle  of measures the EU says is intended to boost prevention of CSA, including by expanding  consciousness  of online risks; and to marque   it easier for victims to study  crimes and get    enactment    (including granting them a close    to fiscal  compensation).

The connection    to update the EU’s existent   rules successful  this area, which day  backmost  to 2011, besides  includes changes astir   mandatory reporting of offences.

Back successful  May 2022, the Commission presented a abstracted  portion   of CSA-related draught  legislation, aiming to found  a model  which could marque   it obligatory for integer  services to usage  automated technologies to observe  and study  existing oregon  caller   kid  intersexual  maltreatment  worldly  (CSAM) circulating connected  their platforms, and place  and study  grooming enactment   targeting kids.

The CSAM-scanning program  has proven to beryllium  highly   arguable  — and it continues to divided  lawmakers successful  the parliament and the Council, arsenic  good   arsenic  kicking up   suspicions implicit    the Commission’s links with kid  information   tech lobbyists and raising different   awkward questions for the EU’s executive, implicit    a legally questionable foray into microtargeted ads to beforehand   the proposal.

The Commission’s determination  to prioritize the targeting of integer  messaging platforms to tackle CSA has attracted a batch  of disapproval  that the bloc’s lawmakers are focusing successful  the incorrect  country  for combatting a analyzable  societal occupation   — which whitethorn  person  generated immoderate   unit   for it to travel  with travel  connected  proposals. (Not that the Commission is saying that, of course; it describes today’s bundle  arsenic  “complementary” to its earlier CSAM-scanning proposal.)

That said, adjacent    successful  the little  than 2  years since the arguable  private-message-scanning program  was presented there’s been a monolithic  uptick successful  attraction  to the risks astir   deepfakes and AI generated imagery, including concerns the tech is being abused to nutrient   CSAM; and worries this synthetic contented  could marque   it adjacent    much  challenging for instrumentality    enforcement authorities to place  genuine victims. So the viral roar  successful  generative AI has fix...",2025-10-17 08:21:00,2025-10-17 08:21:00,1år,no,in/raja-m-,Raja M.,Full-stack Developer @ Cybers Pulse | Building Scalable Applications,,https://media.licdn.com/dms/image/v2/D5635AQEPpYXlG7MJxw/profile-framedphoto-shrink_100_100/B56ZnpeH_xKMAk-/0/1760558612747?e=1761296400&v=beta&t=joWPuvF7Qn2OFN92A_dSMGW7PVJ9N_D2EH0gJJ_znjU,no,https://www.linkedin.com/in/raja-m-,,,,,,https://www.linkedin.com/feed/update/urn:li:activity:7160727290694234112,https://marstopresources.com/news/eu-proposes-criminalizing-ai-generated-child-sexual-abuse-and-deepfakes-13563.html,0,0,0,0,0,0,0,0,0,,1760689260,1760689260,
7133816550490353664,7133816550490353664,"EU Commission Faces Privacy Complaint Over Microtargeted CSAM Ads on X 📢💼

A pivotal development in digital privacy: The EU Commission is embroiled in a privacy complaint over microtargeted ads on #X (formerly Twitter). #NYOB alleges that the Commission used sensitive data for ads related to a CSAM legislative proposal, potentially violating GDPR and DSA regulations. This situation highlights the complex interplay of digital advertising, privacy laws, and ethical considerations in government communications.

#DigitalEthics #PrivacyLaw #GDPRCompliance

Discover more about this unfolding story and its implications for digital privacy practices: https://lnkd.in/d6_Kd6uf",2025-10-17 08:21:00,2025-10-17 08:21:00,1år,no,in/piotrslonina,Piotr Slonina,Empowering teams & streamlining operations to drive results; Executive MBA,,https://media.licdn.com/dms/image/v2/D4D03AQFogSvEG5gQhA/profile-displayphoto-shrink_800_800/B4DZdA8GdjHwAc-/0/1749141187356?e=1762387200&v=beta&t=ldH9M6vBTJfQI4F_89XMLQjPeJ9srnKuVHnZOKrys-Y,no,https://www.linkedin.com/in/piotrslonina,,,"x,nyob,digitalethics,privacylaw,gdprcompliance",,,https://www.linkedin.com/feed/update/urn:li:activity:7133816550490353664,https://techcrunch.com/2023/11/15/oops-2/,0,0,3,3,0,0,0,0,0,,1760689260,1760689260,
7303044844061401089,7303044844061401089,"📣 Read our latest EU & Belgian Data Protection and TMT update!

🏥 The European Health Data Space Regulation (EHDSR) has been published in the EU's Official Journal today. This regulation aims to enhance secure health data exchange, empowering patients and fostering innovation. By creating a health-specific data environment, it ensures cross-border access to digital health services and products within the EU. Additionally, it addresses the secondary use of health-related data, presenting both opportunities and challenges for the healthcare and life sciences industry. https://lnkd.in/dU9486Ma

⚖️ On 27 February, the CJEU delivered its judgment in a case on GDPR access rights in the context of automated decision-making. The Court confirmed that while organisations using automated decision-making are not required to disclose their algorithms to data subjects, they must provide clear explanations of how decisions are made, including how variations in personal data could affect outcomes. https://lnkd.in/dpWdEnM9

🤖 The European Parliament has published a document examining the interplay between the AI Act and the GDPR in the context of algorithmic discrimination. One of the objectives of the AI Act is to mitigate discrimination and bias in high-risk AI systems, requiring the processing of special categories of personal data under strict conditions. This approach, however, may conflict with the GDPR's stringent restrictions on the processing of sensitive data, leading to potential legal uncertainties. The document hints at a reform of the GDPR to address this issue. https://lnkd.in/dMyxPm8T

🔍 The EU’s Child Sexual Abuse Material (CSAM) Regulation is back on the table. After failing to secure enough support from member states last June, the proposal has been revived with a new draft from Polish officials. The latest draft compromise proposes to scrap the controversial detection orders, which would have allowed law enforcement to mandate the scanning of private communication for child sexual abuse content. Instead, the draft introduces a new paragraph allowing permanent derogations from ePrivacy rules. The compromise is set to be discussed today in the Council’s Law Enforcement Working Party meeting. https://lnkd.in/dqFDu9FP

📰 The European Board for Media Services (EBMS) has opened a public consultation on its draft work programme for 2025, which is open until 11 March. This programme outlines key activities and priorities, including preparing for the application of the European Media Freedom Act and evaluating the Audiovisual Media Services Directive. https://lnkd.in/d4AMWq-t",2025-10-17 08:21:00,2025-10-17 08:21:00,7md.,no,company/simmons-and-simmons-belgium/posts,Simmons & Simmons Belgium,1.337 følgere,,,no,https://www.linkedin.com/company/simmons-and-simmons-belgium/posts,,,,,,https://www.linkedin.com/feed/update/urn:li:activity:7303044844061401089,,1,3,8,7,0,0,0,0,1,,1760689260,1760689260,
7209199485816606720,7209199485816606720,"Signal, MEPs urge EU Council to drop law that puts a spy on everyone's devices - On Thursday, the EU Council is scheduled to vote on a legislative proposal that would attempt to protect children online by disallowing confidential communication.

The vote had been set for Wednesday but got pushed back .

Known to detractors as Chat Control, the proposal seeks to prevent the online dissemination of child sexual abuse material (CSAM) by requiring internet service providers to scan digital communication – private chats, emails, social media messages, and photos – for unlawful content.

The proposal , recognizing the difficulty of explicitly outlawing encryption, calls for ""client-side scanning"" or ""upload moderation"" – analyzing content on people's mobile devices and computers for certain wrongdoing before it gets encrypted and transmitted.

The idea is that algorithms running locally on people's devices will reliably recognize CSAM (and whatever else is deemed sufficiently awful), block it, and/or report it to authorities. This act of automatically policing and reporting people's stuff before it's even had a chance to be securely transferred rather undermines the point of encryption in the first place.

We've been here before. Apple announced plans to implement a client-side scanning scheme back in August 2021, only to face withering criticism from the security community and civil society groups. In late 2021, the iGiant essentially abandoned the idea.

Europe's planned ""regulation laying down rules to prevent and combat child sexual abuse"" is not the only legislative proposal that contemplates client-side scanning as a way to front-run the application of encryption. The US Earn-It Act imagines something similar.

In the UK, the Online Safety Act of 2023 includes a content scanning requirement, though with the government's acknowledgement that enforcement isn't presently feasible. While it does allow telecoms regulator Ofcom to require online platforms to adopt an ""accredited technology"" to identify unlawful content, there is currently no such technology and it's unclear how accreditation would work.

With the EU proposal vote approaching, opponents of the plan have renewed their calls to shelve the pre-crime surveillance regime.

In an open letter  on Monday, Meredith Whittaker, CEO of Signal, which threatened to withdraw its app from the UK if the Online Safety Act disallowed encryption, reiterated why the EU client-side scanning plan is unworkable and dangerous.

""There is no way to implement such proposals in the context of end-to-end encrypted communications without fundamentally undermining encryption and creating a dangerous vulnerability in core infrastructure that would have global implications well beyond Europe,"" wrote Whittaker.
European countries continue to play rhetorical games. They’ve come back to the table with the same idea under a new label
""Instead of accepting this fundamental mathematical ...",2025-10-17 08:21:02,2025-10-17 08:21:02,1år,no,in/robine,Robin Edgar,Commissioner on Professional Fields,,https://media.licdn.com/dms/image/v2/C4E03AQHUjT0wfTcNag/profile-displayphoto-shrink_100_100/profile-displayphoto-shrink_100_100/0/1516322400433?e=1762387200&v=beta&t=oXeBntoX3LVomCUtBio39Clo2GHIoIDRPW4v7K-2b_M,no,https://www.linkedin.com/in/robine,,,,,,https://www.linkedin.com/feed/update/urn:li:activity:7209199485816606720,https://www.linkielist.com/global-domination/privacy/signal-meps-urge-eu-council-to-drop-law-that-puts-a-spy-on-everyones-devices/,0,0,0,0,0,0,0,0,0,,1760689262,1760689262,
7374109836373983232,7374109836373983232,"Amidst all the chatter about AI, perhaps people have forgotten the whole episode surrounding Section 230 and child safety concerns on the internet, especially social media.

On January 31, 2024, the CEOs of Meta, TikTok, X (formerly Twitter), and other social platforms testified before the Senate Judiciary Committee as lawmakers and parents pressed them over social media's impact on children. Concerns raised included child exploitation, addictive design features, links to suicide and eating disorders, unrealistic beauty standards, and bullying, and parents of victims held up photos of their deceased children during the hearing.
This led to a lot of discussion on either repealing Section 230 (of the Communications Decency Act of 1996) or limiting its reach. 
So, what is Section 230?...

#AIPolicy #TechRegulation #ChildProtection #AIGovernance #ResponsibleAI #PolicyMaking #TechAccountability #AI #GenAI

Sam Ghosh",2025-10-17 08:21:02,2025-10-17 08:21:02,4u,no,in/sumansghosh,Sam Ghosh,"Emerging Tech | Author | 1x Founder | MBA, CFA L3 | Finance + Product + Engineering",,https://media.licdn.com/dms/image/v2/D5603AQFDksc97bMC7Q/profile-displayphoto-crop_800_800/B56Zh63I9TG0AU-/0/1754407933533?e=1762387200&v=beta&t=vyXK5gIzLixcexeEa8DW6WzZg0iPGdHOKL-CytO_40Y,no,https://www.linkedin.com/in/sumansghosh,,,"aipolicy,techregulation,childprotection,aigovernance,responsibleai,policymaking,techaccountability,ai,genai",https://media.licdn.com/dms/image/v2/D5612AQEHRVGeDwy3Kg/article-cover_image-shrink_600_2000/B56ZlXBy2EIAAQ-/0/1758101716901?e=1762387200&v=beta&t=aypXFKHK3Mk8ZnrQXZErydqFniz60ZEfoistenkU1-0,,https://www.linkedin.com/feed/update/urn:li:activity:7374109836373983232,https://www.linkedin.com/pulse/genai-csam-crisis-how-genai-transforming-child-sexual-sam-ghosh-8mscf?trackingId=TTgHIrQsQG2EFBMDC1AD0A%3D%3D,0,0,0,0,0,0,0,0,0,,1760689262,1760689262,
7157737526793818112,7157737526793818112,"🔥 Opinion 8/2024 on the Proposal for on the Proposal for a Regulation amending Regulation (EU) 2021/1232 on a temporary derogation from certain #ePrivacy provisions for combating #CSAM ¦ EDPS - European Data Protection Supervisor 🔥

👨‍💻 The EDPS has issued an Opinion on the proposed Regulation to extend the temporary derogation from certain provisions of the ePrivacy Directive to combat child #sexualabuse online. The Regulation would allow providers of certain independent interpersonal communication services to continue to apply specific #technologies to private communications in order to detect child sexual abuse material for two more years, whilst negotiations for a long-term Regulation are ongoing.

👨‍🏫 In its Opinion, the EDPS expresses concern about the aims of this Regulation, which would, in effect, restrict individuals’ #fundamentalrights to privacy and personal data, including their right to the confidentiality of communications. The EDPS also highlights that the recommendations previously issued in its Opinion on temporary derogations from the ePrivacy Directive 2020 were not fully addressed, further putting individuals at risk.

#dataprivacy #sensitiveinformation #childprotection #risk #chilsexualabuse",2025-10-17 08:21:03,2025-10-17 08:21:03,1år,no,in/%F0%9F%87%AA%F0%9F%87%BA-dr-daniela-r-1558a215,🇪🇺 Dr. Daniela R.,📌📝 LegalTech Researcher - AI4Gov | 🛂 Legal expert on Smartborders | 💾 Technologist | 🔗 NFT Collector - Web 3.0 explorer,,,no,https://www.linkedin.com/in/%F0%9F%87%AA%F0%9F%87%BA-dr-daniela-r-1558a215,,,"eprivacy,csam,sexualabuse,technologies,fundamentalrights,dataprivacy,sensitiveinformation,childprotection,risk,chilsexualabuse",,,https://www.linkedin.com/feed/update/urn:li:activity:7157737526793818112,,0,0,8,7,0,0,0,0,1,Nye indlæg i Privacy and Data Security,1760689263,1760689263,
7135873343823429636,7135873343823429636,,2025-10-17 08:21:03,2025-10-17 08:21:03,1år,no,in/ankit-ranjan-516737227,Ankit Ranjan,Operations Manager,,https://media.licdn.com/dms/image/v2/D5603AQGpW7EG0DE0bw/profile-displayphoto-shrink_100_100/profile-displayphoto-shrink_100_100/0/1710395015897?e=1762387200&v=beta&t=mb4RWZJpE7jRh21UKzbl1L2d2cL8kujHWWIU7KZqSgI,no,https://www.linkedin.com/in/ankit-ranjan-516737227,,,,,,https://www.linkedin.com/feed/update/urn:li:activity:7135873343823429636,,0,0,0,0,0,0,0,0,0,,1760689263,1760689263,
7251281939586846720,7251281939586846720,"Is EU's Child Protection Proposal a Privacy Nightmare? 😱

The EU's new legislative plan to combat child abuse might be doing more harm than good.  
This controversial proposal raises a significant question: are we sacrificing privacy for security?  
Let's unpack the latest tech news from the Netherlands and beyond!  

1. The EU's CSAM Scanning Proposal 🔍  
The EU aims to implement an extensive CSAM (Child Sexual Abuse Material) scanning framework, targeting messaging apps.  
This compromises user privacy, impacting millions of people who value secure communication.  
While protecting children is crucial, can we afford to undermine privacy rights in the process?  

2. ZoomVision Hires Key Leaders 🚀  
Health-tech startup ZoomVision is making waves with new strategic leadership hires.  
These seasoned executives aim to accelerate growth and innovation in eye health tech.  
Are they the right people to lead the charge in such a competitive market? Let's wait and see!  

3. GITEX GLOBAL's AI Economy Initiative 🧠  
GITEX GLOBAL aims to reshape the digital economy with a robust AI ecosystem.  
An impressive $1.2 trillion in VC funds is up for grabbing.  
However, will this create an inclusive landscape for startups, or deepen economic divides?  

4. Rockstart Invests in Viacurrent 💸  
Amsterdam-based Rockstart has thrown its weight behind Viacurrent, focusing on employee financial wellness.  
This investment taps into a growing need for employee well-being solutions.  
Could this shift indicate a broader trend toward holistic care in corporate culture?  

5. Rapido App Raising $60 Million 💵  
Rapido is reportedly raising $60 million to enhance its platform.  
Securing that kind of funding is a strong indicator of potential growth.  
But in a saturated market, can Rapido genuinely differentiate its offering?  

The tech landscape is buzzing with developments, but not all changes are straightforward.  
What do you think? Should we prioritize security over privacy?  
Are precarious investments the hallmark of a thriving startup ecosystem?  
Your insights matter! Share below! 👇

🫡 𝐁𝐮𝐢𝐥𝐝 𝐲𝐨𝐮𝐫 𝐬𝐭𝐚𝐫𝐭𝐮𝐩 𝐧𝐨𝐰:
https://femaleswitch.app

🔈🔈🔈
🫵 𝐅𝐨𝐫 𝐬𝐭𝐚𝐫𝐭𝐮𝐩 𝐚𝐝𝐯𝐢𝐜𝐞 𝐟𝐨𝐫 𝐟𝐢𝐫𝐬𝐭 𝐭𝐢𝐦𝐞 𝐞𝐧𝐭𝐫𝐞𝐩𝐫𝐞𝐧𝐞𝐮𝐫𝐬, 𝐡𝐢𝐭 𝐅𝐎𝐋𝐋𝐎𝐖

#startups #femalentrepreneur #zerocode #ai",2025-10-17 08:21:03,2025-10-17 08:21:03,1år,no,in/meanceo,Violetta B.,"Get an AI co-founder🤖 Validate startup ideas🤩Go from IDEA to first customer ✅Automate SEO, social media, customer support, newsletters, email campaigns 👉Build AI tools ➡️Play the Startup Game 🎮 Be a happy founder 💯",,https://media.licdn.com/dms/image/v2/D5603AQEblJn33ux77Q/profile-displayphoto-shrink_100_100/profile-displayphoto-shrink_100_100/0/1728572109565?e=1762387200&v=beta&t=YjnfJ1XjsaMkJkGPnujrsopJM_0N0o9wZOlUIyHzD2Q,no,https://www.linkedin.com/in/meanceo,,,"startups,femalentrepreneur,zerocode,ai",,https://media.licdn.com/dms/image/v2/D4E10AQG-RKbLh8asMg/videocover-high/videocover-high/0/1728840330773?e=1761296400&v=beta&t=JR2oeB5e6JzPjYDJUI-aXoKhK0DpFqq86CCKIKMeqQQ,https://www.linkedin.com/feed/update/urn:li:activity:7251281939586846720,,0,0,0,0,0,0,0,0,0,,1760689263,1760689263,
7331601132739313665,7331601132739313665,"Read our latest EU & Belgian Data Protection and TMT update below! 📣 
 
✂️ On 21 May, the European Commission officially announced its proposal to ease record-keeping obligations for small-mid caps as part of an omnibus package. It proposes to amend Article 30(5) GDPR to raise the exemption threshold from 250 to 750 employees – the EDPB and EDPS had already expressed their preliminary support for a version of the text which raised the threshold to 500 employees. In the proposal, the derogation will not apply where processing is “likely to result in a high risk to the rights and freedoms of natural persons”, whereas the GDPR currently only refers to processing likely to result in a risk. At the same time, trilogue negotiations on the “GDPR Procedural Regulation” are still ongoing, as negotiators failed to reach an agreement on Wednesday night. https://lnkd.in/exbXcmdC
 
⚽ On 15 May, the Advocate General of the CJEU shared his opinion in case C-209/23. The opinion questions whether FIFA can rely on legitimate interest as a legal basis when requiring football agents to disclose personal data. The Advocate General expresses doubt about using transparency as a standalone justification in private economic activities and seems to introduce a new requirement to “not place an intolerable burden on data subjects as regards their right to privacy and their financial interests”. https://lnkd.in/esmuRV98
 
🔍 As the Child Sexual Abuse Material (CSAM) Regulation returned to the negotiation table earlier this year, Member States are still working through a series of compromise texts. The latest draft compromise introduces further changes in risk mitigation, new obligations for coordinating authorities and adjustments for providers regarding CSAM detection. https://lnkd.in/ejS7RBTY
 
🎯 On 14 May, the Brussels Market Court issued its decision in a case between the Belgian DPA and Adtech association IAB Europe, annulling the 2022 decision due to procedural issues while upholding the €250,000 fine. The Court confirmed that IAB Europe is a joint controller for the consent data collected via its Transparency and Consent Framework. The legality of the framework itself is now being contested by both sides. https://lnkd.in/eCFDhSSe",2025-10-17 08:21:06,2025-10-17 08:21:06,4md.,no,company/simmons-and-simmons-belgium/posts,Simmons & Simmons Belgium,1.337 følgere,,,no,https://www.linkedin.com/company/simmons-and-simmons-belgium/posts,,,,,,https://www.linkedin.com/feed/update/urn:li:activity:7331601132739313665,,1,4,15,14,0,0,0,0,1,,1760689266,1760689266,
7382332972865097728,7382332972865097728,"Chat Control in all its forms in EU is nothing less than mass-surveillance and a highway to authoritarian methods not worthy a free and democratic society. ""For the children"" - again used to have us accept unacceptable incursions to our basic rights and freedoms AND many persons behind this proposal have already made it clear that they want / intend to expand the use cases. 1984 was not an instruction manual - it was a warning!

Why This Matters!? This isn't just about privacy, it's about creating surveillance infrastructure that can be expanded for any purpose governments choose. Once client-side scanning exists on every device, authorities can scan for political dissent, journalism sources or any content they want to suppress! And yes, they will do so!

I'll link to a video in the coments that will explain some of the problems and also follows the money behind it - you really should see this!

Follow / listen to people that know about theese dangers such as:
Fia Ewald Karl Emil Nikka Alexander Hanff (LLM, CIPPE, CIPT) 

#EUChatControl #Encryption #Privacy #Surveillance #EUPrivacy #ChatControl #EndToEndEncryption #DigitalRights #CorporateCorruption #Lobbying #CSAM #OnlineSafety #WhatsApp #Signal #MassSurveillance",2025-10-11 08:21:06,2025-10-17 08:21:06,6d,no,in/henrik-kindstedt,Henrik K.,"Tech, Cybersecurity, Privacy and Security in general",,https://media.licdn.com/dms/image/v2/D4E03AQF6Bvl6se-bXA/profile-displayphoto-shrink_400_400/B4EZdL6uneH0Ag-/0/1749325377363?e=1762387200&v=beta&t=Gkayo4kdCAfKOnVXZGGNaZSYFDQ3ixeAtu9K0AZdhsg,no,https://www.linkedin.com/in/henrik-kindstedt,,,"euchatcontrol,encryption,privacy,surveillance,euprivacy,chatcontrol,endtoendencryption,digitalrights,corporatecorruption,lobbying,csam,onlinesafety,whatsapp,signal,masssurveillance",,,https://www.linkedin.com/feed/update/urn:li:activity:7382332972865097728,,3,4,27,20,2,0,0,4,1,,1760170866,1760689266,
7340722700379709444,7340722700379709444,"🌍 EU Sets Sights on Modernising Laws to Combat Child Sexual Abuse 🌍

The European Parliament’s Civil Liberties Committee has endorsed new proposals to strengthen EU-wide measures against child sexual abuse, adapting legal frameworks to keep pace with today’s tech landscape.

📌 Key Updates Include:
🧑‍⚖️ Modernised legal definitions: Expanding definitions of child sexual abuse to include livestreaming, AI-generated abuse content, and “instruction manuals” that facilitate exploitation.

⏱️ No statute of limitations: Criminal offences will have no time limits; victims can seek compensation indefinitely.

📈 Stricter penalties: Higher maximum sentences for sexual abuse, exploitation, and CSAM offences.

🖥️ AI accountability: The use of AI systems designed for abuse will be made explicitly illegal.

🫂 Victim-centred support: Mandatory access to free, gender-sensitive services (medical, psychological, legal), following the Barnahus multi-disciplinary model.

Once approved in plenary this week, the proposals will enter negotiations with the Council — marking a significant step toward a 21st-century safeguarding framework.

Read more: https://lnkd.in/e6HwqsWg

#onlinesafety #onlineharm #childprotection #childsafety #onlinegroomingprevention #DRAGON #EuropeanParliament #MEP #EU",2025-10-17 08:21:06,2025-10-17 08:21:06,3md.,no,company/project-dragon-s/posts,Project DRAGON-S,339 følgere,,,no,https://www.linkedin.com/company/project-dragon-s/posts,,,"onlinesafety,onlineharm,childprotection,childsafety,onlinegroomingprevention,dragon,europeanparliament,mep,eu",,,https://www.linkedin.com/feed/update/urn:li:activity:7340722700379709444,https://www.europarl.europa.eu/news/sv/press-room/20250613IPR28905/kampen-mot-sexuella-overgrepp-mot-barn-nya-regler-som-svar-pa-ny-teknik,0,1,0,0,0,0,0,0,0,,1760689266,1760689266,
7273386037014409218,7273386037014409218,The EU finds it breached its own privacy rules in a 2023 ad campaign on X that intended to sway opinions for a proposal to force messaging apps to scan for CSAM (Natasha Lomas/TechCrunch)​,2025-10-17 08:21:08,2025-10-17 08:21:08,10md.,no,in/missionlife,India-NGO / Bharat Amrutkal Trust,"Disaster Risk Reduction & Relief Operations & Community Involvement for Climate Change and Circular Economy| Peace, Poverty & Hunger Alleviation, Environmental Compliance",,https://media.licdn.com/dms/image/v2/D5603AQFgfXG7FXrY7w/profile-displayphoto-shrink_100_100/profile-displayphoto-shrink_100_100/0/1728983400055?e=1762387200&v=beta&t=x5v2Unih_4OipGJq26heeF4YuuW_yKO4DrLOVTaQ8wU,no,https://www.linkedin.com/in/missionlife,,,,,,https://www.linkedin.com/feed/update/urn:li:activity:7273386037014409218,http://bharat-amrutkal-trust.com/the-eu-finds-it-breached-its-own-privacy-rules-in-a-2023-adcampaign-on-x-that-intended-to-sway-opinions-for-a-proposal-toforce-messaging-apps-to-scan-for-csam-natashalomas-techcrunch-2/,0,0,1,1,0,0,0,0,0,,1760689268,1760689268,
7157737308685762560,7157737308685762560,"🔥 Opinion 8/2024 on the Proposal for on the Proposal for a Regulation amending Regulation (EU) 2021/1232 on a temporary derogation from certain #ePrivacy provisions for combating #CSAM ¦ EDPS - European Data Protection Supervisor 🔥 

👨‍💻 The EDPS has issued an Opinion on the proposed Regulation to extend the temporary derogation from certain provisions of the ePrivacy Directive to combat child #sexualabuse online. The Regulation would allow providers of certain independent interpersonal communication services to continue to apply specific #technologies to private communications in order to detect child sexual abuse material for two more years, whilst negotiations for a long-term Regulation are ongoing.

👨‍🏫 In its Opinion, the EDPS expresses concern about the aims of this Regulation, which would, in effect, restrict individuals’ #fundamentalrights to privacy and personal data, including their right to the confidentiality of communications. The EDPS also highlights that the recommendations previously issued in its Opinion on temporary derogations from the ePrivacy Directive 2020 were not fully addressed, further putting individuals at risk.

#dataprivacy #sensitiveinformation #childprotection #risk #chilsexualabuse",2025-10-17 08:21:08,2025-10-17 08:21:08,1år,no,in/%F0%9F%87%AA%F0%9F%87%BA-dr-daniela-r-1558a215,🇪🇺 Dr. Daniela R.,📌📝 LegalTech Researcher - AI4Gov | 🛂 Legal expert on Smartborders | 💾 Technologist | 🔗 NFT Collector - Web 3.0 explorer,,,no,https://www.linkedin.com/in/%F0%9F%87%AA%F0%9F%87%BA-dr-daniela-r-1558a215,,,"eprivacy,csam,sexualabuse,technologies,fundamentalrights,dataprivacy,sensitiveinformation,childprotection,risk,chilsexualabuse",,,https://www.linkedin.com/feed/update/urn:li:activity:7157737308685762560,,0,0,1,1,0,0,0,0,0,,1760689268,1760689268,
7313077452950450176,7313077452950450176,"Yesterday’s ProtectEU proposal takes a comprehensive, whole-of-society approach aimed at boosting cooperation and cybersecurity, enhancing the resilience of critical digital infrastructures, and promoting EU technological sovereignty. 🇪🇺

It represents an overdue and welcome alignment with President Niinistö’s recent report and reflects the EU’s evolving security landscape.

📌 Among many strong points in the strategy, prioritising cybersecurity resilience and technological sovereignty in the most critical areas makes sense. The Commission is right in revising the Cybersecurity Act to simplify regulations, making them more business-friendly, securing ICT supply chains, and clarifying cybersecurity certifications. Efforts to combat ransomware, address the cybersecurity skills gap, and transition to post-quantum cryptography reinforce our ambition to stay ahead of the curve for a secure digital future.

However, we might be putting all of this at risk with a specific part of our own strategy - the proposed Technology Roadmap on encryption. ❗️

It appears the Commission has not learned from its previous failed proposal in this area, the CSA Regulation, which remains stalled in the Council (and should be withdrawn!). #CSAM 

☝️ Addressing threats like Child Sexual Abuse Material is vital, but weakening encryption is not the solution. The opposite. Instead, we should significantly increase law enforcement’s resources and investigative capabilities, including bolstering international collaboration, to address these issues comprehensively across borders without compromising encryption.

👉 The expert consensus indicates that lawful access to encrypted data is not technically feasible in any reasonable manner; by continuing down this path, the Commission is opening the door to significant risks. 

❗️Introducing 'backdoors' to break encryption fundamentally undermines the very cybersecurity principles ProtectEU aims to uphold. End-to-end encryption remains essential for safeguarding sensitive personal data, critical infrastructure such as banks and hospitals, and indeed our overall security. Creating backdoors in encryption would expose these systems to vulnerabilities, risking exploitation by hackers, criminals, or hostile authoritarian states.

👉👉 Weakening encryption could even directly conflict with our ambition to grow European technology companies. Much of our lives are now lived or managed online; strong encryption is critical for businesses and consumers who trust platforms with their data. Weakening encryption would damage the EU’s credibility as a secure hub for tech innovation. We talk extensively about technological sovereignty these days, yet we continue to hinder our own progress toward achieving it. 

To genuinely lead in technological innovation and cybersecurity, #ProtectEU should strengthen encryption and not undermine it.

#cybersecurity 
#e2ee
#encryption
#security",2025-10-17 08:21:08,2025-10-17 08:21:08,6md.,no,in/aurasalla,Aura Salla,"PhD, Member of the European Parliament, ITRE Committee, @Kokoomus @EPP",,https://media.licdn.com/dms/image/v2/D4D03AQHKGJHjzRW1xA/profile-displayphoto-shrink_100_100/profile-displayphoto-shrink_100_100/0/1715688157662?e=1762387200&v=beta&t=Az6s7lRQYuBAoKz7O0g-SUiN9JsbLWmVPcPBr9WDzFo,no,https://www.linkedin.com/in/aurasalla,,,"csam,protecteu,cybersecurity,e2ee,encryption,security",,,https://www.linkedin.com/feed/update/urn:li:activity:7313077452950450176,,5,4,82,71,0,4,0,2,5,,1760689268,1760689268,
7209470487234568193,7209470487234568193,"The #EU's proposal to #prevent child sexual abuse material (#CSAM) could #break encryption by mandating bulk message scanning, even for #EncryptedCommunications.

The law requires digital messages, including images, videos, and links, to be #scanned by a ""vetted"" #MonitoringSystem before encryption. This approach has sparked significant opposition from #privacy advocates and tech leaders, who argue it undermines encryption and introduces #vulnerabilities.

#headlyglobal #chatcontrol #encryption #signal #whatsapp #masssurveillance #digitalprivacy",2025-10-17 08:21:11,2025-10-17 08:21:11,1år,no,company/headly-global/posts,Headly Global e.U,1.004 følgere,,,no,https://www.linkedin.com/company/headly-global/posts,,,"eu,prevent,csam,break,encryptedcommunications,scanned,monitoringsystem,privacy,vulnerabilities,headlyglobal,chatcontrol,encryption,signal,whatsapp,masssurveillance,digitalprivacy",,,https://www.linkedin.com/feed/update/urn:li:activity:7209470487234568193,,0,0,0,0,0,0,0,0,0,,1760689271,1760689271,
7210888745913360385,7210888745913360385,"⚖️𝐖𝐨𝐫𝐥𝐝'𝐬 𝐅𝐢𝐫𝐬𝐭 𝐀𝐈 𝐋𝐚𝐰 : 𝐄𝐔 𝐟𝐚𝐜𝐞𝐬 𝐜𝐨𝐧𝐭𝐫𝐨𝐯𝐞𝐫𝐬𝐲 𝐨𝐯𝐞𝐫 𝐩𝐫𝐨𝐩𝐨𝐬𝐞𝐝 𝐀𝐈 𝐬𝐜𝐚𝐧𝐧𝐢𝐧𝐠 𝐥𝐚𝐰🧑‍⚖️

⚖️A proposed law that would force AI to scan users' images and videos on messaging apps to find content that may involve child sexual abuse is causing a lot of controversy in the EU (CSAM). Opponents of the law, who include significant tech companies like WhatsApp and Signal, claim that it compromises fundamental rights by endangering privacy and encryption. Additionally, they caution that a large number of false positives from the AI detection systems could overwhelm law enforcement. 

⚖️Further delays resulted from the representatives of EU member states being unable to agree on the proposal at a recent meeting. The Belgian presidency had hoped to complete the negotiating mandate; however, differences between the member states impeded their efforts. Discussions on the proposal are expected to continue during Hungary's upcoming EU Council presidency due to the ongoing division.

⚖️Proton founder Andy Yen and Signal Messenger President Meredith Whittaker are among the opponents of the proposal who highlight the risks associated with widespread surveillance and the necessity of more focused methods of child protection. Despite the current setback, there is concern that legislative efforts will continue, requiring privacy advocates to remain vigilant.

Follow for more update – Genxi - AI Updates

#EU #AI #AILaw #AIAct #technologies #innovation #newAIupdates #genxi",2025-10-17 08:21:11,2025-10-17 08:21:11,1år,no,company/genxi-ai-updates/posts,GenXi - AI Updates,1.583 følgere,,,no,https://www.linkedin.com/company/genxi-ai-updates/posts,,,"eu,ai,ailaw,aiact,technologies,innovation,newaiupdates,genxi",,,https://www.linkedin.com/feed/update/urn:li:activity:7210888745913360385,,2,5,10,9,0,0,0,1,0,,1760689271,1760689271,
7127194843503579136,7127194843503579136,"📕 October digest with interesting resources and materials related to #Privacy and #DataProtection from Irina Klokova

A must-read for those who want to keep up to date with news from the world of privacy.

#GDPR",2025-10-17 08:21:11,2025-10-17 08:21:11,1år,no,in/dmitrii--filatov,Dmitrii Filatov,"🔒CISO & DPO | FIP, CIPP/E, CIPT | GDPR DPP, DPT, DPM",,https://media.licdn.com/dms/image/v2/D4E03AQHAx5S8XNQ7uw/profile-displayphoto-shrink_100_100/profile-displayphoto-shrink_100_100/0/1701116759286?e=1762387200&v=beta&t=VtwMd9psmg8l0ghV83FI5r3fkWocS9TxEpI_fSYcpwo,no,https://www.linkedin.com/in/dmitrii--filatov,,,"privacy,dataprotection,gdpr",https://media.licdn.com/dms/image/v2/D4E12AQF00zE_7npKrA/article-cover_image-shrink_600_2000/article-cover_image-shrink_600_2000/0/1699252533573?e=1762387200&v=beta&t=n5_tIJQIoGSgGe44eI47QVfFIThNoNK_PjSd95I81Gg,,https://www.linkedin.com/feed/update/urn:li:activity:7127194843503579136,https://www.linkedin.com/pulse/monthly-digest-october-2023-irina-klokova-3cqge?trackingId=8hLgXecrSdCGyIe1N2BFtg%3D%3D,0,1,22,21,0,0,0,0,1,,1760689271,1760689271,
7382040904951300096,7382040904951300096,"Hollywood is behind the EU’s new surveillance law? 🤯

Well… not exactly.

We’re talking about the EU Chat Control law, which could force backdoor access to encrypted messages on every phone in Europe. Behind this law is a $24 million lobbying operation run by a Hollywood actor’s tech company.

What is EU Chat Control?

Chat Control (officially the CSAM Regulation) is proposed EU legislation that would mandate client-side scanning of all encrypted messages on platforms like WhatsApp, Signal, Telegram, and iMessage.

-The European Commission and Thorn claim it’s about child protection.

-Privacy experts call it a mass surveillance of 450 million Europeans.

So what's the big deal?

-Ashton Kutcher’s tech company Thorn paid a lobbying firm over €600,000 in 2022 for representation in Brussels.

-Another foundation invested $24 million into a lobbying network supporting Chat Control.

-Two Europol officials moved directly to Thorn with no cooling-off period, now lobbying their former colleagues.

-An EU Commissioner wrote directly to Thorn’s CEO, suggesting a long-standing relationship.

-Remember the failed UK surveillance schemes? The same companies are attempting similar setups across Europe.

Why this matters?

-Thorn is U.S.-based, meaning any tech or detection services run on servers outside the EU.

-Scanning private communications, even encrypted ones, opens the door to mass surveillance.

-Many services rely on end-to-end encryption for privacy; the proposal could force backdoors.

-Mission creep: once scanning is in place, it could be expanded beyond CSAM to monitor political dissent, journalism sources, or any content authorities want.

-Legal concerns: questions under EU law and human rights law.

-Technical limitations: AI/automated tools are imperfect, risking false positives or misclassification of innocent content.

For many, this isn’t just about privacy. It’s about building surveillance infrastructure that governments could repurpose. Once client-side scanning exists on every device, authorities could scan for political dissent, whistleblowers, or journalism sources reinforcing the power asymmetry between citizens and the state.

Denmark has set October 14, 2025, as the deadline for Chat Control negotiations and the law could pass with little public scrutiny.

👉 Comment: Should the EU be allowed to scan your private messages?

#EUChatControl #Encryption #Privacy #Surveillance #EUPrivacy #ChatControl #EndToEndEncryption #DigitalRights #Lobbying #CSAM #OnlineSafety #WhatsApp #Signal #MassSurveillance",2025-10-17 08:21:13,2025-10-17 08:21:13,1u,no,in/joonas-kalij%C3%A4rvi-2201931a2,Joonas Kalijärvi,Anti-Money Laundering Specialist @ Pohjolan Osuuspankki. Compliance & Risk Management Knowledge. KYC & Sanctions. Turning complex subjects into easily understandable solutions. Multilingual coach.,,https://media.licdn.com/dms/image/v2/C4D03AQEIDOrF2TDSZA/profile-displayphoto-shrink_100_100/profile-displayphoto-shrink_100_100/0/1597335756879?e=1762387200&v=beta&t=l4XGSI1yGxYTavNHedI-1MlnRqjOdlpUbJfX4Y88M9Y,no,https://www.linkedin.com/in/joonas-kalij%C3%A4rvi-2201931a2,,,"euchatcontrol,encryption,privacy,surveillance,euprivacy,chatcontrol,endtoendencryption,digitalrights,lobbying,csam,onlinesafety,whatsapp,signal,masssurveillance",,,https://www.linkedin.com/feed/update/urn:li:activity:7382040904951300096,,1,0,5,3,0,0,0,0,2,,1760689273,1760689273,
7290710729328873478,7290710729328873478,"Since 2022, European Union policymakers have attempted to push a legislation, called the regulation to prevent and combat child sexual abuse (known as the CSAM regulation), that would introduce mandatory scanning of instant messages platforms like WhatsApp, Signal, Facebook Messenger and others to detect and prevent the spread of child sexual abuse material. While the goal of protecting children is undeniably important, the proposal raises serious concerns about privacy, encryption, and mass surveillance.

The proposal requires tech companies to scan all user's private messages, which effectively undermines built-in end-to-end encryption, a key security feature that ensures only the sender and receiver can access messages. If implemented, this could create a backdoor that significantly weakens security. 

The main concern is that states that acquire the ability to scan messages searching for child abuse content will also use those abilities for nefarious ends.

Many EU member states have expressed reservations due to the national security risks associated with weakening encryption. On the privacy front, it is easy to argue that strong encryption is essential for protecting people and businesses information from cyber threats. While protecting children is a top priority, we need a more targeted solution that don’t compromise encryption.

At the moment, the legislation is stalled due to a blocking minority of EU member states. The third attempt, pushed by Hungary late last year, failed to get the stamp of the European council.

#Cyber #Privacy #CyberSecurity #Encryption",2025-10-17 08:21:13,2025-10-17 08:21:13,8md.,no,in/amorson,Amit Morson,"VP Services at MazeBolt, CISO",,https://media.licdn.com/dms/image/v2/D4E35AQE3RT291gy4xQ/profile-framedphoto-shrink_800_800/B4EZkVi5TxGwAg-/0/1757003093657?e=1761296400&v=beta&t=K4YdnkffcVe-blwpA5a0olUaRL4gTwLK6l3BwZ3QPiE,no,https://www.linkedin.com/in/amorson,,,"cyber,privacy,cybersecurity,encryption",,,https://www.linkedin.com/feed/update/urn:li:activity:7290710729328873478,,0,1,6,6,0,0,0,0,0,,1760689273,1760689273,
7358105396508614656,7358105396508614656,"A few weeks ago in Copenhagen, during a press conference, Danish Justice Minister Peter Hummelgaard stumbled through his response: ""There is a broad recognition in the Council that we need to move on the regulation on child sexual abuse.""

At the heart of this long-running debate over expanded police powers is a technical question: Can encrypted messaging apps - now default for millions -effectively screen for illegal content and alert authorities when necessary?
Some Member States and law enforcement agencies believe the answer is yes. Most technologists and privacy advocates disagree.

p.s. many people across the EU remain unaware that their own governments are supporting CSAM / #chatcontrol scanning proposals.

https://lnkd.in/d4TjJVUt",2025-10-17 08:21:13,2025-10-17 08:21:13,2md.,no,company/eutechloop/posts,eutechloop,346 følgere,,,no,https://www.linkedin.com/company/eutechloop/posts,,,chatcontrol,,,https://www.linkedin.com/feed/update/urn:li:activity:7358105396508614656,https://eutechloop.com/return-of-chat-control/,0,0,4,4,0,0,0,0,0,,1760689273,1760689273,
7133775576120573953,7133775576120573953,"💡 ACER to decide on amending the methodology for coordinating operational security analysis in the electricity systems

📃 On 17 November 2023, the European Network of Transmission System Operators for Electricity (ENTSO-E), on behalf of #Transmission #SystemOperators (#TSOs), submitted to ACER an amendment proposal to the methodology for coordinating operational security analysis (#CSAM). 

🤔 CSAM supports the #EU’s operational security by outlining the requirements in several key areas, such as planning, transparency, and reliability of information on #electricity #transmission system operation. 

🔎 What does the amendment proposal entail?

The proposed amendments to the methodology relate to the implementation of the observability area (i.e., where TSOs implement real-time #monitoring and modelling of their systems to maintain operational security) and aim at:
👉 aligning the reassessment period for the observability area with the reassessment period of the external contingency list, which is important for ensuring the accuracy of operational security analysis across all timeframes;
👉 including busbar couplers in the contingency lists and in the TSOs’ Individual #Grid Models (IGMs) to keep the #power flow limits within the operational security limits after the contingency occurs.

⏭ What are the next steps? 
ACER will decide on the TSOs’ proposals to amend the methodology for coordinating operational security analysis by May 2024.

Read more 👉 https://lnkd.in/dEWAQ-zE",2025-10-17 08:21:14,2025-10-17 08:21:14,1år,no,company/eu-acer/posts,EU Agency for the Cooperation of Energy Regulators (ACER),30.570 følgere,,,no,https://www.linkedin.com/company/eu-acer/posts,,,"transmission,systemoperators,tsos,csam,eu,electricity,transmission,monitoring,grid,power",,,https://www.linkedin.com/feed/update/urn:li:activity:7133775576120573953,https://www.acer.europa.eu/news-and-events/news/acer-decide-amending-methodology-coordinating-operational-security-analysis-electricity-systems,0,2,27,25,0,0,0,0,2,,1760689274,1760689274,
7376173820807888896,7376173820807888896,"🇨🇭🔐🇪🇺 Swiss privacy is dead! Is it? 👀 I’ve seen a lot of hot takes recently. Most skim the headlines and miss how Switzerland actually works. My view is contrarian: the reality is more nuanced, and the real encryption fight to watch right now may be elsewhere... If you want signal over noise, I break down what changed, what didn’t, and if the “end of Swiss privacy” narrative holds up. Just clear facts and what to watch next. Read the analysis here ➜",2025-10-17 08:21:14,2025-10-17 08:21:14,3u,no,in/jeanloupleroux,Jean Loup P. G. Le Roux,Cybersecurity | Privacy | Artificial Intelligence | Certifications | Expert Witness | ex-MorganStanley,,https://media.licdn.com/dms/image/v2/D4E03AQH0ZyNULrexSg/profile-displayphoto-shrink_100_100/profile-displayphoto-shrink_100_100/0/1728476075279?e=1762387200&v=beta&t=Afoedeud0ZqzJ6pvFcOIQo6kXSGdhIj6b8sNaiAG0hM,no,https://www.linkedin.com/in/jeanloupleroux,,,,https://media.licdn.com/dms/image/v2/D4E12AQEwPP-yZogHng/article-cover_image-shrink_423_752/B4EZlzLB6pKoAU-/0/1758573903847?e=1762387200&v=beta&t=SlKLWvM6O3X6zwcuJ1ZAhj1Cr1YLVV5mTiOxnuu_EP0,,https://www.linkedin.com/feed/update/urn:li:activity:7376173820807888896,https://www.linkedin.com/pulse/switzerland-privacy-facts-over-hot-takes-jean-loup-p-g-le-roux-ojzie?trackingId=wZw05KRTQOuxCNdhmdtr6g%3D%3D,17,13,48,32,3,1,0,0,12,,1760689274,1760689274,
7295339383124115456,7295339383124115456,"📢 EU 2025 Work Programme: A Step Forward or Just More Red Tape?

The European Commission’s 2025 Work Programme lays out an ambitious vision for competitiveness, sustainability, and simplification. But does it truly cut red tape - or are we still stuck in an endless cycle of new regulations:

🚨 51 new policy initiatives
🚨 123 pending proposals
🔹 11/18 Legislative initiatives are packages or initiatives with simplification objective or significant simplification dimension.
🔹 37 evaluations or fitness checks
🔹 37 proposals for withdrawals
🔹 4 proposals to repeal

✅ Some Steps in the Right Direction:

🔹 Start-up and Scale-up Strategy: Sounds good, but is it enough to tackle Europe’s lack of venture capital and access to risk/growth capital? The CMU was noticeably absent from any mention in the programme, will the 28th regime be able to address some of these problems?

🔹 AILD, SEP, ePrivacy withdrawal: A welcome decision - hopefully the start of rolling back other flawed proposals like CSAM.

🔹 Competitiveness in Focus – The Clean Industrial Deal, Affordable Energy Plan, and Single Market Strategy aim to boost business. But will they truly cut energy costs, speed up permitting, and drive investment?

🔹 Climate Leadership is an economic advantage – The Clean Industrial Deal and 90% emissions reduction by 2040 can drive innovation and investment. Without simpler regulations and a strong CCUS framework, meeting the 50 Mt CO₂ injection target by 2030 is uncertain.

🔹 Commitment to simplification? – The Omnibus simplification packages promise to cut reporting obligations by 25% (35% for SMEs). That’s a positive step, but is it real simplification or just rearranging bureaucracy?

⚠️ Here’s the Problem:

🚨 More new regulations, some withdrawals – Despite the talk of cutting red tape, the legislative pipeline is full, with far more new rules than actual deregulation.

🚨 Energy costs & investment risks – Affordable, reliable energy is key to competitiveness, yet grid upgrades, nuclear, and clean energy projects face regulatory bottlenecks. Can the EU prevent industry from moving elsewhere?

🚨 Digital Networks Act: Opportunity or barrier? – Digital infrastructure is key, but too many past regulations have stifled investment. This must not become another overcomplicated, growth-killing law.

🚨 Will businesses actually feel the difference? – Many of the new simplification initiatives still involve new rules, new compliance measures, and more oversight. 

🚨  European Biotech Act: This would be vital for removing regulatory barriers and boosting biotech innovation and speeding up product approvals. 

💡 The Big Question:

❓ Does this work programme really make it easier to do business in the EU - or just add more layers of compliance? I am doubtful.
Now, it’s on us in the Parliament to ensure the Commission delivers proposals with clear strategic logic that foster growth and innovation - not more barriers.",2025-10-17 08:21:14,2025-10-17 08:21:14,8md.,no,in/aurasalla,Aura Salla,"PhD, Member of the European Parliament, ITRE Committee, @Kokoomus @EPP",,https://media.licdn.com/dms/image/v2/D4D03AQHKGJHjzRW1xA/profile-displayphoto-shrink_100_100/profile-displayphoto-shrink_100_100/0/1715688157662?e=1762387200&v=beta&t=Az6s7lRQYuBAoKz7O0g-SUiN9JsbLWmVPcPBr9WDzFo,no,https://www.linkedin.com/in/aurasalla,,,,,,https://www.linkedin.com/feed/update/urn:li:activity:7295339383124115456,,22,10,285,237,1,13,0,0,34,,1760689274,1760689274,
7249369694917316609,7249369694917316609,"The EU Chat control

Chat control is back on the agenda of EU governments. EU governments are to express their position on the latest proposal on 23 September. EU Ministers of the Interior are to adopt the proposal on 10/11 October.

The EU Chat Control refers to a proposed regulation aimed at combating child sexual abuse material (CSAM) online. The regulation involves scanning electronic communications, including emails and messenger services, for the presence of CSAM. The proposal has undergone several iterations, with the most recent being “Chat Control 2.0""

One of the biggest points of contention is the requirement to scan messages on end-to-end encrypted platforms. End-to-end encryption ensures that only the sender and recipient can read the messages, keeping them safe from prying eyes. However, the proposed law suggests that messages should be scanned before they’re encrypted and sent 💩 

Thankfully, leaked documents from September 2024 reveal that countries including Germany, Poland, Austria, Estonia, SLOVENIJA, and Luxembourg remain firm in their insistence that any such law must still comply with human rights and technological reality.

FOR: Bulgaria, Croatia, Cyprus, Denmark, Greece, Hungary
AGAINST: Austria, Estonia, Germany, Luxembourg, Poland, Slovenia
UNCLEAR: Belgium,  Czech Republic, Finland, Italy, Netherlands, Portugal, Sweden

Do you want all your messages, emails, chats, etc be checked by EU agencies?

Do you want to shut down end-to-end encrypted messaging platforms in the EU?

Messenger providers Signal and Threema have already announced that they will never agree to incorporate such surveillance routines into their apps and would rather shut down operations in the EU.

I stand strongly against this dystopian surveillance machine.

What can you do?

Ask you government to call on the European Commission to withdraw the chat control proposal. 

Point them to a joint letter (https://lnkd.in/dtQ6kdAR) that was recently sent by children’s rights and digital rights groups from across Europe. 

Check your government’s position and, if they voted in favour or abstained, ask them to explain why. Tell them that as a citizen you want them to reject the proposal, that chat control is widely criticised by experts and that none of the proposals tabled in the Council of the EU so far are acceptable. 

Ask them to protect the privacy of your communication and your IT security",2025-10-17 08:21:16,2025-10-17 08:21:16,1år,no,in/kristjan-bajuk,Kristjan Bajuk,WEB3 | RWA | BUILDER | ETH SLOVENIA,,https://media.licdn.com/dms/image/v2/D4D03AQEx30KCrFfDhQ/profile-displayphoto-shrink_100_100/profile-displayphoto-shrink_100_100/0/1696708879156?e=1762387200&v=beta&t=B4qojnd39Q4TsUGsE-Twn3yUvlZUczkmUvEFH_-FIeQ,no,https://www.linkedin.com/in/kristjan-bajuk,,,,,,https://www.linkedin.com/feed/update/urn:li:activity:7249369694917316609,,1,0,5,5,0,0,0,0,0,,1760689276,1760689276,
7336757520146849793,7336757520146849793,"This is a really interesting study by Ernst & Young Global Consulting Services EY and big headline numbers on why we need simplification and deregulation: ""US #investors started snubbing Europe before Trump’s tariffs, study shows. American investment in Europe dropped by 24 percent from 2023 to 2024."" and ""A #study released by consultancy #EY on Thursday found that #investment by U.S. companies in #Europe fell by 24 percent from 2023 to 2024. Over the same period, foreign investment into the United States increased by 20 percent."" The same is likely the case everywhere, and at a time when Europe needs investment and #FDI, #regulatory burdens have huge impacts. ""Out of 500 businesses surveyed, 37% of businesses postponed, canceled or scaled back European investment plans in 2024.""  

This shows a direct correlation between investment and #regulation / #OverRegulation. It's a big obvious warning signal to Europe to make something immediate and real of the #EU #Simplification agenda to impact #Competitiveness. That might mean taking more time and even reconsidering many #policy proposals that have been moving along steadily and have not been reconsidered despite a clear need to - such as the #DigitalFairnessAct, the #DigitalNetworksAct, a reopening of #AVMS, #AIact implementation, and ensuring #FiDA and #CSAM negotiations conclude well. That the #DMA review is done well and not just an ever expanding unknowable. Just to name a few. 

#CCIAeurope #BetterRegulation #ReverseBrusselsEffect #digitalEU #DMA #DSA #DFA #Connectivity #DigitalMarketsAct Valdis Dombrovskis Mirzha de Manuel Henna Virkkunen Stéphane Séjourné 

https://lnkd.in/eHSi_UPA",2025-10-17 08:21:16,2025-10-17 08:21:16,4md.,no,in/danielfriedlaender,Daniel Friedlaender,"SVP Europe, Head of Office CCIA Europe | Leading Tech & Digital Representative I Public Affairs and Strategy I Communications I ThinkTech I Allyship I EU influencer I Mix of personal posts and work",,,no,https://www.linkedin.com/in/danielfriedlaender,,,"investors,study,ey,investment,europe,fdi,regulatory,regulation,overregulation,eu,simplification,competitiveness,policy,digitalfairnessact,digitalnetworksact,avms,aiact,fida,csam,dma,cciaeurope,betterregulation,reversebrusselseffect,digitaleu,dma,dsa,dfa,connectivity,digitalmarketsact",,,https://www.linkedin.com/feed/update/urn:li:activity:7336757520146849793,https://www.ey.com/en_gl/foreign-direct-investment-surveys/ey-europe-attractiveness-survey,0,0,0,0,0,0,0,0,0,,1760689276,1760689276,
7311036185265541123,7311036185265541123,"How do we balance online safety and digital privacy?

The EU is considering a proposal that would require scanning all private messages across digital platforms to detect harmful content. The proposal seeks to detect and prevent the dissemination of CSAM ( child sexual abuse material) by automatically scanning private communications, including emails and chats. Of course, the safety of children must always come first. It's a goal we all share.

And as we look at this new proposal, it's also important to consider the broader picture. What matters is HOW we pursue that goal. 
Client-side scanning, though well-intentioned, can open the door to new vulnerabilities, that malicious actors could exploit, ultimately weakening the security we rely on.
We shouldn’t have to choose between protecting children and preserving digital safety for everyone. We need solutions that do both.

🔍 Stronger protection or weaker security? Encryption is the backbone of digital security, protecting sensitive business data, confidential communications, and personal privacy. If platforms are required to scan messages, could this create new vulnerabilities? 

⚖️ Necessary oversight or mass surveillance? Once scanning mechanisms are in place, where does the line get drawn? Today, the focus is on child protection. But could this expand to other areas in the future?

🛡 Best approach or unintended risks? Experts warn that breaking encryption could put users, including children, at greater risk. There are many more effective ways to ensure safety without compromising security. 

At Mailvelope, we believe in a future where privacy and protection go hand in hand — where businesses and individuals can trust their digital communication.

Do you think that privacy and security truly coexist in this debate?

#PrivacyMatters #Encryption #CyberSecurity #DataProtection #DigitalRights #EURegulations #Mailvelope",2025-10-17 08:21:16,2025-10-17 08:21:16,6md.,no,company/mailvelope/posts,Mailvelope,266 følgere,,,no,https://www.linkedin.com/company/mailvelope/posts,,,"privacymatters,encryption,cybersecurity,dataprotection,digitalrights,euregulations,mailvelope",,,https://www.linkedin.com/feed/update/urn:li:activity:7311036185265541123,,0,0,3,2,0,1,0,0,0,,1760689276,1760689276,
7215293412206350336,7215293412206350336,"The general purpose AI rules, at least the temporary rules until harmonised rules are available, will be drafted by the companies most to benefit from leaving loopholes, drafting to the status quo in the market now and to their own business model and stakeholder benefits.
Others may have a look in, but will their input make any difference or will this yet be another European law written by US big tech?
Considering question, there are enough running examples of this at the moment.
💭 The Cloud Security certifications will very likely loose its sovereignty requirement because of heavy involvement of big tech and US government influence in its drafting.
💭 The client-side scanning proposals (renamed to chat control) are heavily influenced via a fake non-profit under full control of a US Ai company pushing its ""solution"" to ""detect"" CSAM materials in all chat traffic of EU people in a mass surveillance attempt which eclipses 1984.
💭 The new eIDAS 2.0 very secure and privacy friendly wallets are designed by the OpenID foundation which effectively means US big tech which generally have shown privacy is not in their vocabulary and security is troubling (MSFT specifically). Even worse, ENISA supports another US big tech written protocol, MDL, and not an EU alternative designed by the French and German standardisation institutes.
Which EU regulation will be next?
#privacy #InfoSec #InformationSecurity #AIAct #eIDAS #CSAM #CSS #chatControl #EU #EuropeanCommission #CSA #GDPR #lobbyist #generalPurposeAI #GPAI 
https://lnkd.in/et6ENgNr",2025-10-17 08:21:20,2025-10-17 08:21:20,1år,no,in/shamrockinfosec,Drs. Andor Demarteau,"Trusted Advisor, Senior Information Security, Privacy, GDPR Professional , experienced trainer, public speaker (gold dust)",,,no,https://www.linkedin.com/in/shamrockinfosec,,,"privacy,infosec,informationsecurity,aiact,eidas,csam,css,chatcontrol,eu,europeancommission,csa,gdpr,lobbyist,generalpurposeai,gpai",,,https://www.linkedin.com/feed/update/urn:li:activity:7215293412206350336,https://www.euractiv.com/section/digital/news/inside-the-eu-commissions-rush-to-build-codes-of-practice-for-general-purpose-ai/,0,0,3,2,0,0,0,0,1,,1760689280,1760689280,
7358859429745766401,7358859429745766401,"🌱Privacy Seed🌱

Relax and catch up on the latest news in the 🌎 of Privacy Engineering and Technology 📰

🤖 OpenAI Pulls the Plug on ChatGPT's Search Discoverability: Privacy Concerns Take Center Stage: https://lnkd.in/dBTXuTNV

🇪🇺 EU “Chat Control” bill back on fast-track – Denmark has revived a proposal that would obligate all messaging services in the EU to perform client-side scanning of user chats—including end-to-end-encrypted content—to detect CSAM, with a vote pencilled in for 14 Oct 2025. Privacy engineers warn the mandate would break encryption by design and create a sweeping surveillance precedent: https://lnkd.in/dfaJA5bk?

🥷 Privacy Engineers are needed everywhere! Check these job opportunities:

GM Financial - Privacy Engineer: https://lnkd.in/dd2-9vsM

SandboxAQ - Staff Security Engineer, Data Protection: 
https://lnkd.in/dfJSe-mJ

Hard Rock Digital - Privacy Engineer: https://lnkd.in/dB3S48g7

Liked the content? 👍🏻,💬 and/or 🔁

Stay tuned for fresh news every Wednesday on #privacyseed",2025-10-17 08:21:20,2025-10-17 08:21:20,2md.,no,in/fredericofelixllm,Frederico Felix,Privacy Engineer | DPO | GenAI Product Manager | Privacy & Data Protection | Legal Ops | Risk & Compliance | Information Security | Data Management | AI Governance | Software Engineering,,https://media.licdn.com/dms/image/v2/D4D03AQH8jKiNXuQ1TA/profile-displayphoto-scale_200_200/B4DZg9u8E0HwAY-/0/1753382373487?e=1762387200&v=beta&t=-H9inXvO3vq0u1dF7XK_ObsTgbDhoxrvt4hGFzs2MTQ,no,https://www.linkedin.com/in/fredericofelixllm,,,privacyseed,,,https://www.linkedin.com/feed/update/urn:li:activity:7358859429745766401,,0,0,28,23,0,3,1,0,1,,1760689280,1760689280,
7208456832711811072,7208456832711811072,"Stop playing games with online security, Signal president warns EU lawmakers

A arguable  European Union legislative connection    to scan the backstage  messages of citizens successful  a bid to observe  kid  intersexual  maltreatment  worldly  (CSAM) is simply a hazard  to the aboriginal   of web security, Meredith Whittaker warned successful  a public blog post Monday. She’s the president   of the not-for-profit instauration  down  the end-to-end encrypted (E2EE) messaging app Signal.

“There is nary  mode   to instrumentality  specified  proposals successful  the discourse  of end-to-end encrypted communications without fundamentally undermining encryption and creating a unsafe  vulnerability successful  halfway   infrastructure that would person  planetary  implications good   beyond Europe,” she wrote. 

The European Commission presented the archetypal   connection    for wide    scanning of backstage  messaging apps to antagonistic  the dispersed  of CSAM online backmost  successful  May 2022. Since then, Members of the European Parliament person  agreed  successful  rejecting the approach. They besides  suggested an alternate  way   last fall, which would person  excluded E2EE apps from scanning. However the European Council, the legislative assemblage  made up   of representatives of Member States governments, continues to propulsion  for powerfully  encrypted platforms to stay  successful  scope   of the scanning law.

The astir   caller    Council proposal, which was enactment     guardant  successful  May nether  the Belgian presidency, includes a request   that “providers of interpersonal communications services” (aka messaging apps) instal  and run  what the draught  substance   describes arsenic  “technologies for upload moderation”, per a substance   published by Netzpolitik. 

Article 10a, which contains the upload moderation plan, states that these technologies would beryllium  expected “to detect, anterior  to transmission, the dissemination of known kid  intersexual  maltreatment  worldly  oregon  of caller   kid  intersexual  maltreatment  material.”

Last month, Euractiv reported that the revised connection    would necessitate  users of E2EE messaging apps to consent to scanning to observe  CSAM. Users who did not consent would beryllium  prevented from utilizing features that impact   the sending of ocular  contented  oregon  URLs it besides  reported — fundamentally   downgrading their messaging acquisition   to basal  substance   and audio.

Whittaker’s connection    skewers the Council’s program  arsenic  an effort  to usage  “rhetorical games” to effort   to rebrand client-side scanning, the arguable  exertion   which information    and privateness  experts reason  is incompatible with the beardown  encryption that supports confidential communications.

“[M]andating wide    scanning of backstage  communications fundamentally undermines encryption. Full stop,” she emphasized. “Whether this happens via tampe...",2025-10-17 08:21:20,2025-10-17 08:21:20,1år,no,in/raja-m-,Raja M.,Full-stack Developer @ Cybers Pulse | Building Scalable Applications,,https://media.licdn.com/dms/image/v2/D5635AQEPpYXlG7MJxw/profile-framedphoto-shrink_100_100/B56ZnpeH_xKMAk-/0/1760558612747?e=1761296400&v=beta&t=joWPuvF7Qn2OFN92A_dSMGW7PVJ9N_D2EH0gJJ_znjU,no,https://www.linkedin.com/in/raja-m-,,,,,,https://www.linkedin.com/feed/update/urn:li:activity:7208456832711811072,https://marstopresources.com/news/stop-playing-games-with-online-security-signal-president-warns-eu-lawmakers-40325.html,0,0,0,0,0,0,0,0,0,,1760689280,1760689280,
7163933384308727809,7163933384308727809,"During its latest plenary, the EDPB adopted an Opinion on the notion of main establishment and on the criteria for the application of the One-Stop-Shop mechanism, following an Art. 64(2) GDPR request by the French Data Protection Authority (DPA). The Opinion clarifies the notion of a controller’s “main establishment” in the EU, in particular for cases where decisions regarding the processing are taken outside the EU. 

In its Opinion, the EDPB considers that a controller’s “place of central administration” in the EU can be considered as a main establishment under Art. 4(16)(a) GDPR only if it takes the decisions on the purposes and means of the processing of personal data and if it has the power to have such decisions implemented. The EDPB further explains that the One-Stop-Shop mechanism can only apply if there is evidence that one of the establishments of the controller in the Union takes decisions on the purposes and means for the relevant processing operations and has the power to have these decisions implemented. This means that, when the decisions on the purposes and means of the processing are taken outside of the EU, there should be no main establishment of the controller in the Union, and therefore the One-Stop-Shop should not apply.

This Opinion is the latest in a series of concrete actions taken by the EDPB following its Vienna Statement on cross-border enforcement, aiming to streamline enforcement and cooperation among DPAs. 
Next, the EDPB adopted a Statement on the legislative developments regarding the Proposal for a Regulation laying down rules to prevent and combat child sexual abuse. The Statement follows the EDPB-EDPS Joint Opinion on the European Commission’s Proposal for a Regulation and focuses on the latest legislative developments, in particular the position of the European Parliament of November 2023. 

The EDPB stresses the importance to further limit the risk that those orders could affect persons who are unlikely to be involved in child sexual abuse-related crimes. Furthermore, the EDPB regrets that detection orders are not limited to child sexual abuse materials (CSAM) that are already known to authorities, despite the fact that the technologies used to detect new CSAM have proven in the past to have significant error rates.

During the plenary, the EDPB also discussed the scope of the guidance related to the Consent or Pay model. In addition to the upcoming Art. 64 (2) Opinion, which will address the Consent or Pay model in the context of large online platforms, it was agreed that there is a need to consecutively develop Guidelines with a broader scope.

#PRIVACY #EDPB #DATAPROTECTION #ONESTOPSHOP

Edoardo Tedeschi Matteo Susta Simmons & Simmons",2025-10-17 08:21:22,2025-10-17 08:21:22,1år,no,in/lidia-letterelli-abb7421a5,Lidia Letterelli,Lawyer- Privacy I TMT,,https://media.licdn.com/dms/image/v2/D4D03AQG-3EaYd0o9Rg/profile-displayphoto-shrink_400_400/B4DZUGJnCKG4Ag-/0/1739564937874?e=1762387200&v=beta&t=8RJoSlcyQ_XHnYa-m3BktshLdbH-I9-4ds-lqkRAJEs,no,https://www.linkedin.com/in/lidia-letterelli-abb7421a5,,,"privacy,edpb,dataprotection,onestopshop",,,https://www.linkedin.com/feed/update/urn:li:activity:7163933384308727809,,0,1,11,11,0,0,0,0,0,,1760689282,1760689282,
7361660395436011520,7361660395436011520,"📢 URGENT: The EU is considering sweeping scans of your private chats: Here’s what you need to know 👉 Read more below 👇

What’s happening?
EU lawmakers are pushing a regulation, widely known as “Chat Control”, that would mandate the scanning of all private digital communications (text, images, encrypted messages) using AI to detect potential Child Sexual Abuse Material (CSAM).

Why it’s dangerous:
— 🔍 Mass Surveillance: Every message, photo, or file could be scanned automatically, without suspicion or warrant.
— 🔓 End of Encryption: Breaks secure end-to-end encryption, leaving communications vulnerable to hacking and abuse.
— ⚠️ False Positives: AI errors can flag innocent content, creating real legal and social harm.
— ⚖️ Legal Risks: Experts warn it violates fundamental rights and may not survive court challenges.

Why this matters:
This isn’t just about stopping abuse, it’s about how we value privacy, trust, and human dignity in Europe.

As someone deeply committed to inclusion, ethical technology, and protecting freedoms, I believe:
— ❌ Mass surveillance is not the solution.
— ✅ Protecting secure communication is.

🚨 CALL TO ACTION: Here’s how you can help 🚨

1️⃣ Visit fightchatcontrol 🖥️, an independent platform that:
Tracks where each EU member state stands on the proposal.
Explains the dangers in simple terms.
Guides you step-by-step to contact your MEPs.
2️⃣ Share this information 📢 with colleagues, friends, and networks.
3️⃣ Speak up ✊! Let policymakers know you want targeted, rights-respecting solutions, not blanket surveillance.

📌 I’ll share the direct link to Fight Chat Control in the comments section, please take 2 minutes to check it out and make your voice heard.

Privacy, security, and dignity are not optional. Let’s defend them together.

#DigitalRights #Privacy #Encryption #AIethics #Inclusion #EU #ChatControl #Education #CivicTech",2025-10-17 08:21:22,2025-10-17 08:21:22,2md.,no,in/josemanuelcotillaconceicao,José Manuel Cotilla Conceição 🟥,"AI Strategist | Learning Innovation | Content Creator | Project Delivery across Global Teams (Booking.com, Europ Assistance)",,https://media.licdn.com/dms/image/v2/D4E03AQHk0Nlbtq2snA/profile-displayphoto-shrink_100_100/profile-displayphoto-shrink_100_100/0/1730711752329?e=1762387200&v=beta&t=ssHpnivEB0wcFs_1nkaebR9dICCt6xy7AbEL9ntjwgs,no,https://www.linkedin.com/in/josemanuelcotillaconceicao,,,"digitalrights,privacy,encryption,aiethics,inclusion,eu,chatcontrol,education,civictech",,,https://www.linkedin.com/feed/update/urn:li:activity:7361660395436011520,,9,0,24,20,0,0,0,2,2,,1760689282,1760689282,
7209175312612425728,7209175312612425728,"End-to-End Encryption vs. Protecting Children: Can We Have Both?

A recent proposal by the European Union has ignited a fierce debate: should tech companies be mandated to scan private messages for child sexual abuse material (CSAM)? Protecting children is imperative, but this proposal raises grave concerns about the integrity of end-to-end encryption.

Encryption is the cornerstone of our online privacy. It ensures that only the sender and recipient can access a message's contents. Undermining encryption would have profound consequences, leaving our communications vulnerable to malicious actors.

How can we trust the government to safeguard our privacy when vulnerabilities exist in platforms like Signal, a widely trusted encrypted messaging service? Consider the following CVEs:
Signal Desktop: CVE-2023-36665, CVE-2022-37601, CVE-2021-23440, CVE-2019-10747
Signal Server: CVE-2022-1471, CVE-2022-42889, CVE-2022-0839
libsignal: CVE-2023-42282

These vulnerabilities highlight the ongoing challenges in maintaining secure communication channels, making it even more critical to question any measures that could further weaken encryption.

Advocates of the EU's plan assert that it's necessary to combat the proliferation of CSAM. However, critics argue that scanning private messages sets a dangerous precedent, paving the way for mass surveillance and infringing on our right to privacy. Moreover, such measures might prove futile, as criminals could simply migrate to more secure platforms.

The critical question is whether we can protect children without compromising our privacy. This issue demands careful deliberation. We must devise solutions that tackle CSAM effectively without dismantling encryption's security advantages.

Consider these questions:
1. Are there alternative methods to detect and prevent CSAM that do not involve scanning private messages?
2. Can education and awareness programs be enhanced to empower people to identify and report CSAM?
3. What role can tech companies play in creating solutions that protect children while upholding privacy?

I would like you to please engage in this conversation and share your perspectives on this vital issue. Together, we can find a solution that protects our children and our privacy.
#Signal #cybersecurity #privacy #encryption #childsafety #EU #technology
What do you think? Can we strike a balance between protecting children and safeguarding privacy?
Websites reviewed https://lnkd.in/e_CHeGfU",2025-10-17 08:21:22,2025-10-17 08:21:22,1år,no,in/tommyryan,Thomas Ryan,"Founder, Board Member, Security Advisor, Keynote Speaker",,https://media.licdn.com/dms/image/v2/D4D03AQFRknQo7b6vuA/profile-displayphoto-scale_100_100/B4DZieLWIQH4Ao-/0/1755000434132?e=1762387200&v=beta&t=79DbZUVGg6Az-Jl7l6TiLJGT97xpKv4LwHEO0j7YOwE,no,https://www.linkedin.com/in/tommyryan,,,"signal,cybersecurity,privacy,encryption,childsafety,eu,technology",,,https://www.linkedin.com/feed/update/urn:li:activity:7209175312612425728,http://thehackernews.com/2024/06/signal-foundation-warns-against-eus.html,2,0,16,14,0,0,0,0,2,,1760689282,1760689282,
7174411098442342400,7174411098442342400,"Excited to share that I collaborated with Hans Graux on a White Paper amidst the ongoing EU discussions regarding a permanent legal framework for combating child sexual abuse materials online (the CSAM Regulation Proposal). Our White Paper underscores the significance of maintaining a legal mandate for voluntary detection by interpersonal communications services (ICSs), all the while emphasizing the necessity for these measures to be both targeted and safeguarded.

💡 Interested in delving deeper? Check out the blogpost and White Paper linked below for more insights.",2025-10-17 08:21:27,2025-10-17 08:21:27,1år,no,in/jolien-clemens-692448208,Jolien Clemens,"Data protection, ICT and IP lawyer at Timelex",,https://media.licdn.com/dms/image/v2/D4E03AQHq1tUnisFq4g/profile-displayphoto-shrink_100_100/profile-displayphoto-shrink_100_100/0/1722253158188?e=1762387200&v=beta&t=0SULtzFLE0y_g7xNU0bTmsZ-nbPlcSbWApWmKJc2gbU,no,https://www.linkedin.com/in/jolien-clemens-692448208,,,,,,https://www.linkedin.com/feed/update/urn:li:activity:7174411098442342400,,2,0,24,21,0,3,0,0,0,,1760689287,1760689287,
7377290029464985600,7377290029464985600,"ChatControl

I hope most people in tech have by now heard of the EU proposal, embarrassingly speadheaded by the Danish Minister of Justice, Peter Hummelgaard:
“We must break with the totally erroneous perception that it is everyone’s civil liberty to communicate on encrypted messaging services.”

Please read that again.

The proposal covers all messaging services. Email, dating apps, social media, gaming platforms, app stores, your files in the cloud (e.g. Google Drive and Photos), the lot.

It's being brought in to battle CSAM (child sexual abuse material). All of it will be subject to scrutiny by automated services that will flag up suspicious content and automatically report it to authorities. The automated reporting is factually known to have a high failure rate in detecting abuse content correctly. The proposed technology is woefully inadequate to catch anyone technically capable, which the ones doing these despicable deeds often are.

So take ChatControl for what it is - mass surveillance. Capable of scanning for anything - political bias, sexual orientation, genetics, trade union membership, or any other data classed as ""protected characteristics"" under GDPR. It will do little towards people who want to hide their actions, but will be capable of scanning every law abiding citizen across the whole of Europe. It's the authoritarian ruler's dream.

The UK might not be under this proposal but it would be mad to think they won't follow suit as soon as the chance appears (similar approach to Digital ID cards to combat immigration: https://lnkd.in/eeH92d_E).

After all, we must protect the kids at all cost. Even your democratic freedom. As long as it's packaged up the right way.

This longer post explains it really well: https://lnkd.in/eukWjcpD",2025-10-17 08:21:27,2025-10-17 08:21:27,2u,no,in/christianbouet,Christian Bouet,Head of Engineering,,https://media.licdn.com/dms/image/v2/D4E03AQFJ4GLgFiRjDg/profile-displayphoto-shrink_100_100/profile-displayphoto-shrink_100_100/0/1674732822706?e=1762387200&v=beta&t=rgxG4kqpwnYSWze6JyS07B4KLlVRlKJ64JIlV_3kYcY,no,https://www.linkedin.com/in/christianbouet,,,,,,https://www.linkedin.com/feed/update/urn:li:activity:7377290029464985600,,0,0,8,8,0,0,0,0,0,,1760689287,1760689287,
7158006630003965953,7158006630003965953,"I am pleased to share a comment that appeared in Tagesspiegel Background. I point out that the regulation of #deepfakes in the draft proposal of the #AIAct has made significant progress, and the EU has made sure, in this respect, to maintain at least basic internal regulatory coherence. However, one has to be realistic. Transparency obligations are just an introduction to the fight against harmful and malicious deepfakes. The case of #deepporn involving #TaylorSwift is just the tip of the iceberg of individual tragedies that affect thousands of people every day, especially women. The AI Act will not establish a protective barrier for them, but it may be a starting point for further work. It is not without reason that I point out that regulators and policymakers should consider intervening where the negative consequences are most visible - #deepporn, #CSAM, financial scams. The question is whether any regulations will be able to effectively counteract these phenomena...

https://lnkd.in/dTMQzJXG

Vielen Dank Johannes Steger und Tagesspiegel Background Digitalisierung & KI.",2025-10-17 08:21:27,2025-10-17 08:21:27,1år,no,in/mateusz-%C5%82abuz-aa8298130,Mateusz Łabuz,"PhD, Political Science; Researcher at Institut für Friedensforschung und Sicherheitspolitik an der Universität Hamburg; Lecturer at University of the National Education Commission; Former career diplomat in Polish MFA.",,https://media.licdn.com/dms/image/v2/D4D03AQGDDhZzkViWZw/profile-displayphoto-shrink_100_100/profile-displayphoto-shrink_100_100/0/1668882998225?e=1762387200&v=beta&t=ADQBYe5AjiF75-vC6viXyMdbV8kB1wbvk23MFRXwX5Q,no,https://www.linkedin.com/in/mateusz-%C5%82abuz-aa8298130,,,"deepfakes,aiact,deepporn,taylorswift,deepporn,csam",,,https://www.linkedin.com/feed/update/urn:li:activity:7158006630003965953,https://background.tagesspiegel.de/digitalisierung/die-deepfake-regulierung-im-ai-act-ist-nur-der-anfang,0,0,34,34,0,0,0,0,0,,1760689287,1760689287,
7363510479329153025,7363510479329153025,"I'd like to raise some awareness on a troubling European legislation proposal that many haven't heard of yet: ""Chat Control"".

The European Commission is pushing legislation that would mandate scanning of all private digital communications — including encrypted messages, emails, and cloud storage — for child sexual abuse material (CSAM). While the goal is important, the method is deeply troubling: automated mass surveillance of 450 million EU citizens. It doesn't matter if you're using WhatsApp, Telegram, any encrypted messaging service or old school SMS: everything would be exposed.

What I personally find weird about this initiative is that, as general as it is described in the proposals, it could enable client-side scanning—a process in which the content of a message, image, or file is automatically analysed on the sender’s device before it is encrypted and sent. This means that even in services advertised as “end-to-end encrypted” (e.g. Telegram), the privacy of communications would be compromised, because the scan happens in the “clear text” stage when the service provider (or a mandated third party) can inspect the content. 
Introducing such scanning systems effectively creates a backdoor—a permanent point of access that hackers could exploit.

In my view, it would create an immense cyber security burden that no state authority will be able to secure - it would be simply anti-economical, or worse, become a new kind of ""black market"", or even worse, make personal security issues like child abuse even more dangerous than now.

In summary:
- 📱 Every message, photo, and file scanned—no suspicion required
- 🔓 End-to-end encryption weakened or broken, exposing everyone to security risks
- 👨‍👩‍👧‍👦 Experts warn this approach is ineffective for child protection and, due to cyber security risks, likely more harmful than useful
- ⚖️ Violates Articles 7 & 8 of the EU Charter on privacy and data protection
- 🎯 AI scanners prone to false positives
- 🧑‍⚖️ Politicians have carved out exemptions for themselves under “professional secrecy”
- 🌍 Sets a dangerous global precedent for authoritarian surveillance

🗓️ Timeline: EU member states must finalize their positions by 12 September 2025, with a decisive vote scheduled for 14 October 20252. This is the final stretch—public pressure now matters more than ever.

🗣️Notable opposition: EDRi has published a collection of 69 opposing voices from EU politicians and member states, tech companies, and child protection experts. 
It also published an open letter signed by over 80 NGOs, almost 500 scientists, and ~90 organizations explaining why this is a deeply troubling initiative which should be stopped.

✊ You can help stop this. Visit Fight Chat Control (https://lnkd.in/d38DCBeQ) to contact your representatives, track your country’s stance, and make your voice heard.

More information: https://lnkd.in/dnWR4E-b",2025-10-17 08:21:29,2025-10-17 08:21:29,1md.,no,in/alelom,Alessio Lombardi,Software/ML specialist at Buro Happold,,https://media.licdn.com/dms/image/v2/C4E03AQEypWuQBLsOUw/profile-displayphoto-shrink_100_100/profile-displayphoto-shrink_100_100/0/1592500296383?e=1762387200&v=beta&t=TXq-loy6MG0AvciJtFZEJcfDtvvCRec3_2t27msoHhs,no,https://www.linkedin.com/in/alelom,,,,,,https://www.linkedin.com/feed/update/urn:li:activity:7363510479329153025,,1,1,10,9,0,0,0,1,0,,1760689289,1760689289,
7166728768592543745,7166728768592543745,"On 13th  February, the European Court of Human Rights issued a ground-breaking  judgement on the Podchasov v Russia case relating to Telegram Messenger. ⚖️

The case concerned the statutory requirements that Russia imposed on the online message platform Telegram to automatically store all communications data for one year and the contents of all communications for six months, and to submit those data to law-enforcement authorities or security services together with encryption keys and any other information necessary to decrypt communication data. 

The ECtHR categorically confirmed that: 

⛓ weakening encryption, &
🚪 creating backdoors so that law enforcement can access encrypted data in the context of criminal investigations is a violation of the right to privacy under Article 8 European Convention on Human Rights of all users. 

This ruling will have significant ramifications, not least as a warning for EU legislators currently working on the CSAM proposal 🇪🇺.

👉 Our latest blog delves into the details of the court ruling and what it means for privacy. 
Read it here: https://lnkd.in/eEtRSyHT 

#privacy #encryption #telegram #CSAM",2025-10-17 08:21:29,2025-10-17 08:21:29,1år,no,company/cdteu/posts,Centre for Democracy & Technology Europe,6.855 følgere,,,no,https://www.linkedin.com/company/cdteu/posts,,,"privacy,encryption,telegram,csam",,,https://www.linkedin.com/feed/update/urn:li:activity:7166728768592543745,https://cdt.org/insights/the-european-court-of-human-rights-concludes-encryption-backdoor-mandates-violate-the-right-to-private-life-of-all-users-online/,0,6,22,18,2,0,0,0,2,,1760689289,1760689289,
7130856287126360065,7130856287126360065,"""A 1996 National Academies of Sciences study on cryptography policy noted that prior to requiring any form of escrowed encryption, it was essential to obtain operational experience with a large-scale infrastructure to do this. In other words, first show that there is a technology that works in practice, then legislate. The U.K. law—and the EU and U.S. proposals—have this backward.""

Susan Landau setzt sich mit den #Technologien auseinander, die zur Bekämpfung von #CSAE gedacht waren / sind und mit der tatsächlichen Nutzung der Technologie und des Internet zur Verbreitung von #CSAM.

https://lnkd.in/gicPtGXF
#Verschlüsselung #encryption #E2EE #cryptowars #kryptographie #chatkontrolle",2025-10-17 08:21:29,2025-10-17 08:21:29,1år,no,in/asowa,Dr. Aleksandra Sowa,IT Compliance Manager | Datenschutzauditor (DSA TÜV) | Datenschutzbeauftragter (DSB TÜV) | IT Information Security Practitioner | Buchautor,,,no,https://www.linkedin.com/in/asowa,,,"technologien,csae,csam,verschlüsselung,encryption,e2ee,cryptowars,kryptographie,chatkontrolle",,,https://www.linkedin.com/feed/update/urn:li:activity:7130856287126360065,https://www.lawfaremedia.org/article/the-shapeshifting-crypto-wars,0,0,0,0,0,0,0,0,0,,1760689289,1760689289,
7118851010021728256,7118851010021728256,"The proposed ""CSAM Regulation,"" #chatcontrol seeks to fundamentally transform digital communication apps like WhatsApp, iMessage, Instagram, TikTok, and others into tools for mass surveillance. 

The core premise of this regulation is giving up privacy to enable the automatic scanning of all digital communications, including live conversations, photos, and videos, of EU citizens with the aim of identifying potential criminal activity.

However, 100’s of scholars, privacy watchdogs, and even internal lawyers at the Council of the EU have raised substantial concerns about this regulation. Their primary objections revolve around fundamental privacy rights violations and doubts about the effectiveness and reliability of the technology that would be used for its implementation.

One of the major points of contention is the reliance on AI to detect criminal activity within these digital communications. Critics argue that AI systems, while powerful, cannot reliably and accurately identify criminal behavior in the complex and nuanced realm of human communication. As a result, they worry that the system would generate numerous false positives, wrongly labeling innocent citizens as suspects. Moreover, they point out that tech-savvy criminals could easily evade detection by deleting the monitored apps or resorting to the hidden recesses of the dark web.

Critics raise profound concerns about the infringement of fundamental rights, including the right to privacy, freedom of communication, and the presumption of innocence.

As the debate unfolded, it became increasingly apparent that there was insufficient support within the Council of the EU for Commissioner Johansson's proposal. Consequently, the vote on the matter, originally scheduled for Sept 14, was postponed to Thursday, Oct 19.

What adds to the complexity of the situation is a noteworthy move by the Eurocommissioner on Sept 15. On this day, a paid ad campaign was launched on a platform referred to as ""X"" (formerly Twitter), specifically targeting countries that were reportedly skeptical about the current proposal. This campaign employed emotionally charged imagery, ominous music, and emotional manipulation, suggesting that opposing the bill equated to neglecting the protection of children from abuse. Furthermore, it made misleading claims about widespread support for the proposal among Europeans, based on a survey that selectively highlighted its advantages while omitting the disadvantages.

To sway public opinion, the EU Commission went a step further by utilizing ""microtargeting."" The EU Commission selectively deployed this strategy to prevent specific groups from seeing these ads. This included individuals concerned about privacy (e.g., those interested in Julian Assange), etc.

In essence, the use of controversial tactics to influence public sentiment within the EU is highly questionable. 

Article in Dutch",2025-10-17 08:21:32,2025-10-17 08:21:32,2år,no,in/bartdewitte,Bart De Witte,"CEO & Co-Founder at Isaree | Founder HIPPO AI Foundation | Public Speaker, Lecturer | Digital Health | Medical AI | Open Source | ex-IBM ex-SAP",,https://media.licdn.com/dms/image/v2/D4D03AQGPk8FqTqc93A/profile-displayphoto-shrink_100_100/profile-displayphoto-shrink_100_100/0/1702728710127?e=1762387200&v=beta&t=Pw133f7aOr-Bh-Y4EVRzxA06vnuXc10fpew4pV4XEXM,no,https://www.linkedin.com/in/bartdewitte,,,chatcontrol,,,https://www.linkedin.com/feed/update/urn:li:activity:7118851010021728256,https://www.volkskrant.nl/columns-opinie/opinie-europese-commissie-misleidt-burgers-met-desinformatiecampagne-en-illegale-advertenties~b86cae2c/,4,2,18,9,0,0,0,6,3,,1760689292,1760689292,
7166069674357555200,7166069674357555200,"Yesterday, I had the privilege to chair and moderate the launch of the first-ever Research Project on the ‘Tech Platftorms used by Online Child Sexual Offenders” carried out the incredible team of Suojellaan Lapsia, Protect Children ry and hosted by the wonderful MEP Catharina Rinzema, Vice-Chair of the European Parliament Child Rights Intergroup.

The Research surveyed over 30,000 active online child sexual abuse offenders and provides us with a unique set of data that give a clear - albeit appalling- snapshot on the offenders behavioral patterns online. 

Such data is essential and so desperately sought after if we want to ensure that the policy and legislative response is grounded and informed on real life experience and ultimately effective. 

The Research shows the fast race at which CSAM is easily shared on Social Media Platforms and shines light on the distressing accessibility of child sexual abuse material online, predominantly on social media platforms & pornography websites.

❌77% of surveyed offenders encountered CSAM on the open web: especially social media platforms and porn sites;

❌40% of surveyed CSAM offenders attempted to contact a child after viewing CSAM, the majority did so online;

❌CSAM offenders are moving to end-to-end encrypted messaging apps to offend against children without fear of detection;

Unfortunately, the findings of this unique research - albeit shocking - are not surprising to me.

Perpetrators have gone to great lengths to recruit new victims online, and they are always a step ahead, exploiting the vulnerabilities of children online and the loopholes of the social media platforms.

The Internet is flooded with Child Sexual Abuse Imagery and it is fair to say that now more than ever we are facing a public health crisis that puts a huge strain on child victims and it has been facilitated by the accessibility of the tech platforms.

It is clear that the situation has gotten out of hands and we are dealing with multi-faceted challenges that demand urgent and concerted actions! 

Against this backdrop, the most powerful solution is to come up with a robust legislative background that puts victims at the centre and mandates the online communication services providers to embed safety-by-design tools, obliging them to put their house in order and ensure their services are not misused for child sexual abuse purposes.

The EU - with its proposal for a Regulation to prevent and combat child sexual abuse -has a huge potential to make things right and oblige companies to prioritize children’s safety over profits and to give justice to victims.

Only by detecting and REMOVING all child sexual abuse imagery can we give back victims their agency.

Huge thanks to Nina Vaaranen-Valkonen  Anna Ovaska Tegan Insoll  Valeriia Soloveva for your dedication and amazing work!",2025-10-17 08:21:32,2025-10-17 08:21:32,1år,no,in/emilio-puccio-273a696a,Emilio Puccio,Secretary General of the European Parliament Intergroup on Children's Rights at European Parliament,,https://media.licdn.com/dms/image/v2/D4E03AQGqO5CDSwbQCQ/profile-displayphoto-shrink_100_100/profile-displayphoto-shrink_100_100/0/1712958325541?e=1762387200&v=beta&t=cqUhAmBjVbKKtMoA2KCZ1gfq0NDspjA7YrVhidqRSdk,no,https://www.linkedin.com/in/emilio-puccio-273a696a,,,,,,https://www.linkedin.com/feed/update/urn:li:activity:7166069674357555200,,16,11,259,198,11,26,0,20,4,,1760689292,1760689292,
7252297707719974914,7252297707719974914,"Apparently best way to avoid any attention in LinkedIn, is to re-post your old post with new thoughts. Still want to share this and sorry for those 46 viewers in 5 hours that will get duplicate of this message. Important topics needs attention.

I love my privacy, at least the idea, that there is something to hold on still. It is not about hiding, but a huge identity issue, nobody sees you as You see. The Cybersecurity Keynotes highlighted already years ago that “privacy is dead”, but tbh it wasn´t this level dead, perhaps badly bruised, but not dead. Nobody really thought then that AI is going to profile us based on mass surveillance (at least, not in the short term).

What comes to society, damn! The facts that Finland has to re-write its whole constitutional law, would be the least of our problems. If CSAM act continues to approval in EU, we will make the biggest single mistake in history of democracy.

This isn’t the first time that our core values are used as a Trojan horse to get wanted results in digital space, not even for this year. Approval would be a political nightmare and war since that day. Netox will never let 3rd party to get access to data or systems that we are hired to keep safe. It is our core business.

Peter is currently presenting on behalf of Teknologiateollisuus - Technology Industries of Finland and Finnish Information Security Cluster (FISC) - Kyberala ry statement of CSAM act. Peter has great delegation to support with mission (FiCom, TSV and WithSecure).

- The proposal to restrict fundamental rights does not comply with the principles of necessity and proportionality.
- The proposal does not allow the political objectives to be achieved.
- The proposal is a first step towards eroding the core area of confidentiality and privacy of electronic communications.
- The proposal threatens the comprehensive security of society.
- The proposal is contrary to existing EU law.

Briefly, the planned EU CSAM act will not serve its purpose, but we would compromise everything in digital space. EU and NATO cannot be outmatched in physical way so, it is the digital space that needs more of our joint attention and effort. I am sure that Finland will make right decision!",2025-10-17 08:21:32,2025-10-17 08:21:32,1år,no,in/niko-candelin-aa9a1716,Niko Candelin,"Co-Founder@Netox,COB@FISC: Cybersecurity, Strategy, Harvard Alumni.",,https://media.licdn.com/dms/image/v2/C4D03AQFmv8Ti5ta20A/profile-displayphoto-shrink_100_100/profile-displayphoto-shrink_100_100/0/1553673314100?e=1762387200&v=beta&t=H9Pl8mA_pk7jnLWSPvaSL09dv6cpikorDKwcUJ0tdIY,no,https://www.linkedin.com/in/niko-candelin-aa9a1716,,,,,,https://www.linkedin.com/feed/update/urn:li:activity:7252297707719974914,,0,0,13,11,1,0,0,0,1,,1760689292,1760689292,
7210899499638996992,7210899499638996992,"📃🇪🇺 Fight against child sexual abuse – Will the EU proposal regulation break #encryption ? 

🏛️ In the new EU strategy for a more effective fight against child sexual abuse, the European Commission announced a series of measures to tackle child sexual abuse online, including new legislation.

🎯The EU proposal introduced in 2022, is aimed at preventing child sexual abuse material. It includes an « upload moderation » system scanning all your digital messages, including shared images, videos, and links. 

📧If the legislation comes into force, each service will have to install « verified » surveillance technology. Users will be asked for permission to analyze their messages. If they refuse, they will not be able to share images or URLs. To be compatible with the encrypted messaging system, the technology should be able to scan messages before they are crypted. 

🚫🔎Several voices have already been raised against the project. 
🔹#Signal President, Meredith Whittaker, considers that the app will stop functioning in the EU if the rules become law, as the proposal « fundamentally undermines encryption ». In her last official statement (from June17, 2024, link in comments 👇) Meredith Whittaker highlights a security issue : « We can call it a backdoor, a front door, or “upload moderation.” But whatever we call it, each one of these approaches creates a vulnerability that can be exploited by hackers and hostile nation states, removing the protection of unbreakable math and putting in its place a high-value vulnerability ». 
 
🔸Dozens of organizations such as #Mozilla and Center for Democracy & Technology, signed a « Joint Statement on the dangers of the May 2024 Council of the EU compromise proposal on EU CSAM » (link in comments 👇 )
 
🔹Several Parliament members object to this legislation on the grounds of the right to private correspondence and call for citizen mobilization across the EU.
 
📆 The discussion scheduled for June 20, 2024 has finally been postponed.
Discussions are expected to continue over the coming weeks
 
#Chatcontrol #privacy #EU #encryption",2025-10-17 08:21:35,2025-10-17 08:21:35,1år,no,company/cabinet-d%27avocats-mathias/posts,Mathias Avocats,2.184 følgere,,,no,https://www.linkedin.com/company/cabinet-d%27avocats-mathias/posts,,,"encryption,signal,mozilla,chatcontrol,privacy,eu,encryption",,,https://www.linkedin.com/feed/update/urn:li:activity:7210899499638996992,,2,1,4,4,0,0,0,0,0,,1760689295,1760689295,
7204012342899007489,7204012342899007489,"The enduring impact of the Dutroux Case on Belgian society sets a significant context for the recent proposal under the Belgian EU presidency concerning new regulations targeting Child Sexual Abuse Material (CSAM) content scanning. Belgium's leadership within the EU is informed by its own historical experiences, particularly the systemic failures revealed by the Dutroux Case in addressing crimes against children.

The Dutroux Case has left an enduring mark on Belgian politics, reshaping collective memory and shaping public perceptions of governance, justice, and accountability. In the face of evolving challenges in the 21st century, the lessons gleaned from the Dutroux Case serve as a stark reminder of the dangers of complacency and the vital importance of vigilance in safeguarding the rights and dignity of all citizens.

Since the 1990s, profound transformations have reshaped every aspect of life, with the internet emerging as both a conduit for danger and a tool for advancing equality, justice, and fairness. Striking a balance between protecting society and upholding individual rights has become a paramount challenge for policymakers, particularly within the EU, where respect for individual rights forms the cornerstone of EU institutions and citizenship.

Belgium's reputation as a trailblazer in fostering consensus on complex political, cultural, and human issues within the EU is well established. In these uncertain times, as a concerned Belgian citizen, I implore Belgian politicians and future EU leaders to approach the privacy debate with meticulous care and to actively engage with organizations and experts to safeguard the rights of our most vulnerable citizens while preserving privacy rights.

Link to the joint statement on EU compromise on CSAM scanning: https://lnkd.in/gWRHpBM5

#PrivacyRightsEU #DigitalFreedomEU #EUDataProtection #PrivacyAwareness #EUPrivacyRegulations #DigitalRightsEU #PrivacyAdvocacyEU #DataPrivacyEU #EUDataProtectionLaw #PrivacyAwareEU

European Digital Rights Privacy International Electronic Frontier Foundation (EFF) EDPS - European Data Protection Supervisor Digital Rights Foundation Access Now Alexander De Croo Charles Michel Elio Di Rupo Paul Magnette Georges-Louis Bouchez Mouvement Réformateur (MR) PS belge Ursula von der Leyen Roberta Metsola Johan Van Overtveldt Tom Vandendriessche Hilde Vautmans Wouter Beke Sara Matthieu Thierry Breton Sophie Wilmès Yvan Verougstraete Guy Verhofstadt  Proton  Tuta | Secure Email & Calendar Electronic Frontier Foundation (EFF) GrapheneOS Qubes OS Techlore All Things Secured",2025-10-17 08:21:35,2025-10-17 08:21:35,1år,no,in/fdelbrouck,Frédéric Delbrouck,🌐 Dynamic Global Leader in Digital Transformation | 🔄 Expert in Project/Service Management & 🖥️ IT Architecture Innovation,,https://media.licdn.com/dms/image/v2/C5603AQFxV3AN30Pb7Q/profile-displayphoto-shrink_100_100/profile-displayphoto-shrink_100_100/0/1517544220274?e=1762387200&v=beta&t=SPTh9CSwexf-IGycLkAjkZyzXZ9OlHCgWaRzmKG0BIc,no,https://www.linkedin.com/in/fdelbrouck,,,"privacyrightseu,digitalfreedomeu,eudataprotection,privacyawareness,euprivacyregulations,digitalrightseu,privacyadvocacyeu,dataprivacyeu,eudataprotectionlaw,privacyawareeu",,,https://www.linkedin.com/feed/update/urn:li:activity:7204012342899007489,,0,0,2,1,1,0,0,0,0,,1760689295,1760689295,
7296094574735749121,7296094574735749121,"🆕 The EU simplification package and the Commission’s 2025 work programme came out this week. What is (and isn't) in it for IAPP members?

🧱 What it is? 
The ‘Simpler and Faster Europe’ Communication ambitions to:
-reduce bureaucracy: lower administrative costs for all companies by at least 25% and pursue concrete #simplification measure of the entire EU acquis, focusing in 2025 on five ‘omnibus packages’ including on #digitalpolicy. 
-improve how EU rules are made: giving more room to practical implementation in early stages of policymaking and limit secondary legislation;
-improve how rules are implemented: including by increasing stakeholder dialogue and a tougher stance from the Commission on member states that do not implement the rules. 

🧩 How will it happen?
The 2025 Commission work programme is the first piece of the puzzle. 
1. The #Omnibus packages are expected to maximize simplification by addressing interactions between different laws. Among others a Digital package expected in Q4 2025 will:
- review of the #Cybersecurity Act (already planned in the act itself adopted in 2019);
- simplify cybersecurity legislation to avoid duplications of reporting obligations, including with data protection (#GDPR);
- propose a European #Data Union Strategy to simplify “existing data rules” and bring more coherence to data sharing.

2. The Commission wants new #legislation to be “simple, easy to understand and implement, clearly drafted and unambiguous,” and considers implementation and enforcement issues early on during policy drafting. 
One might wonder how that will pan out consider the number of #regulators involved in digital matters alone. Does that mean that EU-level bodies like the EDPB, or advisory entities such as the European Board for Digital Services might be called to play an even bigger role in upstream policymaking?

3. This is notwithstanding several other initiatives already announced/launched, including:
-an Action plan on the cybersecurity of hospitals and healthcare providers (already published);
-an #AI Continent Action Plan.

5. Noteworthy: 
-#ePrivacy proposal is repealed;
-#AIliability proposal is repealed; 
-the #DigitalFairnessAct is not mentioned anywhere. This initiative was under consideration to tackle “unsolved unethical techniques and commercial practices” towards consumers.
-the #CSAM proposal remains on the table despite negotiations in deadlock.

The narrative of simplification and pausing regulation is one that resurfaces ever five years in Brussels. This time feels somehow like there may be more teeth to it. I wrote about why I think that is in a recent column you can access here: https://lnkd.in/eAhbhk3h 

European Commission Work Programme 2025: https://lnkd.in/eM3Puff6
IAPP Digital Governance in Europe: A Stakeholder Map of European Institutions and Regulators: https://lnkd.in/e6h4UjuD

Joe Jones Jedidiah Bracy Caitlin Fennessy Laura Pliauškaitė",2025-10-17 08:21:35,2025-10-17 08:21:35,8md.,no,in/isabelleroccia,Isabelle Roccia (CIPP/E),"Managing Director, Europe - IAPP",,https://media.licdn.com/dms/image/v2/C4E03AQHHZC3zTSe_0g/profile-displayphoto-shrink_100_100/profile-displayphoto-shrink_100_100/0/1525849967119?e=1762387200&v=beta&t=GS6OWY0ViLX2jgirJ4tZqHVJYs34Sma3KFln7Ms4_1c,no,https://www.linkedin.com/in/isabelleroccia,,,"simplification,digitalpolicy,omnibus,cybersecurity,gdpr,data,legislation,regulators,ai,eprivacy,ailiability,digitalfairnessact,csam",,,https://www.linkedin.com/feed/update/urn:li:activity:7296094574735749121,https://iapp.org/news/a/a-view-from-brussels-how-serious-is-the-eu-about-competitiveness-,2,3,19,14,0,1,0,0,4,,1760689295,1760689295,
7208833748706971648,7208833748706971648,"Encrypted-messaging app Signal argued against the EU’s proposal in the Chat Control law to scan messages on encrypted apps. Signal president Meredith Whittaker posted an official statement from the company on X against the bill saying “scanning is the same old surveillance with new branding” and that this “undermines encryption” while “creating significant vulnerabilities.”

The Chat Control law is a part of the EU’s move to fight against online child sexual abuse material or CSAM. 

Source
https://lnkd.in/gSUe6rqD

Proposed EU Chat Control law wants permission to scan your WhatsApp messages.

Shared photos, videos, and URLs are now the target.

The key here is the 'user consent' clause. That's the way to make the scanning of privately shared multimedia files not an obligation but a choice. How they plan to do so resembles more to blackmail, however. As we mentioned, if you want to share a photo, video, or URL with your friend on WhatsApp you must give consent, or just stick to texting, calls, and vocal messages.
Commenting on this point, Digneaux said: ""There is no consent. There is no choice. If innocent users don’t agree to let the authorities snoop on their messages, emails, photos, and videos they will simply be cut off from the modern world."" 🙄

To see more of my posts, join my network and click the 🔔 on my profile.

🧡 Email list sign up, in-depth articles & support link. 

👉 https://lnkd.in/gDMu9iEn",2025-10-17 08:21:36,2025-10-17 08:21:36,1år,no,in/jeanee-rose-andrewartha-42417b252,Jeanee Rose Andrewartha,Join my 22k+ LinkedIn community | Website Consultant | Writer | Podcaster | Health Advocate |Creative Generalist | Statistics Degree,,https://media.licdn.com/dms/image/v2/D5603AQEwrF994coyOw/profile-displayphoto-shrink_100_100/profile-displayphoto-shrink_100_100/0/1709967634224?e=1762387200&v=beta&t=-D2JsVvhzqUu6OR0JHCPEJNfVUBZZAyCUe-daUPR7ig,no,https://www.linkedin.com/in/jeanee-rose-andrewartha-42417b252,,,,,,https://www.linkedin.com/feed/update/urn:li:activity:7208833748706971648,,28,28,235,173,6,5,0,20,31,,1760689296,1760689296,
7382349973943705600,7382349973943705600,"In a dramatic turn of events, Germany has formally blocked the European Union's controversial #ChatControl legislation, effectively killing a vote scheduled for October 14th that would have forced messaging platforms to scan all private communications—including encrypted ones.
Officially called the Child Sexual Abuse Regulation (#CSAR), #ChatControl would have required messaging services like WhatsApp, Signal, and Telegram to scan every message, photo, and video on users' devices using AI-powered filters to detect child sexual abuse material (#CSAM). The most alarming aspect: this scanning would occur before messages are encrypted, effectively breaking the fundamental premise of end-to-end #encryption.

#Germany was always a key country. To pass, the regulation needs support representing at least 65% of EU population. Until recently, Germany’s position was uncertain and subject to internal debate. But, in recent days, the German justice minister has publicly rejected the idea of mass, suspicionless scanning of private messages, calling it incompatible with constitutional safeguards in a rule-of-law democracy. As a result, Germany has now blocked the EU’s #ChatControl bill, preventing it from reaching a necessary majority at least for now.

The defeat is crucial for several reasons:
- statistics show high false-positive rates in automated CSAM detection. This means innocent people would have been flagged, and authorities would have accessed countless private communications with no criminal content;
- creating backdoors in encryption doesn't just help law enforcement; it creates vulnerabilities that hackers and hostile nation states could exploit. Government and military communications were notably exempted from the proposal, highlighting that even lawmakers understood the security risks;
- a coalition of over 45,000 European businesses warned the law would destroy user trust and harm Europe's digital sovereignty, placing impossible financial burdens on smaller companies while giving Big Tech an advantage.

While protecting children from online abuse is essential, #ChatControl represents a dangerous approach that conflates surveillance with safety. Mass #surveillance cannot protect children. Real protection requires targeted law enforcement, better platform accountability, education, and resources for identifying actual abusers, and not scanning billions of innocent messages in hopes of finding needles in haystacks.

The October 14th vote will not take place due to lack of majority support. However, privacy advocates warn that ""in true European fashion, the same ideas often resurface under different labels after some time"".
This victory proves that citizen protest works. Hundreds of cryptography experts, digital rights organizations, and millions of concerned Europeans made their voices heard. But vigilance remains essential. Europe must find the political will to pursue policies that actually work.",2025-10-11 08:21:36,2025-10-17 08:21:36,6d,no,in/martina-granatiero-phd,Martina G. PhD,Head of Legal at Relai | Crypto Regulatory Compliance | On a journey advocating Bitcoin,,https://media.licdn.com/dms/image/v2/C4D03AQHfTlsUiQUVHQ/profile-displayphoto-shrink_100_100/profile-displayphoto-shrink_100_100/0/1647760370906?e=1762387200&v=beta&t=D3vs8H1IzbvqaK73mntRTTfmumsJljUVv6BgfGmkKiQ,no,https://www.linkedin.com/in/martina-granatiero-phd,,,"chatcontrol,csar,chatcontrol,csam,encryption,germany,chatcontrol,chatcontrol,surveillance",,,https://www.linkedin.com/feed/update/urn:li:activity:7382349973943705600,,2,5,33,25,1,3,0,3,1,,1760170896,1760689296,
7119982777214595072,7119982777214595072,"Politics can be nasty business, but when politicians seek to smear civil rights organizations that have been serving the public for decades, it reeks of something iffy.

A few days ago, #YlvaJohanssen, one of the primary drivers of the proposed #CSAM legislation, claimed to ""set the record straight"". What she achieved instead is to bend it further.

Let's look at some of her claims:

⁉️ Claim: ""I approach this with transparency because this was, is and will be only about protecting children.""

💥 Wrong: Europol wants to use the database for its own ends.

⁉️ Claim: ""No individual company or organisation will benefit.""

💥 Wrong: The proposal is geared towards benefiting technology companies offering solutions at the expense of citizen's civil liberties.

⁉️ Claim: ""My humility at the bravery of survivors, especially those who take a public stance (...)""

💥 Insincere: Johanssen did not consult with survivors who oppose the proposed legislation.

⁉️ Claim: ""I welcome all support for my proposal. Like the 150 experts in a recent letter. All the organisations and individuals who come out in support.""

💥 Eh: This isn't wrong as such; she surely welcomes support. But she also ignores that more than 500 experts are against this: https://lnkd.in/eZvpXj36 and so are 80 NGOs: https://lnkd.in/egQrmYry

☠️ Let's not forget that the other people who have been named in connection with #ChatControl are #EvaKaili of #Quatargate fame, as well as #AshtonKutcher, who came out in defense of a child abuser, and consequently had to step back from #Thorn. ☠️

➡️ Not only is ChatControl called the most opposed proposal in EU history, it is so for good reason. After the world wars, the Universal Declaration of Human Rights, and then the European Convention on Human Rights both declared privacy a fundamental human right as a direct reaction to the atrocities committed then.

💚 They futher state that human rights are inalienable; indivisible; interdependent and interrelated. That means that it's not possible to bend one of these rights a little without endangering all others.
https://lnkd.in/eSRJWXdC

➡️ We must oppose #ChatControl.

Liberties are lost by the inch (2.54 cm, but no, that does not matter). There have been fights over things like this before, and there will be again. But the current inch we're fighting over is this proposal.

#StopScanningMe",2025-10-17 08:21:36,2025-10-17 08:21:36,1år,no,company/interpeer/posts,Interpeer gUG,68 følgere,,,no,https://www.linkedin.com/company/interpeer/posts,,,"ylvajohanssen,csam,chatcontrol,evakaili,quatargate,ashtonkutcher,thorn,chatcontrol,stopscanningme",,,https://www.linkedin.com/feed/update/urn:li:activity:7119982777214595072,https://commissioners.ec.europa.eu/news/setting-record-straight-2023-10-15_en,0,1,3,2,0,1,0,0,0,,1760689296,1760689296,
7357332659498270720,7357332659498270720,"🇪🇺 Will the EU start scanning your private chats by October 2025?

📍 Under Denmark’s presidency of the EU Council, the highly controversial “Chat Control” proposal has been brought back to the legislative table.
The plan would require digital platforms to scan all private messages even end-to-end encrypted ones like WhatsApp, Signal, iMessage or Telegram for child sexual abuse material (CSAM).
---

🔍 What does it propose?

Client-side scanning: messages would be scanned on your device, before encryption.

Applies to all major messaging platforms.

Target enforcement date: October 14, 2025.
---
🚨 Risks and criticism from experts:

End of true end-to-end encryption.

Weakening of personal privacy and device security.

Opens the door to abuse by authoritarian governments.

Sets a precedent for mass surveillance in Europe.
---
📰 Sources:

TechRadar (July 2025)

WebProNews (July 2025)

The Guardian (Jan 2025)

WIRED (June 2025)
---

❓ Question?:

How do we balance child protection with the fundamental right to privacy?
Is it ethical to scan everyone’s conversations when no crime has yet been committed?
What about companies' CEO being spying, Bankers etc? 
Who will storage that data? Who will decide what to do with it? 
Which are my my rights & tools in case of Cyberattacks ? 
What happens when privacy an private property are not longer your right? 
If it is ""for child sexual abuse material"" why don't the check the darkweb? 

#DigitalPrivacy #ChatControl #Encryption #Cybersecurity #EURegulation #HumanRights #LinkedInEurope


https://lnkd.in/d-W7EPjh",2025-10-17 08:21:39,2025-10-17 08:21:39,2md.,no,in/danielamingrone,Daniela M.,Helping companies turn their retired IT hardware into euros,,https://media.licdn.com/dms/image/v2/D4D03AQF2i7l4oleMpg/profile-displayphoto-shrink_100_100/profile-displayphoto-shrink_100_100/0/1723742722504?e=1762387200&v=beta&t=wTORQgCzr1SQDQd5W9F_fUkjC8eOXnGfkIZ0HGrXhcU,no,https://www.linkedin.com/in/danielamingrone,,,"digitalprivacy,chatcontrol,encryption,cybersecurity,euregulation,humanrights,linkedineurope",,,https://www.linkedin.com/feed/update/urn:li:activity:7357332659498270720,,2,0,4,3,0,0,0,0,1,,1760689299,1760689299,
7368664857480515588,7368664857480515588,"Всички жители на ЕС са застрашени от “chat control” и за това не се говори достатъчно, а натискът от лобисти е значителен. 📢❗🚨 “It is mass surveillance imposed on all 450 million citizens of the European Union.”

⚠️ Какво е “chat control”? EU CSAM proposal (“chat control”) е предложение за регламент, с който държавите от ЕС да задължават услуги за съобщения и хостинг да сканират лични комуникации и качено съдържание. Това са включително криптирани лични чат съобщения, изображения и т.н. на всеки един жител на ЕС.

❓Официалната цел е да се предотвратят случаи с насилие над деца и да се залавят престъпници по същата линия. Съобщенията ще минават през централизирана база данни, ще се сравняват с нея и при позитив ще се отбелязват. 

⚠️ За да се ""четат"" обаче, те трябва да не са криптирани, и тук идва моментът, че много услуги като WhatsApp и Signal криптират съобщения. С цел да се прескочи това, в предложението се предлагат различни мерки, включително и client-side-scanning. Това ще направи end-to-end encryption безсмислена и ще създаде куп други проблеми. 

🔐 Критиците посочват, че това може да отвори кутията на Пандора с масово следене - нещо, което вече се усеща във Великобритания с Online Safety Act. Там тяхната мярка, приета преди две години и вече в сила, действа с всичките си негативи: фалшиви позитиви, съхраняване на данни на невинни хора, политически натиск, защото дори и в Уикипедия трябва да се регистираш. Куп други рискове са налице, включително function creep (централизираните индикатори/докладване се разширяват с времето към нови видове съдържание или престъпления) и др.

💲 Доходоносен пазар за сканиращи и „age-tech“ решения: датското правителство председателства ЕС от началото на тази година, и почти незабавно започна да лобира за тези промени.

💸 Компанията на Аштън Къчър, Thorn, се спряга като голям лобист, тъй като се предлага тя да участва в управлението на инфраструктурата (всичките тези данни, събирани от жители на ЕС).  

💀 Бъдещето неусетно се превръща в антиутопия, където личните съобщения се сканират от AI и криптирането е невъзможно, защото се ползва client-side-scanning и съобщенията се ""четат"" още преди да са достигнали криптиране.  

🔴 Досега 15 страни-членки са ""за"" предложението, докато е на изчакване, включително и България! 

Тук 👉 👉 👉 https://lnkd.in/dVVs94hD можете да се запознаете с проблема и лесно да пратите съобщение на вашите представители в ЕП, че искате да гласуват ""против"". 

На фона на това, у нас почти няма отзвук. Капитал имаха вяла редакторска статия по темата с ударение върху това, че нашите представители в ЕП са напълно безполезни същества. 

(заглавието съм копирала почти директно от статия в the Verge отпреди 2 години. Уви, малко се говори по темата все още, а времето изтича) 

#privacy #eu #humanrights #chatcontrol #security #encryption #graphicdesign",2025-10-17 08:21:39,2025-10-17 08:21:39,1md.,no,in/mirchovska,Elena Mirchovska 🔖,Creative Graphic Designer ✨ Problem- Solver ✨ Never Stop Learning,,https://media.licdn.com/dms/image/v2/D4D03AQF-0oaFH9YI8A/profile-displayphoto-shrink_100_100/profile-displayphoto-shrink_100_100/0/1725284560096?e=1762387200&v=beta&t=zOviHTpT8leR-vBzS5AqCJp9_5mt8kbtiwvk87y5zIM,no,https://www.linkedin.com/in/mirchovska,,,"privacy,eu,humanrights,chatcontrol,security,encryption,graphicdesign",,,https://www.linkedin.com/feed/update/urn:li:activity:7368664857480515588,,19,3,22,14,0,0,0,0,8,,1760689299,1760689299,
7163555034826317825,7163555034826317825,"EDPB clarifies notion of main establishment and calls on EU legislators to make sure CSAM Regulation respects rights to privacy and data protection: Brussels, 14 February - During its latest plenary, the EDPB adopted an Opinion on the notion of main establishmentand on the criteria for the application of the One-Stop-Shop mechanism, following an Art. 64(2) GDPR request by the French Data Protection Authority (DPA). The Opinion clarifies the notion of a controller’s “main establishment” in the EU, in particular for cases where decisions regarding the processing are taken outside the EU. 


EDPB Chair Anu Talus said: “The notion of main establishment is one of the cornerstones of the One-Stop-Shop. It is key in determining which, if any, DPA is the lead supervisory authority in cross-border data protection cases. The EDPB Opinion sheds further light on the conditions for controllers to access the One-Stop-Shop and provides further guidance for DPAs when determining which DPA is in the lead.” 



In its Opinion, the EDPB considers that a controller’s “place of central administration” in the EU can be considered as a main establishment under Art. 4(16)(a) GDPR only if it takes the decisions on the purposes and means of the processing of personal data and if it has the power to have such decisions implemented. The EDPB further explains that the One-Stop-Shop mechanism can only apply if there is evidence that one of the establishments of the controller in the Union takes decisions on the purposes and means for the relevant processing operations and has the power to have these decisions implemented. This means that, when the decisions on the purposes and means of the processing are taken outside of the EU, there should be no main establishment of the controller in the Union, and therefore the One-Stop-Shop should not apply.


This Opinion is the latest in a series of concrete actions taken by the EDPB following its Vienna Statement on cross-border enforcement, aiming to streamline enforcement and cooperation among DPAs. 


Next, the EDPB adopted a Statement on the legislative developments regarding the Proposal for a Regulation laying down rules to prevent and combat child sexual abuse. The Statement follows the EDPB-EDPS Joint Opinion on the European Commission’s Proposal for a Regulation and focuses on the latest legislative developments, in particular the position of the European Parliament of November 2023. 


The EDPB welcomes the many improvements proposed by the Parliament, such as exempting end-to-end encrypted communications from detection orders. However, the EDPB regrets that the text proposed by the Parliament does not seem to fully resolve important issues flagged by the EDPB and the EDPS related to general and indiscriminate monitoring of private communications in particular in relation to the issuing of detection orders. 


EDPB Chair Anu Talus said:… #dataprotection #dataprivacy #privacy",2025-10-17 08:21:39,2025-10-17 08:21:39,1år,no,company/the-data-protection-hub/posts,The Data Protection and Privacy Hub™,41.029 følgere,,,no,https://www.linkedin.com/company/the-data-protection-hub/posts,,,"dataprotection,dataprivacy,privacy",,,https://www.linkedin.com/feed/update/urn:li:activity:7163555034826317825,http://dlvr.it/T2l6V5,0,0,0,0,0,0,0,0,0,,1760689299,1760689299,
7241738356861149185,7241738356861149185,"New presidency, same unacceptable approach to the CSAR proposal: the 🇭🇺 Presidency still seeks to impose a system of mandatory scanning of online communications with intrusive technology that undermine security and threaten fundamental rights.

With the Global Encryption Coalition Committee, we stand firm in calling for the protection of our privacy & strong encryption. 🔐

👉 The latest 9 September compromise text by the Hungarian Presidency builds on previous drafts and continues to mandate content scanning for encrypted services—undermining privacy and security.

As we stated in our Joint Statement signed by 60+ organisations and 50+ individuals: scanning is still scanning. Whether it targets known or unknown content, client-side scanning or upload moderation breaks the principle of end-to-end encryption, making our systems vulnerable to exploitation by malicious actors.

This proposal fails to address the fundamental issues highlighted  by legal and privacy experts, instead opening the door to new security risks for all citizens, companies, and governments.

We call on Ministers in the EU Council to reject all forms of content scanning that undermine encryption and to protect digital rights by safeguarding the security of encrypted communications for everyone.

The pursuit of intrusive scanning technologies threatens the very security of internet users and compromises companies and governments across Europe. 

#Encryption #DigitalRights #CSAM 

https://lnkd.in/edN9mdQ6",2025-10-17 08:21:50,2025-10-17 08:21:50,1år,no,company/cdteu/posts,Centre for Democracy & Technology Europe,6.855 følgere,,,no,https://www.linkedin.com/company/cdteu/posts,,,"encryption,digitalrights,csam",,,https://www.linkedin.com/feed/update/urn:li:activity:7241738356861149185,,0,0,6,5,0,1,0,0,0,,1760689310,1760689310,
7141006734277484544,7141006734277484544,"""Elon Musk’s X, the social media platform formerly known as Twitter, is facing a new privacy complaint in Europe related to its ad targeting tools. The complaint, which is being lodged with the Dutch data protection authority by privacy rights not-for-profit noyb, accuses X of failing to enforce its own its advertising guidelines.
 
While X’s T&Cs prohibit people’s political affiliations and/or religious beliefs being used to target them with ads, an advertiser on its platform — actually the European Commission itself, no less (awks!) — was able to use exactly this kind of sensitive personal data to target users with ads.
 
The bloc’s staffers used X’s tools in this way in order to promote a controversial legislative proposal to scan people’s messages for child sexual abuse material (CSAM).""

#GDPRandNonEUcompanies #EDPObrussels #EUrepresentative #DataProtection #UKrepresentative #EDPOuk #UKGDPR #EUGDPR #GDPR
#Noyb #X #Twitter #TargetedAds #SensitiveData #PersonalData #Privacy #Complaint #PrivacyComplaint 

Subscribe to EDPO's newsletter here: https://lnkd.in/dwK8sde

*This article was not written by EDPO. The opinions and views of the author(s) do not necessarily represent those of EDPO.

https://lnkd.in/dbV6XTdF",2025-10-17 08:21:50,2025-10-17 08:21:50,1år,no,company/edpo/posts,EDPO (European Data Protection Office),74.264 følgere,,,no,https://www.linkedin.com/company/edpo/posts,,,"gdprandnoneucompanies,edpobrussels,eurepresentative,dataprotection,ukrepresentative,edpouk,ukgdpr,eugdpr,gdpr,noyb,x,twitter,targetedads,sensitivedata,personaldata,privacy,complaint,privacycomplaint",,,https://www.linkedin.com/feed/update/urn:li:activity:7141006734277484544,https://techcrunch.com/2023/12/13/noyb-gdpr-complaint-x/,0,11,61,52,0,0,0,0,9,,1760689310,1760689310,
7360622670884839424,7360622670884839424,"Chat Control 2.0 – Why the Danish Proposal Could End Private Communication in Europe

In October, the EU is set to vote on one of the most controversial digital surveillance laws in its history – the Chat Control proposal.
Originally presented as a tool to combat the spread of child sexual abuse material (CSAM), the newest version, pushed by the Danish EU Presidency, goes far beyond that mission. If passed, it would end the concept of private, secure communication for every citizen in the EU.

What’s in the Proposal?

The Danish plan is more radical than previous drafts:
	•	Mandatory mass scanning of all private messages – including personal chats, emails, and shared images.
	•	Client-side scanning – meaning your device will scan and analyze messages before you send them, effectively breaking secure end-to-end encryption.
	•	Detection of “unknown” content – not just material already flagged as illegal, but anything an AI algorithm thinks might be harmful.
These algorithms are experimental, unreliable, and often prone to false positives.

Government and military accounts, however, will be exempt from this scanning.

Why This is Dangerous

	1.	Loss of True Privacy
Encryption exists to protect your personal data from hackers, criminals, and even governments. Breaking encryption makes everyone less secure – including journalists, activists, businesses, and ordinary people.
	2.	AI Judging Your Conversations
An unaccountable AI system would be scanning not only for known illegal material but also making predictions about “potentially illegal” content.
False accusations and wrongful investigations would become far more likely.
	3.	A Gift to Criminals
Weakening encryption creates backdoors that hackers, hostile states, and cybercriminals can exploit. Ironically, the law could make children and vulnerable people less safe.
	4.	Authoritarian Potential
With government accounts exempt, the law creates a two-tier system: the state is protected, the public is exposed. In the wrong hands, this is the foundation of an Orwellian surveillance regime.


The fight against CSAM is essential, but experts warn that mass scanning is not the solution. Existing tools for targeted investigations, combined with better law enforcement coordination, are far more effective without violating the privacy of millions of innocent people.

The Timeline
	•	September 12 – Governments finalize their positions.
	•	October 14 – Planned vote in the European Parliament.

Once this passes, there is no going back. Technology that can read and flag your private conversations will exist permanently – and can be repurposed for any political or commercial aim.

What You Can Do
	•	Contact your national representatives and MEPs now.
	•	Spread awareness – most citizens have no idea this is about to happen.
	•	Demand that the European Parliament rejects any law that forces mass scanning or breaks encryption.


 #Privacy #Surveillance #NoChatControl ##FreeSpeech #CSAM #Orwellian #HumanRights #ai",2025-10-17 08:21:50,2025-10-17 08:21:50,2md.,no,in/prof-dr-h-c-joerg-m-268882132,Prof. (Dr.) h. c. Joerg M.,"Author „The Generation Bitcoin“, Head of Smart World Education, GBA Contributer, Bitcoin Philosopher, AI consultant, Member galterprofmkb.org,",,https://media.licdn.com/dms/image/v2/D4E03AQF2aCtUm6bRVg/profile-displayphoto-crop_800_800/B4EZfvzFX3HwAM-/0/1752074836878?e=1762387200&v=beta&t=OP4APi-Kt5oaFf8cYtkJfcXTZAMkNzdijjgeGczEXyI,no,https://www.linkedin.com/in/prof-dr-h-c-joerg-m-268882132,,,"privacy,surveillance,nochatcontrol,freespeech,csam,orwellian,humanrights,ai",,,https://www.linkedin.com/feed/update/urn:li:activity:7360622670884839424,,1,0,1,1,0,0,0,0,0,,1760689310,1760689310,
7379745786663866368,7379745786663866368,"EDPB stajalište iz 2024. na prijedlog „EU Chat Control“ Uredbe
 
Na našu objavu od 23.09. nakon nastupa uživo u HRT4 emisiji na temu „EU Chat Control“ 

https://lnkd.in/eVgQx_7P 

jasno uočavamo da ova tema nailazi na sve značajniji interes šire, ne samo stručne, javnosti, a što je po nama moralo biti osigurano kroz transparentnost od samog početka procesa donošenja novog EU regulatornog okvira.
 
Pri tom javnost nije dovoljno upoznata sa stajalištem EDPB-a (European Data Protection Board) kao krovnog tijela za zaštitu podataka na razini EU.
 
Stoga vrijedi javnosti dati do znanja u kojoj mjeri su s aspekta zaštite osobnih podataka neprihvatljivi dijelovi „EU Chat Control“ prijedloga:
 
https://lnkd.in/dp-7V-5S
 
Citiramo najvažnije dijelove stajališta:
 
„The European Data Protection Board (‘EDPB’) acknowledges the importance of the fight against child sexual abuse online. While it welcomes the recent improvements proposed by the European Parliament that remedy some of the main issues of the original Proposal for a Regulation of the European Parliament and of the Council laying down rules to prevent and combat child sexual abuse (the ‘Proposal’), the EDPB calls upon the co-legislators to make sure that any new legal instrument is not ambiguous and fully respects the fundamental rights to privacy and data protection.
 
The EDPB is of the opinion that this wording does not guarantee that detection orders would actually be targeted and addressed only to individuals who are likely to be involved in the dissemination of CSAM.
 
Criteria on how to decide which persons or groups should be targeted by a detection order are missing. In light of this, the EDPB is concerned that the EP position would still allow for the issuance of detection orders that are general and indiscriminate in nature.
 
Furthermore, the EDPB regrets that the EP position would still provide for the issuance of detection orders for new CSAM, despite the fact that the error rates of the technologies that may be used for this purpose are significant.
 
Preventing or discouraging in any way the use of end-to-end encryption, imposing on service providers an obligation to process electronic communication data for purposes other than providing their services, or imposing on them an obligation to proactively forward electronic communications to third parties would entail the risk that providers offer fewer encrypted services in order to better comply with the obligations, thus weakening the role of encryption in general and undermining the respect for fundamental rights and the trust in digital services.“
 
#gdprcroatia",2025-10-17 08:21:53,2025-10-17 08:21:53,2u,no,company/gdprcroatiapage/posts,GDPR Croatia,6.443 følgere,,,no,https://www.linkedin.com/company/gdprcroatiapage/posts,,,gdprcroatia,,,https://www.linkedin.com/feed/update/urn:li:activity:7379745786663866368,,0,0,9,8,0,1,0,0,0,,1760689313,1760689313,
7196119788568379392,7196119788568379392,"💡 ACER’s updated methodology improves the operational security analysis in electricity systems

📄 On 13 May 2024 (with its Decision No 07/2024 https://lnkd.in/dQ2vTMUr), ACER amended the methodology for Coordinating Operational Security Analysis (#CSAM). The amendment proposal was submitted to ACER in November 2023 by ENTSO-E on behalf of #TransmissionSystem Operators (#TSOs). 

🤔 Why is the methodology important for the EU's operational security? 

CSAM supports the #EU’s operational security by outlining the TSOs' requirements to ensure:
🔵 the #ElectricityTransmission system is operated in a coordinated manner; 
🔵 effective system operational planning;
🔵 transparency and reliability of information on #transmission system operation.

🔎 What are the main improvements in the methodology? 

The amendments relate to the implementation of the observability area (i.e. where TSOs implement real-time monitoring and modelling of their systems to maintain #OperationalSecurity).

The main changes include:
🆕 Aligning the observability area reassessment period with that of the external contingency list (i.e., the list of contingencies to be simulated to test the compliance with the operational security limits). This alignment is important to ensure that the operational security analysis is carried out accurately across all timeframes.
🆕 The inclusion of #busbar couplers in the contingency lists and in the TSOs’ Individual #Grid Models (#IGMs), along with a defined timeline for implementation by the TSOs. This update ensures that the #power flows are kept within the operational security limits after a contingency has occurred. 

🐾 What are the next steps? 

Within a year after the adoption of the new CSAM (by 13 May 2025), TSOs are required to update their ordinary contingency lists.

Learn more 👉 https://lnkd.in/dubHhAcn",2025-10-17 08:21:53,2025-10-17 08:21:53,1år,no,company/eu-acer/posts,EU Agency for the Cooperation of Energy Regulators (ACER),30.570 følgere,,,no,https://www.linkedin.com/company/eu-acer/posts,,,"csam,transmissionsystem,tsos,eu,electricitytransmission,transmission,operationalsecurity,busbar,grid,igms,power",,,https://www.linkedin.com/feed/update/urn:li:activity:7196119788568379392,https://www.acer.europa.eu/news-and-events/news/acers-updated-methodology-improves-operational-security-analysis-electricity-systems,0,0,25,24,0,0,0,0,1,,1760689313,1760689313,
7219986736796368897,7219986736796368897,"📊 🙌The annual report of the eco Complaints Office highlights a successful year, focusing on “takedown instead of blocking” and the critical role of complaints offices.

The German government reported 54,613 CSAM cases to the BKA in 2023, more than doubling from the previous year.

🗣️ Alexandra Koch-Skiba, Head of eco Complaints Office, praised the effective cooperation with the BKA, ensuring low-threshold, anonymous content reporting.

🌟 The eco Complaints Office recorded 17,493 justified complaints, with 91% involving sexual violence against children. German-hosted CSAM was removed 100% of the time within 1.86 days.

💯 Globally, CSAM was removed in about 6 days with a 98.35% success rate, reinforcing the principle of “takedown instead of blocking.”

🔍 The EU Commission’s CSAM Regulation proposal should support existing structures and prioritise takedown over blocking.

Read more 👉 https://go.eco.de/mjL8nQu

#InternetRegulation #ChildProtection #CSAM",2025-10-17 08:21:53,2025-10-17 08:21:53,1år,no,showcase/eco-association/posts,eco – Association of the Internet Industry,2.789 følgere,,,no,https://www.linkedin.com/showcase/eco-association/posts,,,"internetregulation,childprotection,csam",,,https://www.linkedin.com/feed/update/urn:li:activity:7219986736796368897,,0,0,1,1,0,0,0,0,0,,1760689313,1760689313,
7290382493306773505,7290382493306773505,"EU Competitiveness Compass, Game changer or more of the same?

The #CompetitivenessCompass aims to close the innovation gap, create a roadmap for decarbonisation and competitiveness, reduce excessive dependencies and increase security. 

I fully support its main goals:

👉 Financing: Redirecting EU funds to expand the EIB and EIFs lending capacity via #InvestEU can attract more private investment. 

👉 Internal Market completion: Critical for our growth and to tackle global pressures as well as to reduce strategic dependencies.

👉 Omnibus packages: Pledges to cut red tape at an unprecedented scale through a series of omnibus proposals mainly focuses on green transition now? Surely a digital package likely to follow?

👉 Innovation: A Start-Up and Scale-Up Strategy, AI Initiatives, and a “28th regime” to retain talent in Europe and boost growth alongside proposals on advanced materials, quantum, biotech and robotics show we are focused on the future.

👉 #Climate and #digital transition: Sticking to our 2040 targets. Linking industrial competitiveness with these transitions shows that prosperity, sustainability and technology are inseparable.

👉 Finish the Capital Markets Union. The EU’s fragmented markets block large-scale investment. Member States must address barriers such as pensions, taxation, and insolvency.

What is simplification? Is it about less legislation, outdated rules, or cutting bureaucracy? We can start by removing bad proposals like CSAM, SEP, AI liability, ePrivacy. Focus simplification on high-tech and high-growth sectors. Deregulation isn’t a bad word. ❗️

👉 AI: Gigafactories to train AI models and enable key AI ecosystems throughout the EU is vital to compete. 

Succeed in global (#AI) competition: The U.S. and China are investing heavily in AI, clean tech, and semiconductors. We struggle to attract venture capital and talent at the same rate. ❗️The TechEU investment program and AI gigafactories are promising but may need greater ambition. 

👉 Formulate an EU Talent Retention Strategy. Offer incentives, streamlined visas to keep and attract highly-skilled workers!

Level the playing field for industry: With no complete overhaul of the electricity market, there are changes to price formation and competition but be careful to not undermine market integrity. 👉 Reviewing #CBAM to close loopholes and prevent carbon leakage protects competitiveness in energy-intensive industries. Next? Member States must invest in grids. ☝️

Europe still has many strengths but we cannot downplay the scale and speed of global competition. The Compass provides a framework, but the test is in details, in implementation and in Member States ability to act with unity. 🇪🇺

☝️ We should never have allowed ourselves to be in this position but now we must act or “#competitiveness” will remain the subject of policy papers, lost under countless packages and proposals.",2025-10-17 08:22:09,2025-10-17 08:22:09,8md.,no,in/aurasalla,Aura Salla,"PhD, Member of the European Parliament, ITRE Committee, @Kokoomus @EPP",,https://media.licdn.com/dms/image/v2/D4D03AQHKGJHjzRW1xA/profile-displayphoto-shrink_100_100/profile-displayphoto-shrink_100_100/0/1715688157662?e=1762387200&v=beta&t=Az6s7lRQYuBAoKz7O0g-SUiN9JsbLWmVPcPBr9WDzFo,no,https://www.linkedin.com/in/aurasalla,,,"competitivenesscompass,investeu,climate,digital,ai,cbam,competitiveness",,,https://www.linkedin.com/feed/update/urn:li:activity:7290382493306773505,,21,8,259,226,4,9,0,3,17,,1760689329,1760689329,
7121873971196624896,7121873971196624896,"A view from DC: Sectoral AI governance oversight shows US leadership: IAPP Managing Director, Washington, D.C., Cobun Zweifel-Keegan, CIPP/US, CIPM, offers his take on the latest privacy and artificial intelligence governance developments in the nation's capital and around the U.S., including a broader look at the perceived strength of U.S. sectoral rules for AI.
Full story


A view from Brussels: Clock is ticking on EU CSAM proposal


This week, European Justice and Home Affairs Council ministers met to discuss the legislative proposal targeting online child sexual abuse material. IAPP Managing Director, Europe, Isabelle Roccia, CIPP/E, discusses the latest developments around the proposal and said ""the clock is ticking."" The current voluntary detection scheme applicable to online service providers expires in August 2024. Failing to approve the legislation by then would create a legal loophole that could only increase the scope of an issue at an already dramatic scale.
Full story #dataprotection #dataprivacy #privacy",2025-10-17 08:22:09,2025-10-17 08:22:09,1år,no,company/the-data-protection-hub/posts,The Data Protection and Privacy Hub™,41.029 følgere,,,no,https://www.linkedin.com/company/the-data-protection-hub/posts,,,"dataprotection,dataprivacy,privacy",,,https://www.linkedin.com/feed/update/urn:li:activity:7121873971196624896,http://dlvr.it/SxnmKh,0,0,0,0,0,0,0,0,0,,1760689329,1760689329,
7191565467768004608,7191565467768004608,"laws forcing tech firms to use ""broken"" encryption is one giant leap on the path of stupidity and rampant cyber-crime",2025-10-17 08:22:09,2025-10-17 08:22:09,1år,no,in/jamesdonofrio,"James Donofrio, MBA, CTNS",Director of Sales - rtiusa.net,,,no,https://www.linkedin.com/in/jamesdonofrio,,,,,,https://www.linkedin.com/feed/update/urn:li:activity:7191565467768004608,https://tcrn.ch/3xYDIsd,0,1,0,0,0,0,0,0,0,,1760689329,1760689329,
7209806667964731392,7209806667964731392,"EU anti-encryption crusaders seek to turn your digital devices into spyware

Not even the most secure VPN could help protect your privacy 🤔 

A few days after EU citizens were called to vote on their next parliamentary representatives, we just have a rough idea of what the upcoming political squad will look like. What is certain, however, is that anti-encryption sentiments are still thriving across the Union.
We already reported the revised proposal to halt the spread of online child sexual abuse material (CSAM) that wants your permission to scan your WhatsApp messages. Now, a leaked 42-point plan puts forward new recommendations on how companies must handle people's online activities, including data retention, access, and interception of all digital services.
The goal is simple: make the digital devices we use every day, from smartphones and smart homes to IoT devices and even cars, legally and technically monitorable at all times by law enforcement bodies. 

According to Jan , CEO at Mullvad—one of the best VPNs around with a privacy-first mandate—all encrypted traffic will no longer be private and secure if the legislation passes. ""A VPN won’t help either,"" he told me. ""It would mean total surveillance and that Europe's inhabitants carry state spyware in their pockets.""

Data access by design
The intention to implement a so-called ""security by design"" framework was first shared last year by the High-Level Group (HLG). Created by the European Commission, the group is taking the first steps in what's nicknamed the Going Dark initiative to ensure ""the availability of effective law enforcement tools to fight crime and enhance security in the digital age."" The process has developed largely behind closed doors so far, with civil society denied a chance to take part.
Encryption is vital to ensure the enjoyment of fundamental rights, like privacy and free speech, but also to allow both citizens and businesses to defend themselves against abuses of information technologies. This was exactly the conclusion of February's judgment published by the European Court of Human Rights which made it illegal to break encryption.

Such a surveillance push from the EU, and ultimately worldwide, authorities is even more worrying when you pair it with the direction Big Tech is headed. Greater data collection is prioritized, which is in stark contrast to GDPR's main concept of data minimization.

#encryption #VPN #spyware #EU #GDPR #privacy #CSAM #microsoft 
#sigint #intelligence #humint #defence #defense #law #lawenforcement 
#knowledge #cooperation #pegasus #kaspersky",2025-10-17 08:22:12,2025-10-17 08:22:12,1år,no,in/matus-stankovic-a2039273,Matus Stankovic,"professionalism and integrity ﻿""Nebát se a nekrást, a ne nakrást si a nebát se.""",,https://media.licdn.com/dms/image/v2/D4E35AQHOGNqubgWcaQ/profile-framedphoto-shrink_400_400/profile-framedphoto-shrink_400_400/0/1733419701712?e=1761296400&v=beta&t=h4dKGkif0vdPDak7aLVRqM7Vnv4zmTLRSMNItfWnC9g,no,https://www.linkedin.com/in/matus-stankovic-a2039273,,,"encryption,vpn,spyware,eu,gdpr,privacy,csam,microsoft,sigint,intelligence,humint,defence,defense,law,lawenforcement,knowledge,cooperation,pegasus,kaspersky",,,https://www.linkedin.com/feed/update/urn:li:activity:7209806667964731392,,1,0,0,0,0,0,0,0,0,"Nye indlæg i Homeland Security, DHS, Cybersecurity, (and global security topics)",1760689332,1760689332,
7290640288354619392,7290640288354619392,"🇪🇺 EU Tech News Digest

🟦 ECB pitches digital euro as response to Trump's crypto push [January 24, 2025]
Euro zone banks need a digital euro to compete with U.S. President Donald Trump’s push for stablecoins, a type of cryptocurrency. Trump’s executive order aims to promote dollar-backed stablecoins worldwide, potentially impacting bank fees and clientele. The ECB is currently experimenting with a digital euro, which would allow for online payments and potentially impact bank profits.
https://lnkd.in/es9saEW7 

🟦 Meta’s Revised Ad-Free Service May Breach EU Privacy Laws, Consumer Group Says [January 23, 2025]
Meta Platforms’ updated subscription service, which offers an ad-free experience for a fee, may still violate EU consumer and privacy laws, according to the European Consumer Organisation (BEUC). BEUC urges regulators to take action against Meta, expressing concerns that the service could infringe upon user rights and data protection regulations.
https://lnkd.in/e-7mKVSN

🟦 The European Supervisory Authorities (ESAs) published a report on the feasibility of further centralizing major ICT-related incident reporting by financial entities. [17 January 2025]
The report explores three models for potential future developments in this area.
1. Baseline Scenario: A decentralized model with national competent authorities (NCAs) as primary points of contact.
2. Data Sharing Model: An intermediate approach where NCAs remain the first contact but share data centrally for streamlined dissemination.
3. Fully Centralized Hub: Financial entities report directly to a single EU Hub accessible to all relevant stakeholders.
https://lnkd.in/eVXfgihJ

🟦 The EU Wants to Scan Every Message Sent in Europe. [January 24, 2025]
The EU’s proposal to implement a Europe-wide apparatus for scanning users’ digital communications on platforms like Facebook, Signal, and WhatsApp aims to combat child sexual abuse material (CSAM). However, the implications for privacy and digital security are considerable, as it would undermine encryption. Cybersecurity experts warn that mass scanning could introduce vulnerabilities and be misused for broader surveillance, not just CSAM detection.
https://lnkd.in/e-ZaeRsz

#EU #GovTech #Innovation #Regulation",2025-10-17 08:22:12,2025-10-17 08:22:12,8md.,no,in/dimanngo,Dmytro Golodiuk,"IT consultant specializing in Software Architecture and Design, Enterprise Architecture, Enterprise Integration, Product Delivery.",,https://media.licdn.com/dms/image/v2/D4E03AQGIJGvNf9NCAw/profile-displayphoto-shrink_100_100/B4EZa8e1WyHYAU-/0/1746918922743?e=1762387200&v=beta&t=qpzIrz1x_TRUrHojqoKQEFK5FJBSSutdA0Wzn607k_4,no,https://www.linkedin.com/in/dimanngo,,,"eu,govtech,innovation,regulation",,,https://www.linkedin.com/feed/update/urn:li:activity:7290640288354619392,,0,0,0,0,0,0,0,0,0,,1760689332,1760689332,
7310356503440363521,7310356503440363521,"If your company relies on email for sensitive communication, encryption is essential. 

GDPR requires businesses to protect personal data using strong security measures like encryption, but new EU proposals, such as CSAM legislation, could complicate this. The real question for businesses isn’t ""Do we need encryption?"" but ""Can we secure our emails without disrupting how we work?""

📉 The risks are growing. The ENISA Threat Landscape 2024 identified 19,754 security gaps, of which 9.3% were marked critical and 21.8% as high-risk. Weakening encryption would only make things worse, exposing companies to data leaks, financial damage, and regulatory trouble.

So what should businesses do? Yes, companies want to stay compliant, protect data, and keep operations running smoothly. But encryption often feels complicated or clunky. 

That’s why we built Mailvelope:
✅ Keep your emails secure without the stress → Our solution fits right into your setup, and you don’t need to be a tech expert to use it.
✅ Compliance, sorted → Meets GDPR and EU security standards so you’re not caught off guard. 
✅ No hidden interests → We’re independent and open-source, built for security, not for data collection.

Businesses don’t need more complexity. They need encryption that fits into their workflow and does its job.
✅ Privacy isn’t a trade-off. 
✅ Security should be simple. 
✅ Independence and Integrity = Mailvelope.

Is your company ready for the future of encryption? 
#EnterpriseSecurity #DataProtection #Encryption #GDPRCompliance #Cybersecurity #Mailvelope",2025-10-17 08:22:12,2025-10-17 08:22:12,6md.,no,company/mailvelope/posts,Mailvelope,266 følgere,,,no,https://www.linkedin.com/company/mailvelope/posts,,,"enterprisesecurity,dataprotection,encryption,gdprcompliance,cybersecurity,mailvelope",,,https://www.linkedin.com/feed/update/urn:li:activity:7310356503440363521,,0,1,3,3,0,0,0,0,0,,1760689332,1760689332,
7140973193200123904,7140973193200123904,"Facing a #privacy complaint in Europe, Elon Musk's social media platform #X, is under scrutiny for its ad targeting tools. 

The complaint, filed by privacy rights organization #noyb, alleges a breach of X's own advertising guidelines, allowing the use of sensitive personal data for ad targeting, contravening GDPR and Digital Services Act (#DSA) regulations. 

This raises the specter of penalties under both regulatory frameworks and potential regulatory sanctions.

Interestingly, the European Commission, using X's tools for a legislative proposal, inadvertently became the center of this controversy. While the Commission has ceased advertising on X, the enforcement against the platform is deemed crucial by noyb.

On a parallel front, during October 2023 ,the Ministry of Electronics and Information Technology (#MeitY) in India issued a directive to social media intermediaries, including X, instructing the proactive removal of child sexual abuse material (CSAM). 

The directive, emphasizing swift and permanent removal, also warns of the risk of losing 'safe harbour' immunity for non-compliance under Section 79 of the IT Act, 2000. The compliance requirements, outlined in the IT (#IntermediaryGuidelinesandDigitalMediaEthicsCode) Rules, 2021, mandate the removal of harmful content within specific timelines.

These dual challenges highlight the need to ensure strict compliance for platforms like X  globally. 

Striking the right balance between regulatory frameworks is imperative for continued operation.

#PrivacyCompliance #LegalChallenges #GDPR #DSA #ITRules #SocialMedia #RegulatoryCompliance #India #EU #safeharbour #ITact #privacymatters",2025-10-17 08:22:15,2025-10-17 08:22:15,1år,no,in/aditi-deshmukh-570668190,ADITI DESHMUKH,Tech-Lawyer IData Protection l Privacy IGRC Consultant,,https://media.licdn.com/dms/image/v2/D4D03AQHKe-BEAiVjDg/profile-displayphoto-scale_100_100/B4DZjLeRzHGgAk-/0/1755760370807?e=1762387200&v=beta&t=ES6jOK4SIMj06ZukxV8FXt-5IUIeLJfzMN_FJBH7w9M,no,https://www.linkedin.com/in/aditi-deshmukh-570668190,,,"privacy,x,noyb,dsa,meity,intermediaryguidelinesanddigitalmediaethicscode,privacycompliance,legalchallenges,gdpr,dsa,itrules,socialmedia,regulatorycompliance,india,eu,safeharbour,itact,privacymatters",,,https://www.linkedin.com/feed/update/urn:li:activity:7140973193200123904,,1,0,11,10,0,0,0,0,1,,1760689335,1760689335,
7199759546473435138,7199759546473435138,"Signal’s Meredith Whittaker on the Telegram security clash and the “edge lords” at OpenAI 

Meredith Whittaker has had it with the “frat house” contingent of the tech industry. I sat down   with the CEO of Signal astatine  VivaTech successful  Paris to spell  implicit    the wide   scope  of serious, grown-up issues nine   is facing, from disinformation, to who controls AI, to the encroaching surveillance state. In the people   of our conversation, we delved into Signal’s caller    warfare  of words with Elon Musk, Telegram’s Pavel Durov, and — fixed  its arguable  clash with Scarlett Johanson — Whittaker’s candid thoughts astir  the enactment    astatine  OpenAI, which she likened to “dorm country   high-jinks.”

Among different   things, Whittaker is acrophobic   astir  the attraction   of powerfulness  successful  the 5  main   societal  media platforms, particularly  successful  twelvemonth  erstwhile   the satellite   faces a ample  fig   of wide   elections, not slightest  successful  the US, and Europe’s reliance connected  US-based, external, tech giants. She argued that loosening EU regulations won’t really  assistance   Europe vie  with US tech giants, oregon  beryllium  bully  for society. She criticized the media’s obsession with AI-driven deepfakes, portion    often   ignoring however  societal  media platforms prioritize hyperbolic engagement implicit    facts.

We besides  discussed surveillance advertising, the implications of the UK’s Online Safety Bill, the EU-CSAM proposals (“absolutely dangerous”), and whether Telegram’s Pavel Durov should walk   much  clip  making his level    unafraid  than being followed by a lensman  for his Instagram relationship  (“he’s afloat  of s—”).  

And towards the end, she revealed wherefore  she’s spending the adjacent  six months successful  Europe. (My questions are successful  italics):

Mike Butcher: You’ve lately been talking astir  the attraction   of powerfulness  successful  AI, and that this was important   successful  the European context. Would you similar  to grow  connected  that?

Meredith Whittaker: The precise  abbreviated  reply  is that that’s important   successful  the European context, due to the fact that that powerfulness  is not concentrated successful  Europe. Yes, that powerfulness  is concentrated successful  the hands of a fistful  of companies that reside successful  the US, and past    immoderate   much  successful  China. But erstwhile   we’re talking astir  this context, we’re talking astir  the US. The reliance of Europe, European startups, European governments, European institutions, connected  AI is yet    a reliance connected  infrastructures and systems that are created, controlled, and redound backmost  to the profits and maturation  of these fistful  of companies. Now, the discourse  we’re speaking successful  is May 2024. Now, I don’t cognize  however  galore  months we person  till the predetermination  and I’m refusing to retrieve  that close ...",2025-10-17 08:22:15,2025-10-17 08:22:15,1år,no,in/raja-m-,Raja M.,Full-stack Developer @ Cybers Pulse | Building Scalable Applications,,https://media.licdn.com/dms/image/v2/D5635AQEPpYXlG7MJxw/profile-framedphoto-shrink_100_100/B56ZnpeH_xKMAk-/0/1760558612747?e=1761296400&v=beta&t=joWPuvF7Qn2OFN92A_dSMGW7PVJ9N_D2EH0gJJ_znjU,no,https://www.linkedin.com/in/raja-m-,,,,,,https://www.linkedin.com/feed/update/urn:li:activity:7199759546473435138,https://marstopresources.com/news/signal-s-meredith-whittaker-on-the-telegram-security-clash-and-the-edge-lords-at-openai-35040.html,0,0,0,0,0,0,0,0,0,,1760689335,1760689335,
7209802619907694592,7209802619907694592,"EU anti-encryption crusaders seek to turn your digital devices into spyware

Not even the most secure VPN could help protect your privacy 🤔 

A few days after EU citizens were called to vote on their next parliamentary representatives, we just have a rough idea of what the upcoming political squad will look like. What is certain, however, is that anti-encryption sentiments are still thriving across the Union.
We already reported the revised proposal to halt the spread of online child sexual abuse material (CSAM) that wants your permission to scan your WhatsApp messages. Now, a leaked 42-point plan puts forward new recommendations on how companies must handle people's online activities, including data retention, access, and interception of all digital services.
The goal is simple: make the digital devices we use every day, from smartphones and smart homes to IoT devices and even cars, legally and technically monitorable at all times by law enforcement bodies. 

According to Jan Johnson, CEO at Mullvad—one of the best VPNs around with a privacy-first mandate—all encrypted traffic will no longer be private and secure if the legislation passes. ""A VPN won’t help either,"" he told me. ""It would mean total surveillance and that Europe's inhabitants carry state spyware in their pockets.""

Data access by design
The intention to implement a so-called ""security by design"" framework was first shared last year by the High-Level Group (HLG). Created by the European Commission, the group is taking the first steps in what's nicknamed the Going Dark initiative to ensure ""the availability of effective law enforcement tools to fight crime and enhance security in the digital age."" The process has developed largely behind closed doors so far, with civil society denied a chance to take part.
Encryption is vital to ensure the enjoyment of fundamental rights, like privacy and free speech, but also to allow both citizens and businesses to defend themselves against abuses of information technologies. This was exactly the conclusion of February's judgment published by the European Court of Human Rights which made it illegal to break encryption.

Such a surveillance push from the EU, and ultimately worldwide, authorities is even more worrying when you pair it with the direction Big Tech is headed. Greater data collection is prioritized, which is in stark contrast to GDPR's main concept of data minimization.

#encryption #VPN #spyware #EU #GDPR #privacy #CSAM #microsoft #sigint #intelligence #humint #defence #defense #law #lawenforcement #knowledge #cooperation #pegasus #kaspersky",2025-10-17 08:22:15,2025-10-17 08:22:15,1år,no,in/matus-stankovic-a2039273,Matus Stankovic,"professionalism and integrity ﻿""Nebát se a nekrást, a ne nakrást si a nebát se.""",,https://media.licdn.com/dms/image/v2/D4E35AQHOGNqubgWcaQ/profile-framedphoto-shrink_400_400/profile-framedphoto-shrink_400_400/0/1733419701712?e=1761296400&v=beta&t=h4dKGkif0vdPDak7aLVRqM7Vnv4zmTLRSMNItfWnC9g,no,https://www.linkedin.com/in/matus-stankovic-a2039273,,,"encryption,vpn,spyware,eu,gdpr,privacy,csam,microsoft,sigint,intelligence,humint,defence,defense,law,lawenforcement,knowledge,cooperation,pegasus,kaspersky",,,https://www.linkedin.com/feed/update/urn:li:activity:7209802619907694592,,1,0,0,0,0,0,0,0,0,,1760689335,1760689335,
7323952199561007105,7323952199561007105,"(In)Securities | Edition #144: Scans, Surveillance, and the State of Encryption

From lawmakers racing to catch up with deepfakes to nation-states casually scanning public Git repos, this edition maps a threat landscape where urgency is high, friction is rising, and the gap between patch and problem keeps widening.

• For Security Leaders and SOC Teams:
The FBI released a list of 42,000 phishing domains tied to LabHost. Git secrets are being snatched within minutes of exposure. Enterprise zero-days are being exploited faster than they are discovered. Fuel tank sensors remain wide open, and SentinelOne has uncovered a Chinese espionage campaign targeting its own infrastructure.

• For Boards and Strategy Teams:
Quantum threats are prompting a quiet overhaul of internet cryptography. AppSec fixes are failing to reduce risk. AI risk remains largely invisible, even to organisations with mature security programs. Meanwhile, tariffs could slow secure telecom upgrades, and EU defence startups are attracting AI talent away from Big Tech in favour of purpose-driven innovation.

• For Policy, Risk, and Governance Professionals:
The US House has criminalised nonconsensual deepfakes. France has publicly named APT28 for multiple attacks. India's attempt to block Proton Mail has intensified an already complex debate over digital rights. As regulatory pressure builds, the lines between online harm, surveillance, and national interest are becoming harder to navigate.

• For Privacy and Encryption Advocates:
Proton Mail is under threat. European CSAM detection proposals remain stalled. New policies risk weakening the very tools that protect journalists, civil society, and at-risk communities. Experts continue to warn that undermining encryption may do more harm than good, especially when trust is already in short supply.

💡 CyAN Member Insights:
• Henry Rõigas Röigas returns with CRD #21, exploring gaps in access management, the persistence of victim shaming, and the need for boards to lead before regulators force the issue.

• Vaishnavi J continues her critical work in youth digital safety, unpacking the shifting platform and policy dynamics affecting kids and teens worldwide.

🎉 With CyAN’s 10th anniversary around the corner, members are preparing to gather in both Paris and Sydney to celebrate a decade of collaboration, leadership, and global impact. We look forward to sharing more in the weeks ahead. 🎉

📢 Whether you are patching vulnerabilities, refining legal frameworks, or working to protect encrypted communications, (In)Securities delivers the insights, signals, and CyAN member expertise you need to stay informed and ahead. Don’t forget that a great way to stay informed and at the forefront of cybersecurity is by following CyAN for ongoing insights from global experts - and remember, #SharingIsCaring!

[🔗 All articles and resources are linked in the comments.]",2025-10-17 08:22:18,2025-10-17 08:22:18,5md.,no,company/cybersecurityadvisors/posts,Cybersecurity Advisors Network (CyAN),5.510 følgere,,,no,https://www.linkedin.com/company/cybersecurityadvisors/posts,,,sharingiscaring,,,https://www.linkedin.com/feed/update/urn:li:activity:7323952199561007105,,7,3,19,17,1,0,0,0,1,,1760689338,1760689338,
7328886690993876996,7328886690993876996,"We are voting for a child safety shareholder proposal at Meta's AGM on May 28. Meta is the world’s largest social media company, used by billons of children and teenagers. Its platforms—including Facebook, Instagram and WhatsApp—have been linked to numerous child safety problems including a mental health crisis for young people, data privacy violations, age-verification failures, cyberbullying, hate group recruitment, self-harm/suicide and child sexual exploitation, grooming and trafficking. Meta is facing 1000+ child safety lawsuits (including those from 42 state Attorneys General), new stricter legislation in the EU and UK, and a growing movement of public protests from the parents of social media victims. Meanwhile, Meta leads the fight against key child safety legislation, and most chilling of all, its application of end-to-end encryption in 2024 now effectively hides millions of reports of child sexual abuse materials thus preventing help for child victims and preventing law enforcement from finding their predators.  
Learn more: 
Meta child safety resolution
https://lnkd.in/ebh2sjij

Meta child safety exempt solicitation (proxy memo)
https://lnkd.in/eeXf7GUF

 #ProxyImpact #ICCR #ChildSafety #ChildMentalHealth #ChildSexualExploitation #CSAM",2025-10-17 08:22:18,2025-10-17 08:22:18,5md.,no,in/michael-passoff-7127431,Michael Passoff,CEO at Proxy Impact,,https://media.licdn.com/dms/image/v2/C5103AQE6ARmJ2YFpsg/profile-displayphoto-shrink_100_100/profile-displayphoto-shrink_100_100/0/1516311794264?e=1762387200&v=beta&t=X4zGcTi9z2ahYLI5JW4sny0lKPBgw4WyH9E74jOazl4,no,https://www.linkedin.com/in/michael-passoff-7127431,,,"proxyimpact,iccr,childsafety,childmentalhealth,childsexualexploitation,csam",,,https://www.linkedin.com/feed/update/urn:li:activity:7328886690993876996,,0,2,24,18,0,3,0,1,2,,1760689338,1760689338,
7375940995961524224,7375940995961524224,Another action packed week in antitrust (no sign of things slowing down) and Slade Bond is there to summarize it all for you!,2025-10-17 08:22:18,2025-10-17 08:22:18,3u,no,in/martin-gaynor,Martin Gaynor,"Lester A. Hamburg University Professor of Economics and Public Policy Emeritus, Carnegie Mellon University",,https://media.licdn.com/dms/image/v2/D4E03AQGPXWvqbcSBkw/profile-displayphoto-scale_100_100/B4EZjTMZHjGYAk-/0/1755889898770?e=1762387200&v=beta&t=RGOsEhf0PbIoheoFnGnAKzRNw1BlYN_KQkZHNi1NfF4,no,https://www.linkedin.com/in/martin-gaynor,,,,,,https://www.linkedin.com/feed/update/urn:li:activity:7375940995961524224,,0,2,3,2,1,0,0,0,0,,1760689338,1760689338,
7371772673795866624,7371772673795866624,"In a joint open letter, the signatories describe the plan as ""technically infeasible"" and caution that it would open the door to ""unprecedented capabilities for surveillance, control, and censorship.""

Their statement arrives just days ahead of a critical European Council meeting on September 12, with a final vote set for October 14 that will determine whether the regulation moves forward.

The proposed law would compel messaging apps, email platforms, cloud services, and even providers of end-to-end encrypted communication to scan all user content automatically. This would apply to texts, images, and videos, whether or not there is any suspicion of wrongdoing.

According to the researchers, such detection systems cannot coexist with secure communication. ""On‑device detection, regardless of its technical implementation, inherently undermines the protections that end‑to‑end encryption is designed to guarantee.""

By forcing companies to monitor encrypted content, the regulation would introduce security weaknesses that could be exploited by malicious actors and hostile governments.

The scientists also emphasize the inaccuracy of the proposed approach. They argue that large-scale scanning systems produce unacceptable error rates and could generate enormous numbers of false reports.

""Existing research confirms that state‑of‑the‑art detectors would yield unacceptably high false positive and false negative rates, making them unsuitable for large‑scale detection campaigns at the scale of hundreds of millions of users.""

Ordinary individuals exchanging private messages could be falsely flagged and subjected to investigation, even in the absence of any illegal behavior.
Proponents of the law have argued that artificial intelligence and machine learning could be used to detect illegal content effectively.

The researchers dispute this claim, writing that ""there is no machine‑learning algorithm that can [detect unknown CSAM] without committing a large number of errors … and all known algorithms are fundamentally susceptible to evasion.""

In their view, those who intend to spread harmful content could easily sidestep detection using simple technical workarounds, while the broader population would be exposed to widespread and error-prone monitoring.

While several countries, including Austria, Belgium, the Netherlands, and Finland, have already voiced opposition, the outcome now depends on the choices of governments that have not yet committed.

Germany, in particular, could play a decisive role. A vote against or an abstention from Berlin would be enough to block the proposal by helping form the required minority of member states representing at least 35 percent of the EU population.
  
https://lnkd.in/emrQE9zs",2025-10-17 08:22:28,2025-10-17 08:22:28,1md.,no,in/henrikpiski,Henrik Piski,?,,https://media.licdn.com/dms/image/v2/D4E03AQGDa2mti21UiA/profile-displayphoto-scale_100_100/B4EZmHeP9_HcAc-/0/1758914478739?e=1762387200&v=beta&t=34nQ3tqodgbZKb9SYVVhZ7t5NvtITdnhXcQi9ld2blc,no,https://www.linkedin.com/in/henrikpiski,,,,,,https://www.linkedin.com/feed/update/urn:li:activity:7371772673795866624,https://csa-scientist-open-letter.org/Sep2025,0,0,2,2,0,0,0,0,0,,1760689348,1760689348,
7358535753901010946,7358535753901010946,"Is privacy being terminated? 🔍
They want your CHATS, your IDs and SELFIES ☑️ 

☝🏻The trend toward digital identity verification is spreading to more and more platforms.

Initiatives that were previously associated only with authoritarian regimes are now being actively implemented in the US🇺🇸 UK🇬🇧 EU🇪🇺 

📌 Spotify will start requiring ID to access certain tracks labeled 18+ https://lnkd.in/dsb-aAPG
📌 Discord is introducing age verification via selfies and IDs for access to chats and NSFW content https://lnkd.in/dsFfDx-4
📌 Reddit is disabling adult subreddits for all unconfirmed accounts. To regain access, users must upload their passport. https://lnkd.in/devmkdwe
📌 Microsoft is testing age verification on Xbox. Without ID, there will be restrictions on voice chat and multiplayer modes https://lnkd.in/dHSdmqGR
📌 Google will use AI to estimate age on all its platforms, from search to YouTube. If there are any suspicions, the user will have to upload ID or biometrics https://lnkd.in/d5SbScbp
📌 Telegram is introducing a facial recognition bot to verify age and access to content https://lnkd.in/dvvbht4H

⚠️ Similar tools will be implemented on all major platforms. Another way of putting that is perhaps ''they're coming for the WHOLE INTERNET''.

⚠️ So-called Chat Control aims to halt the spread of CSAM content online by scanning all communications, especially encrypted ones. Over the years, however, the proposal has seen some twists and turns as privacy advocates, technologists, and even politicians raised concerns. The so-called Chat Control proposal could be adopted as early as October 14, 2025 https://lnkd.in/dMGW5E6z

⚠️ We are witnessing digital user identification becoming the new standard — the “new normal.” 🤷🏼‍♀️ 

#ID #age #ChatControl #EU #US #UK #privacy #verification #surveillance",2025-10-17 08:22:28,2025-10-17 08:22:28,2md.,no,in/den-freeman,Den Freeman,I speak people. I speak machines. ⛉ SysAdmin | InfoSec ⚡︎ Crypto | ₿itcoin,,https://media.licdn.com/dms/image/v2/D4D03AQHCoFdVufqYEw/profile-displayphoto-shrink_400_400/B4DZPqQq2VHcAk-/0/1734802059508?e=1762387200&v=beta&t=dnHbYJVjerVH1c-VnQ8TLVvEFft4QhaZ5nw1bAVEzyA,no,https://www.linkedin.com/in/den-freeman,,,"id,age,chatcontrol,eu,us,uk,privacy,verification,surveillance",,,https://www.linkedin.com/feed/update/urn:li:activity:7358535753901010946,,34,7,73,54,0,1,13,1,4,,1760689348,1760689348,
7381021344416636928,7381021344416636928,"Privacy is not the enemy!

I rarely share something this personal, but I feel I have to.

When I was about 11, I was a victim of child abuse. It’s from lived experience and from intensive therapeutic help with EMDR the last few years.. Basically it took me 34 years to open up; and here we are.

It’s not something to take lightly. And as an infosec guy since 1999, I’ve seen my fair share of sh*t.
 But I feel so so so so strong on opposing this. Every fiber and dna 🧬 is against:

The European “Chat Control” proposal, forcing private messages to be scanned under the banner of fighting child abuse, is not the solution.

Protecting children is sacred. Always will be.
 But mass surveillance of everyone’s conversations is not protection. It’s collective suspicion. It’s an insane show of false positives that I know form experience will hit mostly the innocent; and will hit them hard. 

If this becomes law, it means every private message could be scanned.
 It means encryption, the thing that protects whistleblowers, journalists, and yes, victims, is broken.

No algorithm would have stopped my abuser. Ever.

In my experience these are very intelligent and narcissistic people, rolling a very high game.
 They know how to hide. They know how to manipulate and are masters in doing so. They don’t get caught by pattern matching or keyword scanning.

What does stop them is awareness, social support, early intervention, and strong enforcement.

It’s, for me, insane how people react. It’s a taboo. 
 A society that allows 20.000 men in the Netherlands alone to travel and pay €13 to abuse a child.
 And it’s a taboo. Let’s not talk about Bruno; that’s scary and uncomfortable. Sick. 🤢 

That needs to change. Society needs to change.

Not destroying the last piece of digital privacy we still have.

Europe should lead in protecting rights, not erasing them. Accurate as #hell at the moment. Just saying. 
 You cannot protect freedom by dismantling it.

Privacy protects the vulnerable. Surveillance empowers the abusers.

It’s that f***ing simple people.

Against (so; good): 
Minister-president Dick Schoof #netherlands
Signal Messenger  
#germany etc. 

For (bad); 
🇩🇰 #Denmark, 🇫🇷 #France, 🇪🇸 #Spain, 🇭🇺 #Hungary, 🇮🇪 #Ireland. Do the right thing: Vote against. 

#ChatControl #CSAR #Privacy #Encryption #EU #HumanRights #Cybersecurity #DigitalFreedom #insanity #CSAM <- bah, 🤢 but I need to",2025-10-17 08:22:31,2025-10-17 08:22:31,1u,no,in/angerman,Henk-Jan Angerman,"CVO, Ethical Hacker, Threat Intelligence Analyst bij SECWATCH B.V.",,https://media.licdn.com/dms/image/v2/D4E03AQF7XBBKG-i2dQ/profile-displayphoto-shrink_100_100/profile-displayphoto-shrink_100_100/0/1666619806254?e=1762387200&v=beta&t=GzI_IYx2AuUZbuIrX1O40a3wFk5swsUzwRVP97Uc4rI,no,https://www.linkedin.com/in/angerman,,,"hell,netherlands,germany,denmark,france,spain,hungary,ireland,chatcontrol,csar,privacy,encryption,eu,humanrights,cybersecurity,digitalfreedom,insanity,csam",,,https://www.linkedin.com/feed/update/urn:li:activity:7381021344416636928,,52,14,160,48,24,3,0,85,0,,1760689351,1760689351,
7123596990344486914,7123596990344486914,"#OSA #onlinesafetyact helpful timeline from Ofcom's post https://lnkd.in/d8Qfm_Hf (all copyright Ofcom of course!) plus detailed implementation info is at https://lnkd.in/dHNjThUE

From Ofcom's post, there will be three phases, with the timing driven by requirements of the Act and relevant secondary legislation:

▶Phase one: Illegal content
First consultation on illegal harms – including child sexual abuse material #CSAM, #terrorist content and #fraud – on 9 November 2023. This will contain proposals for how services can comply with the illegal content #safety duties and draft #codesofpractice.

▶Phase two: #Child safety, #pornography, and protecting women and girls
First consultation, due in December 2023, will set out draft guidance for services that host pornographic content. Further consultations relating to the child safety duties under the Act will follow in Spring 2024; draft guidance on protecting women and girls by Spring 2025.

▶Phase three: Additional duties for categorised services
These duties – including to publish #transparency reports and to deploy user empowerment measures – apply to service which meet certain criteria related to their number of users or #highrisk features of their service. Ofcom advice to the Secretary of State regarding categorisation, and draft guidance on approach to transparency reporting, in Spring 2024.

What about #categories? Subject to the introduction of secondary legislation setting the thresholds for categorisation (i.e. remember it's the Secretary of State who decides on thresholds), Ofcom expects to publish a register of categorised services by the END of 2024.

Further proposals, including a draft code of practice on fraudulent #advertising and #transparency notices will follow in early and mid-2025 respectively, with FINAL codes and guidance published around end 2025.

Still, it's best to start preparing ASAP - 2025 isn't that far off when many changes will be needed including to #policies/ #processes, #technical as well as #organisational, plus changes to #terms and #riskassessments.

Not to mention, the need to consider how best to comply with BOTH the OSA AND the #EU #Digitalservicesact #DSA in a practicable way, for those who are caught by both laws!

#onlinesafety #children",2025-10-17 08:22:31,2025-10-17 08:22:31,1år,no,in/wkhon,Dr W Kuan Hon,"Of Counsel, Dentons; Member, DIFC Regulation 10 Advisory Committee; Editor, Encyclopedia of Data Protection & Privacy. All views personal only.",,https://media.licdn.com/dms/image/v2/C4D03AQHmdlU_pQaYaw/profile-displayphoto-shrink_100_100/profile-displayphoto-shrink_100_100/0/1517405493488?e=1762387200&v=beta&t=mCun1lJcYjlKS0yspRz6s9SospJ-32ml26UrDJS1rhQ,no,https://www.linkedin.com/in/wkhon,,,"osa,onlinesafetyact,csam,terrorist,fraud,safety,codesofpractice,child,pornography,transparency,highrisk,categories,advertising,transparency,policies,processes,technical,organisational,terms,riskassessments,eu,digitalservicesact,dsa,onlinesafety,children",,,https://www.linkedin.com/feed/update/urn:li:activity:7123596990344486914,,0,2,9,9,0,0,0,0,0,,1760689351,1760689351,
7375144209571397632,7375144209571397632,The latest issue just dropped.... Spread the word!,2025-10-17 08:22:31,2025-10-17 08:22:31,3u,no,in/mishasobolev,Misha Sobolev,"With Aphinia, I connect cybersecurity superheroes with each other: aphinia.com/#signup_form",,https://media.licdn.com/dms/image/v2/D4E03AQFR0tqrSKXzow/profile-displayphoto-shrink_100_100/profile-displayphoto-shrink_100_100/0/1679955211931?e=1762387200&v=beta&t=7RjtI2U7iZGSRSEf0nh2Ad4cFLzL6sTIzBMPcUdo8D0,no,https://www.linkedin.com/in/mishasobolev,,,,https://media.licdn.com/dms/image/v2/D4E12AQGdwsOuQnJPdQ/article-cover_image-shrink_600_2000/B4EZljIHAnGcAQ-/0/1758304695105?e=1762387200&v=beta&t=uJfbbr-vW66OyQf_qSvEbsG8CHw5wMfKg07yJt5Ziw0,,https://www.linkedin.com/feed/update/urn:li:activity:7375144209571397632,https://www.linkedin.com/pulse/aphinia-weekly-cyber-news-misha-sobolev-jreae?trackingId=8C%2F9kaVSQMOIesd45TkJ4A%3D%3D,0,0,2,2,0,0,0,0,0,,1760689351,1760689351,
7192091755637276672,7192091755637276672,"AI Daily Digest - Today's Strategic Insights

Here are some of the AI headlines that caught our attention on May 2, 2024.

▶ Universal Signs TikTok Deal to Bring Artists Back on Platform: TikTok and Universal Music Group (UMG) have resolved their differences and signed a new deal allowing UMG artists like Olivia Rodrigo and Drake to return to TikTok. The dispute began over issues like AI-generated music and artist compensation. The new agreement includes better compensation for artists, the removal of unauthorized AI-made content, and provisions to protect human artistry and economics in the music industry.

▶ Microsoft Bans US Police from Using AI for Facial Recognition: Microsoft has updated its terms of service to explicitly ban U.S. police departments from using its Azure OpenAI Service for facial recognition purposes. This policy extends to mobile cameras and aims to prevent misuse in uncontrolled environments. The ban reflects ongoing concerns about racial bias and potential misuse of AI technology in law enforcement.

▶ Lamini Raises $25 Million for AI Platform Geared Towards Enterprises: Lamini, a Palo Alto-based startup, has raised $25 million to develop a generative AI platform for enterprises. The platform focuses on high accuracy, scalability, and security, including operating in air-gapped environments. Co-founders Sharon Zhou and Greg Diamos emphasize enterprise-specific solutions, such as ""memory tuning,"" to enhance AI precision and reduce errors in AI-generated content.

▶ EU Plan for Messaging App Scans Risks Privacy and Security: The European Union's proposal to mandate scanning of private messages for child sexual abuse material (CSAM) and grooming activities on messaging platforms is facing significant criticism. Security and privacy experts warn that the plan could lead to millions of false positives and undermine end-to-end encryption, posing threats to user privacy and internet security. The proposal is controversial, with experts arguing it could have broad negative impacts on democratic processes and internet freedom.

#AIfuture #AIadvancement #AIandBusiness #wsiAI #AIforEveryone",2025-10-17 08:22:33,2025-10-17 08:22:33,1år,no,company/wsi-digital-marketing-services/posts,WSI Digital Consulting Services,1.394 følgere,,,no,https://www.linkedin.com/company/wsi-digital-marketing-services/posts,,,"aifuture,aiadvancement,aiandbusiness,wsiai,aiforeveryone",,,https://www.linkedin.com/feed/update/urn:li:activity:7192091755637276672,,0,0,0,0,0,0,0,0,0,,1760689353,1760689353,
7193459354182823936,7193459354182823936,"🌟 Staying Ahead in the AI World: Daily Top 5 News 🌟
As AI enthusiasts, we know that keeping up with the rapid advancements in artificial intelligence can be quite the challenge. The field evolves at lightning speed, and missing out on crucial updates can feel like falling behind in a marathon.
That’s why I’ve initiated a daily routine – a quest to curate the top 5 AI news stories from around the globe. 🌎🤖 These carefully selected updates cover breakthroughs, industry trends, and thought-provoking insights. 

By sharing them with you – my esteemed colleagues, fellow enthusiasts, and LinkedIn network – I hope to foster a community of informed professionals who can navigate the AI mad rush together.

Today's Top 5 in AI.Today:

1. IBM Blog highlighted the most important AI trends for 2024, emphasizing the evolution of generative AI and its integration into everyday life. Key trends include multimodal AI, smaller language models, open source advancements, and the increasing accessibility of model optimization1.

2. TechCrunch reported on various AI developments, including the rebranding of Amazon’s AI-powered assistive coding tool CodeWhisperer to Q Developer, and the expansion of its functions. Other news covered the EU’s encryption-breaking CSAM scanning proposal and Google’s new generative AI platform, Gemini2.

3. Unite.AI shared predictions for AI in 2024, mentioning Microsoft’s announcement of an AI assistant for Windows 11 and NVIDIA’s market cap reaching $1 trillion due to the AI boom. It also discussed significant developments on the EU AI Act by the European Parliament3.

4. Microsoft announced its latest innovations for securing and governing AI at the RSA Conference 2024. This includes the generative AI solution for cyber defenders: Microsoft Copilot for Security4.

5. The Financial Express discussed three major changes AI will bring in 2024, focusing on the commercialization of AI, enterprises crafting substantive AI strategies, and the importance of regulatory compliance and new risks5.
These articles provide a glimpse into the current state and future prospects of AI technology globally.

Note: Don't hesitate to point out if you think there's any news which should have made to the top 5!",2025-10-17 08:22:33,2025-10-17 08:22:33,1år,no,in/amitmitra,Amit M.,"Built 2 AI Platforms | AI, Innovation & Startups Leader | Director Consulting at CGI | APAC Financial Services Delivery Center",,https://media.licdn.com/dms/image/v2/D5603AQHknyUohwOsyQ/profile-displayphoto-scale_200_200/B56Zm5jKF3I8AY-/0/1759754627160?e=1762387200&v=beta&t=BJYd7Hw8aKYXe4lhSbQfoyZqvoqbjc6xzzBfk0BH66g,no,https://www.linkedin.com/in/amitmitra,,,,,,https://www.linkedin.com/feed/update/urn:li:activity:7193459354182823936,,0,0,2,2,0,0,0,0,0,"Nye indlæg i Computer Vision,Generative AI,Edge Computing,Fine-tune Multimodal LLMs,Robotics,IoT,AR/VR,Medical",1760689353,1760689353,
7335678803613999106,7335678803613999106,"France has suggested that the European Commission put forward a new text to replace its controversial proposal for preventing and combating online child sexual abuse material, or CSAM, MLex has learned.

The suggestion, made during a recent meeting of EU member states, reflects growing frustration with the prolonged deadlock in negotiations, as governments remain divided over key provisions.

The European Commission, which proposes laws in the EU, has resisted the push, warning that restarting the legislative process would lead to unacceptable delays, MLex understands.

According to the meeting minutes, Poland currently has no plans to return the file to the working group level, where national experts handle technical details. Instead, discussions will continue under the upcoming Danish presidency, MLex has learned.

More below:

https://lnkd.in/dZDCcPcg",2025-10-17 08:22:33,2025-10-17 08:22:33,4md.,no,in/julia-tar,Júlia Tar,Data Privacy and Security Reporter at MLex,,,no,https://www.linkedin.com/in/julia-tar,,,,,,https://www.linkedin.com/feed/update/urn:li:activity:7335678803613999106,,0,1,23,22,0,0,0,0,1,,1760689353,1760689353,
7178692637212725248,7178692637212725248,"Are you up to date with the groundbreaking strides in child protection online?

The European Commission has initiated a proposal to recast the child sexual abuse material (CSAM) Directive and reshape how we safeguard children. The updated draft of the CSAM directive will require member states to implement preventative measures, from stricter penalties for perpetrators to enhanced victim support. 

What else will change if this proposal is approved?

🔸The EU Centre will play a key role in facilitating dialogue among stakeholders and standardising data collection for evidence-based policy.
🔸Definitions of CSAM will be broadened to include emerging digital challenges such as AI-generated content 
🔸By establishing a firm legal basis for hotlines' cooperation across the EU, this proposal will enhance cross-border collaboration.

Do you want to learn more about the impact of the CSAM recast directive? Dive deeper into the article👉 https://bit.ly/3PDBiFd

#ChildProtection #CSAMDirective #OnlineSafety #EUInitiative #FightCSAM #INHOPE",2025-10-17 08:22:35,2025-10-17 08:22:35,1år,no,company/inhope/posts,INHOPE,8.336 følgere,,,no,https://www.linkedin.com/company/inhope/posts,,,"childprotection,csamdirective,onlinesafety,euinitiative,fightcsam,inhope",,,https://www.linkedin.com/feed/update/urn:li:activity:7178692637212725248,,0,2,20,16,0,0,0,4,0,,1760689355,1760689355,
7380969464072364032,7380969464072364032,"🚨Kinderpornografie (CSAM) muss rigoros und wirkungsvoll bekämpft werden! Die vorgeschlagene ""EU Chatkontrolle-Gesetzgebung"" (CSAR) ist jedoch nicht der richtige Weg und darf nicht beschlossen werden. Denn Experten sind sich einig:
- Eingriffe in die Privatsphäre untergraben europäische Werte und Rechte
- Generalverdacht und Überwachung sind demokratiefeindlich und unterminieren Vertrauen
- Verschlüsselungstechnologien zu untergraben öffnet Kriminalität Tür und Tor
- der Kampf gegen CSAM als eigentliches Ziel wird damit verfehlt
🎯 Hier gibt es ausführliche Ressourcen inklusive wiss. Studien, Expertenanalysen etc. und kann Abgeordneten geschrieben werden:
https://lnkd.in/gjwd4N-n

Guy Fagan hat folgende konstruktiven Vorschläge:
Balancing Act: Real Solutions Without Surveillance
A few thoughts on how we might thread the needle:
- Targeted enforcement, not blanket scanning: Law enforcement should continue court-authorised access, not an all-encompassing search.
- Focus on education, prevention, and platform moderation, not device-level surveillance.
- Robust oversight and transparency: Any regulation must include audits and legal safeguards, ensuring surveillance doesn’t expand unchecked.
- Independent research and pilot programs to measure accuracy and side effects before scaling.",2025-10-17 08:22:35,2025-10-17 08:22:35,1u,no,in/christoph-nick-zum-staunen,Christoph Nick,Wissen bewegt.,,https://media.licdn.com/dms/image/v2/D4E03AQGR5oUyJK0N5w/profile-displayphoto-shrink_100_100/B4EZRAViVcHgAY-/0/1736246175509?e=1762387200&v=beta&t=PlPS1qIBJcLqaO6PeDz4cls1zqRlP_lXe8X2Dfx7MK4,no,https://www.linkedin.com/in/christoph-nick-zum-staunen,,,,,,https://www.linkedin.com/feed/update/urn:li:activity:7380969464072364032,,2,0,0,0,0,0,0,0,0,,1760689355,1760689355,
7384841891349184513,7384841891349184513,"Back from Serbia after inspiring days with Eurochild's members across the Balkans. We attended the conference on “Protection of Children in the Digital Sphere” under TOMAS - Towards UniFOrMed Legislation Against CSAM.

TOMAS is a regional civil-society partnership led by the Centre for Missing and Exploited Children (CNZD, Serbia), in collaboration with Eurochild and the Centre for Child Rights Albania and First Children’s Embassy in the World – Megjashi (North Macedonia). It supports Western Balkan countries in aligning their national laws with the EU proposal to prevent and combat child sexual abuse, enhance cross-border cooperation, and build capacity for prevention, reporting, and victim support to ensure the region does not become a hub for CSAM or grooming.

It was also a pleasure to visit CNZD in Novi Sad to exchange on a wide range of challenges for children, including digital safety, mental health and child-friendly justice.",2025-10-17 08:22:35,2025-10-17 08:22:35,1t,no,in/francescapisanu1,Francesca Pisanu,EU Advocacy Officer at Eurochild. Views are my own.,,https://media.licdn.com/dms/image/v2/D4E03AQFFjF7VmpF1tQ/profile-displayphoto-shrink_100_100/profile-displayphoto-shrink_100_100/0/1730205696680?e=1762387200&v=beta&t=by2YXCm4xQY9EUbNiKCnfCHDaN1P47lXXZjpY5ObAh0,no,https://www.linkedin.com/in/francescapisanu1,,,,,,https://www.linkedin.com/feed/update/urn:li:activity:7384841891349184513,,1,2,14,11,3,0,0,0,0,,1760689355,1760689355,
7193459192928636929,7193459192928636929,"🌟 Staying Ahead in the AI World: Daily Top 5 News 🌟
As AI enthusiasts, we know that keeping up with the rapid advancements in artificial intelligence can be quite the challenge. The field evolves at lightning speed, and missing out on crucial updates can feel like falling behind in a marathon.
That’s why I’ve initiated a daily routine – a quest to curate the top 5 AI news stories from around the globe. 🌎🤖 These carefully selected updates cover breakthroughs, industry trends, and thought-provoking insights. 

By sharing them with you – my esteemed colleagues, fellow enthusiasts, and LinkedIn network – I hope to foster a community of informed professionals who can navigate the AI mad rush together.

Today's Top 5 in AI.Today:

1. IBM Blog highlighted the most important AI trends for 2024, emphasizing the evolution of generative AI and its integration into everyday life. Key trends include multimodal AI, smaller language models, open source advancements, and the increasing accessibility of model optimization1.

2. TechCrunch reported on various AI developments, including the rebranding of Amazon’s AI-powered assistive coding tool CodeWhisperer to Q Developer, and the expansion of its functions. Other news covered the EU’s encryption-breaking CSAM scanning proposal and Google’s new generative AI platform, Gemini2.

3. Unite.AI shared predictions for AI in 2024, mentioning Microsoft’s announcement of an AI assistant for Windows 11 and NVIDIA’s market cap reaching $1 trillion due to the AI boom. It also discussed significant developments on the EU AI Act by the European Parliament3.

4. Microsoft announced its latest innovations for securing and governing AI at the RSA Conference 2024. This includes the generative AI solution for cyber defenders: Microsoft Copilot for Security4.

5. The Financial Express discussed three major changes AI will bring in 2024, focusing on the commercialization of AI, enterprises crafting substantive AI strategies, and the importance of regulatory compliance and new risks5.
These articles provide a glimpse into the current state and future prospects of AI technology globally.

Note: Don't hesitate to point out if you think there's any news which should have made to the top 5!",2025-10-17 08:22:38,2025-10-17 08:22:38,1år,no,in/amitmitra,Amit M.,"Built 2 AI Platforms | AI, Innovation & Startups Leader | Director Consulting at CGI | APAC Financial Services Delivery Center",,https://media.licdn.com/dms/image/v2/D5603AQHknyUohwOsyQ/profile-displayphoto-scale_200_200/B56Zm5jKF3I8AY-/0/1759754627160?e=1762387200&v=beta&t=BJYd7Hw8aKYXe4lhSbQfoyZqvoqbjc6xzzBfk0BH66g,no,https://www.linkedin.com/in/amitmitra,,,,,,https://www.linkedin.com/feed/update/urn:li:activity:7193459192928636929,,0,0,13,13,0,0,0,0,0,,1760689358,1760689358,
7381618964902338560,7381618964902338560,"🔒 𝐍𝐨 𝐭𝐨 𝐂𝐡𝐚𝐭 𝐂𝐨𝐧𝐭𝐫𝐨𝐥 – 𝐘𝐞𝐬 𝐭𝐨 𝐑𝐞𝐚𝐥 𝐂𝐡𝐢𝐥𝐝 𝐏𝐫𝐨𝐭𝐞𝐜𝐭𝐢𝐨𝐧

 eco Association urges the German government and EU Member States to reject the current CSAM Regulation proposal ahead of the Justice and Home Affairs Council meeting on 14 October.

The draft allows scanning of private, end-to-end encrypted messages – and introduces a “consent solution” that forces users to choose between functionality and privacy.

📣 Klaus Landefeld, eco Board Member:
“An infrastructure for indiscriminate mass surveillance does not help victims – it only endangers the safety of everyone.”

eco outlines 5 clear demands:

1-Reject blanket scanning of private messages
2-Protect strong encryption – no backdoors
3-Strengthen existing deletion and reporting systems
4-Focus on prevention, investigation & education
5-Avoid burdens that hurt SMEs and innovation

👉 Full statement: https://lnkd.in/ewpfZkvh

#Encryption #DigitalPolicy #CSAM #Privacy #Cybersecurity #ecoAssociation #ChildProtection",2025-10-17 08:22:38,2025-10-17 08:22:38,1u,no,showcase/eco-association/posts,eco – Association of the Internet Industry,2.789 følgere,,,no,https://www.linkedin.com/showcase/eco-association/posts,,,"encryption,digitalpolicy,csam,privacy,cybersecurity,ecoassociation,childprotection",,,https://www.linkedin.com/feed/update/urn:li:activity:7381618964902338560,,0,1,4,4,0,0,0,0,0,,1760689358,1760689358,
6790995428503535616,6790995428503535616,"There we go with another commentary, at this time about the intersection between the European proposed AI regulation and the highly polemic temporary derogation of the E-Privacy Directive regarding CSAM detection technology. 

In terms of CSAM matter, this new proposal meets a series of interesting points:

(1) It mentions the databases, but excludes online spaces (see critical commentary)
(2) It mentions AI Innovation, what was exactly one of the points with the previous E-Privacy derogation proposal.  

With a law background and an absolute passion for this topic, I could not have let this unwritten. 

Good read",2025-10-17 08:22:38,2025-10-17 08:22:38,4år,no,in/caro1721,carolina C.,Building a digital world free of child sexual exploitation - CSAM Threat Intelligence Researcher 🤳🦾,,,no,https://www.linkedin.com/in/caro1721,,,,https://media.licdn.com/dms/image/v2/C4E12AQH3hNoInbDPeA/article-cover_image-shrink_600_2000/article-cover_image-shrink_600_2000/0/1619099128691?e=1762387200&v=beta&t=PvSCUUJa1FNTC4Q7mSF0BsKKFnUbWPj6FjFrrrJagqs,,https://www.linkedin.com/feed/update/urn:li:activity:6790995428503535616,https://www.linkedin.com/pulse/legal-point-view-how-eu-proposed-ai-regulation-csam-christofoletti?trackingId=L0TpDcDVSqCsGk71sx22mQ%3D%3D,0,2,10,9,1,0,0,0,0,,1760689358,1760689358,
7358607674013315072,7358607674013315072,"I emailed italian politicians about the EU's ""ChatControl"" proposal. Here I include email addresses and templates (in Italian) for my fellow Italians who want to help.

https://lnkd.in/d-weqDMr

#eu #CSA #CSAM #ChatControl #privacy #security #surveillance #authoritarianism #crypto #cryptography #civilrights",2025-10-17 08:22:41,2025-10-17 08:22:41,2md.,no,in/tommasogagliardoni,Tommaso Gagliardoni,Cryptographer and Cybersecurity Expert,,https://media.licdn.com/dms/image/v2/C5603AQE2jxW6WKnLVA/profile-displayphoto-shrink_100_100/profile-displayphoto-shrink_100_100/0/1531059755013?e=1762387200&v=beta&t=opnEZyt9rG6B6Ww8H7dVo_DdP3V-qTVVhrUuYfOYc4s,no,https://www.linkedin.com/in/tommasogagliardoni,,,"eu,csa,csam,chatcontrol,privacy,security,surveillance,authoritarianism,crypto,cryptography,civilrights",,,https://www.linkedin.com/feed/update/urn:li:activity:7358607674013315072,,1,2,13,11,0,1,0,1,0,,1760689361,1760689361,
7253355297556107264,7253355297556107264,"To anyone willing to listen to my ramblings, I have always said that the EU's CSAM proposal would always come down to a legal debate over its proportionality. In fact, I made this very argument on a panel at last year's #CPDP, much to the chagrin of some audience members. Yet, a couple of weeks ago, the Dutch Parliament passed a resolution against the European Union's CSAM scanning proposal, expressing concerns about the regulation's proportionality, meaning the proposal was temporarily shelved. The resolution highlights issues related to the infringement of encrypted chat traffic and criminal obligations, emphasising irreconcilable concerns about privacy and security. https://lnkd.in/eqeUtCHF

This, along with Jessica Shurson's argument that in Podchasov v Russia, the ECtHR established a European right to end-to-end encryption and Dr. Sabine K. Witting and my argument that the Proposal was actually incompatible with current EU law. https://lnkd.in/exYgC5zU

Dr. Witting and I, along with many others, will speak on a panel hosted by the Internet Society on Oct. 21 at 2:30 p.m. UTC to celebrate #GlobalEncryptionDay and discuss legal issues surrounding this critical debate.

Read more about our work here https://lnkd.in/euwivzs6",2025-10-17 08:22:41,2025-10-17 08:22:41,11md.,no,in/dr-m-r-mark-leiser-672b94238,Dr M.R. (Mark) Leiser,"AI, Digital, Legal, and Platform Regulation. Expert Witness for AI, dark patterns, and Deceptive Design. ""Angel wearing a hoodie""",,https://media.licdn.com/dms/image/v2/D5603AQG3yrftLASelw/profile-displayphoto-shrink_100_100/profile-displayphoto-shrink_100_100/0/1697315423701?e=1762387200&v=beta&t=Rm0jdKy7arpiTjbswqqEvqcM0YnAZqzxMgUmqhnRdsQ,no,https://www.linkedin.com/in/dr-m-r-mark-leiser-672b94238,,,"cpdp,globalencryptionday",,,https://www.linkedin.com/feed/update/urn:li:activity:7253355297556107264,https://berthub.eu/tkconv/document.html?nummer=2024D37580,3,3,40,36,0,3,0,0,1,,1760689361,1760689361,
6925077038902976513,6925077038902976513,"In 2020 the European Union committed to a new EU strategy for more effective legislation against online child sexual abuse with a 2020 – 2025 period framework. What is the situation after two years?  

The European Commission is about to publish its proposal for new legislation to protect children from sexual exploitation, specifically addressing the issue of online child sexual abuse material (CSAM). According to the Internet Watch Foundation (IWF), the EU was the largest host of online child sexual abuse material in 2019. 

ECPAT urges the European Union to take a step forward and put in place, next to a solid European strategy for child protection online, the European Centre for prevention and immediate coordination to end online child sexual abuse crimes.  

ECPAT calls on the European Commission to propose a holistic mandate for the new European Centre to prevent and respond to child sexual abuse. A mandate to work globally, across sectors, and that moves the needle on the prevention in the EU. 

👉 Read more below on our #WhyDoesItMatter article series!  


#ECPAT #ProjectBeacon #ChildSexualExploitation #ChildSexualAbuse #ChildProtection #ProtectChildren #ChildSafety #ChildSexualAbuseMaterial #CSAM #OnlinePrivacy",2025-10-17 08:22:41,2025-10-17 08:22:41,3år,no,company/ecpat-international/posts,ECPAT International,24.494 følgere,,,no,https://www.linkedin.com/company/ecpat-international/posts,,,"whydoesitmatter,ecpat,projectbeacon,childsexualexploitation,childsexualabuse,childprotection,protectchildren,childsafety,childsexualabusematerial,csam,onlineprivacy",https://media.licdn.com/dms/image/v2/C4D12AQFggkoozJYPuw/article-cover_image-shrink_600_2000/article-cover_image-shrink_600_2000/0/1651066899298?e=1762387200&v=beta&t=ZG2UBrQC1ad855z06j0TVUvM9RrVsSoDMex0Ww9LI7g,,https://www.linkedin.com/feed/update/urn:li:activity:6925077038902976513,https://www.linkedin.com/pulse/ecpat-why-does-matter-series-creation-eu-centre-child-?trackingId=l%2BW51u4BT8qhdDm6k6PNnQ%3D%3D,0,8,49,49,0,0,0,0,0,,1760689361,1760689361,
7112452695633850368,7112452695633850368,"UCD Centre for Cybersecurity & Cybercrime Investigation firmly supports the adoption of the proposed new EU regulation to combat child sexual abuse online. 
#ucdcci #cybersafekids #ChildProtection #EURegulation #cybercrime #csam #cybersecurity",2025-10-17 08:22:42,2025-10-17 08:22:42,2år,no,showcase/ucd-centre-for-cybersecurity-&-cybercrime-investigation/posts,UCD Centre for Cybersecurity & Cybercrime Investigation,2.876 følgere,,,no,https://www.linkedin.com/showcase/ucd-centre-for-cybersecurity-&-cybercrime-investigation/posts,,,"ucdcci,cybersafekids,childprotection,euregulation,cybercrime,csam,cybersecurity",https://media.licdn.com/dms/image/v2/D4E12AQH4orgMRCw0Cg/article-cover_image-shrink_600_2000/article-cover_image-shrink_600_2000/0/1695740378156?e=1762387200&v=beta&t=ZdZG_liaabBOo1NQjp9v6EWKU02LZcAhNKuFK07ASrM,,https://www.linkedin.com/feed/update/urn:li:activity:7112452695633850368,https://www.linkedin.com/pulse/we-support-proposed-regulation-prevent?trackingId=evD0LXksSz6NAUMxBFdUbQ%3D%3D,0,17,34,30,0,2,0,1,1,,1760689362,1760689362,
6925185807800500225,6925185807800500225,"Hi network! 

For the question ""if EU or U.S. is the biggest CSAM hoster"", the best answer would maybe be ""we have no idea about it"". We do not have any idea of what duplicates are or how long the file has stayed there. 

We could have had but.

Since the current numbers provide no qualitative insight about what is actually going on and where to 'new' (yet not seen) CSAM files are going, the path forward remains also unclear: 

What is really expected for the U.S. - the screening of all file hosters under their jurisdiction because all those CSAM files are something 'they could have seen with a NCMEC plug' or that they start taking the 'new files' indicators finally seriously, because the flood knows no current hash controls? 

We do not know. Alright, NCMEC, IWF and other CSAM hotlines are part of the INHOPE Alliance, which means that hashes are being usually shared. It doesn’t mean they are being analysed - and that is the heart of the story here. 

How hard would have been for an English man to host this very file seen by Big Techs in Rio de Janeiro, where it was also seen? Maybe, the page isn't even in English, payments are only done in reais and through a Brazilian Bank - and the best hypothesis is that this file was downloaded?

On the other hand, if a CSAM file A was only seen in a one-to-one conversation inside Instagram, what the probabilities are that who uploaded it to the Rio de Janeiro server was User A, someone who might have done it easily and an IP Big Techs have? 

This is the heart of Dark Web attribution. Finally. A known attack - correlation, or “I know what you did last summer”.

Amid thousands of reports, where do we go?

Data, we start to see it already - question now is how do we move forward with that, and to start pushing things to a next threat intelligence level.

CSAM Research is not simply a matter of ""awareness raising"". In fact, this is the very difference between research and advocacy. It is a matter of ""what then"". Bad enough, but what now: Seeing the facts, what is the proposal here? 

A few ideas - adding also its practical usability. 

Whoever circulates around this file, tell me where else it circulated and all the possible links. Where is the hub? 

A few lines of code, isn’t it? 

Good read! :) 

#csam #trustandsafety #childsafety #threatintelligence #lawenforcement #research",2025-10-17 08:22:42,2025-10-17 08:22:42,3år,no,in/caro1721,carolina C.,Building a digital world free of child sexual exploitation - CSAM Threat Intelligence Researcher 🤳🦾,,,no,https://www.linkedin.com/in/caro1721,,,"csam,trustandsafety,childsafety,threatintelligence,lawenforcement,research",https://media.licdn.com/dms/image/v2/C4D12AQFcqH8-qMIoAA/article-cover_image-shrink_600_2000/article-cover_image-shrink_600_2000/0/1651092326843?e=1762387200&v=beta&t=Libn0PUG0s0aBUDGVCBEvZUNwj6w9YxL0UA0r-l8GRc,,https://www.linkedin.com/feed/update/urn:li:activity:6925185807800500225,https://www.linkedin.com/pulse/where-have-stakeholders-gone-since-csam-numbers-christofoletti?trackingId=kfCrAPcoRX6qzotMg88tBw%3D%3D,4,4,16,9,0,0,0,1,6,,1760689362,1760689362,
7361832731212754945,7361832731212754945,"After writing to Danish MEPs about the EU's Chat Control proposal, I received this encouraging response from Kira Marie P. (SF - Socialistisk Folkeparti):
""Hej!

Mange tak for din mail, og for at dele din bekymring om EU-Kommissionens Child Sexual Abuse Material-forslag, hvori ""chatkontrol"" er en af værktøjerne.

Lad med starte med at slå fast, at vi mener, at formålet med CSAM er vigtigt: At bekæmpe og forebygge seksuelt misbrug af børn online. 
Vi mener dog samtidig, at metoden i CSAM er problematisk, og vi mener ikke, at løsningen bør indebære masseovervågning.
 
Du har nemlig helt ret i, at forslaget risikerer at have vidtrækkende konsekvenser for vores alles ret til privatliv. Jeg kan også se fra min indbakke, at mange er dybt imod det. 

Det er også baggrunden for, at vi i SF og vores europæiske gruppe, Greens/EFA, har været kritiske hele vejen igennem forhandlingerne, og at vi stemte imod CSAM-forordningen, da det var til afstemning i Europa-Parlamentet.

Uden at være ekspert på loven, så forstår jeg, at processen nu er den, at der er nogle midlertidige foranstaltninger i gang frem til april 2026, og at Kommissionen håber, at man kan lande en endelig aftale inden da. 
Se her for process: https://lnkd.in/deMF85EG og https://lnkd.in/davYyGfs

I den process, vil SFog Greens/EFA fortsat arbejde for, at privatlivsrettigheder bliver beskyttet, og at forordningen rettes markant til. Jeg kan desuden anbefale dig at følge MEP Marketa Gregorova, der forhandler loven pva. Greens/EFA. 

Tak igen for at skrive og for at engagere dig i debatten. Det betyder noget, at borgere holder øje – og siger fra.

De bedste hilsner,
Kira Marie Peter-Hansen
På vegne af SF i Europa-Parlamentet""

I am happy to see that there is opposition within the European Parliament and that our concerns are being not only heard, but also listened to

Thank you Kira Marie Peter-Hansen for standing firm against mass surveillance and for taking the time to engage with concerned citizens. Your commitment to protecting both children and privacy rights is well appreciated.

So everyone should contact your representatives. They are listening.
#ChatControl #DigitalRights #Privacy #EU #Denmark #Democracy",2025-10-17 08:22:42,2025-10-17 08:22:42,2md.,no,in/mark-ebbesen-0a898226,Mark Ebbesen,Senior IT Security Consultant at Bankdata | Co-Founder at Pavise Consulting and Managed Services,,https://media.licdn.com/dms/image/v2/D4E03AQHzYN8Z6EMQ9A/profile-displayphoto-shrink_100_100/profile-displayphoto-shrink_100_100/0/1679859243433?e=1762387200&v=beta&t=LfH5PHMIT4YknQP8-_pehRNZUDnKTUg_8_-l5-9s_4E,no,https://www.linkedin.com/in/mark-ebbesen-0a898226,,,"chatcontrol,digitalrights,privacy,eu,denmark,democracy",,,https://www.linkedin.com/feed/update/urn:li:activity:7361832731212754945,https://www.consilium.europa.eu/en/policies/prevent-child-sexual-abuse-online/,2,0,12,12,0,0,0,0,0,,1760689362,1760689362,
7370537783024640000,7370537783024640000,"I'm excited to share my Advanced LL.M. thesis (8,5 - A - 1:1) ⚖️ 
This is the third thesis I have authored, and it is the one I'm most proud of thus far. The biggest challenge facing my thesis in its research phase was the lack of research done on the deepfake CSAM of real children, the harmonisation of EU criminal law and analysis of the 2022 Regulatin Proposal. There is quite a lot of research on deepfake pornography created of women, such as AI-generated revenge porn and CSAM, purely AI-generated or created by other means of media, such as Hentai. Many argue that creating deepfake CSAM is a victimless crime, as no real-life abuse has occurred and is simply a utilisation of freedom of speech. However, they fail to recognise the abuse which children face once the content is shared online or through sextortion and blackmail. There is very little research on the intersection of real children used for deepfake CSAM and the compliance of social media with the EU legislation on removing such content from their platforms through the DSA and the 2011 Directive, and what the implementation of the 2022 Regulation Proposal will mean for social media compliance in removing deepfake CSAM.

Despite these limitations, it allowed me to conduct independent analysis and draw original conclusions. I aimed for my thesis to contribute to the conversation on the intersectionality between child safety and AI, highlighting EU legislation and procedural blind spots, and broadening the perspective from only EU member states to a global one, learning from non-member states. 

Through writing a few theses, I have become familiar with my research and writing routine (which includes large quantities of coffee). Despite this, it was the quickest thesis I've had to research and write. Balancing an advanced degree, final exams, and being on the Helga Pedersen Moot Court team with Leiden University, I finished the bulk of it in mid-May to the end of June. Although this has been the most hectic year of my academic career, it has taught me how to juggle multiple projects simultaneously, how to adapt to new working methods, and how to achieve excellent results within a tight timeframe. 

I hope you find it a valuable contribution to the critical discussion on harmonisation of EU criminal law, corporate compliance with legislation safeguarding children, lessons from non-EU states, and the need to adapt procedural processes and legislation to ensure adequate child protection. Going forward, I wish to continue focusing on social media companies’ adherence to EU rules and the safety of children in their interactions with emerging technologies.

Happy reading 🤓",2025-10-17 08:22:44,2025-10-17 08:22:44,1md.,no,in/emily-cay-bjurqvist,Emily Cay Bjurqvist,International Law Fellow for IntLaw Consortium l Advanced LL.M. in European & International Human Rights Law l Volunteer for Amnesty International Norway l Public speaker on education abroad and human rights l,,https://media.licdn.com/dms/image/v2/D4D03AQHx9oF2cHqs0A/profile-displayphoto-shrink_400_400/B4DZl66gpoJgAg-/0/1758703784038?e=1762387200&v=beta&t=GfCaoG9ZxYMU0LUWMITj4hnNUKplHg-Sa3THP_KFQNU,no,https://www.linkedin.com/in/emily-cay-bjurqvist,,,,,,https://www.linkedin.com/feed/update/urn:li:activity:7370537783024640000,,1,0,54,35,5,12,0,2,0,,1760689364,1760689364,
7373682701997850624,7373682701997850624,"The EU is debating a law that would require messengers to scan even encrypted chats directly on users’ devices - officially to fight CSAM. 

Sounds good, right? But many cryptographers warn this could undermine end-to-end encryption and pave the way for mass surveillance. 8 member states already oppose the proposal, while services like Tuta Mail are ready to sue or leave the market. 

My take: protecting kids is vital - but once we weaken privacy for “a good cause”, it’s nearly impossible to close that door again.

More details here: https://lnkd.in/d7Bub6Du 

What do you think - is there a way to balance safety and the right to private conversations?",2025-10-17 08:22:44,2025-10-17 08:22:44,1md.,no,in/kristina-halauniova,Kristina Halauniova,Client Engagement Specialist at Innowise Group | Let's make software together! 🚀,,https://media.licdn.com/dms/image/v2/D4D03AQHZY8eW7U5D7Q/profile-displayphoto-shrink_100_100/profile-displayphoto-shrink_100_100/0/1698357795878?e=1762387200&v=beta&t=XIXfOic6aV905UQTep8hrrQpzn_J86bp3NuP_2UVq8Q,no,https://www.linkedin.com/in/kristina-halauniova,,,,,,https://www.linkedin.com/feed/update/urn:li:activity:7373682701997850624,https://www.techradar.com/computing/cyber-security/we-will-not-stand-by-while-the-eu-destroys-encryption-tuta-mail-ready-to-sue-the-eu-over-chat-control,0,0,43,39,0,1,0,1,2,,1760689364,1760689364,
7370375065378664449,7370375065378664449,"InDiCo Global Insight Webinar: GDPR and Privacy, New Tradeoffs?

September 22 @ 4:00 pm - 5:00 pm

Register here:

https://lnkd.in/eEv8n5Pe

GDPR turns ten next year (2026).

Let's discuss 

the changing landscape and its relation to the growing data driven applications and services and AI 

and Denmark’s Presidency initiative on Child Sexual Abuse Material (CSAM) detection—a proposal some argue may conflict with GDPR principles (e.g., data minimisation, lawful processing, necessity/proportionality, fairness and transparency; see the EU “Chat Control” proposal, Aug 2025).

See:
https://lnkd.in/egKPwVka
https://lnkd.in/eR2UZ8TT

https://lnkd.in/eEv8n5Pe

Jaap-Henk Hoepman Bart Preneel Antonio Vieira Santos Dr. Gilad Rosner ETSI CEN and CENELEC Sarah Spiekermann Andrea Servida Gérald Santucci Dan Caprio Denis Roio Evan Kirstel Gerard van der Hoeven Melanie Rieback Lorna Goulden Kai Michael Hermsen Teemu Ropponen Bernard Benhamou Dr. Carsten Stöcker European Cyber Security Organisation (ECSO) Harm Jan Arendshorst DataPrivacy CMO Kohei Kurihara Bart Groothuis Kim van Sparrentak Tomaž Vidonja",2025-10-17 08:22:44,2025-10-17 08:22:44,1md.,no,in/robvankranenburg,Rob van Kranenburg,Senior Policy and Communication Expert at Martel Innovate,,https://media.licdn.com/dms/image/v2/D4E03AQGRB3CQfPqqWg/profile-displayphoto-shrink_200_200/B4EZSNWAh5GcAc-/0/1737538145125?e=1762387200&v=beta&t=Hk1Dt2XplRsgdZNSn9IJb0MnGBdUnmYQxNer1AVfOKE,no,https://www.linkedin.com/in/robvankranenburg,,,,,,https://www.linkedin.com/feed/update/urn:li:activity:7370375065378664449,https://indico-global.eu/event/indico-global-insight-webinar-gdpr-and-privacy-new-tradeoffs/,0,2,4,4,0,0,0,0,0,,1760689364,1760689364,
7270167514020499456,7270167514020499456,"DON'T MISS IT.

Internet Society Portuguese Chapter 
Next December 11th
18h00 Lisbon-time

""#Cryptography is a critical element of #security in Internet #communications and its defence has been a concern of society and various organizations such as the Internet Society.
The existence of secure and inviolable communications, which is necessary for a socially #free and economically fertile digital space, is confronted with its exploitation by criminal networks and damage to #fundamentalrights.

At the heart of the technical and political discussion is the problem of child sexual abuse content (#CSAM), which has given rise to political proposals (Proposal for an EU REGULATION establishing rules to prevent and combat child sexual abuse) whose implementation introduces, according to many experts, significant technical flaws (Bugs in your pockets) and violates users’ #privacy.
This debate presents this dilemma and reflects on ways to solve it.""",2025-10-17 08:22:47,2025-10-17 08:22:47,10md.,no,in/nuno-t-9b6b3511a,Nuno T.,"Navigating digital law and security complexities. Trusted guidance for the evolving landscape. Bridging legal frameworks and emerging technologies, ensuring reliable digital transformation.",,https://media.licdn.com/dms/image/v2/D4D03AQGUl9w-tf3dxg/profile-displayphoto-shrink_100_100/profile-displayphoto-shrink_100_100/0/1706712867441?e=1762387200&v=beta&t=HTot0DJOAE0hVJMsIwnCsephijL8ueOdtRWrP59i6_M,no,https://www.linkedin.com/in/nuno-t-9b6b3511a,,,"cryptography,security,communications,free,fundamentalrights,csam,privacy",,,https://www.linkedin.com/feed/update/urn:li:activity:7270167514020499456,,1,0,1,1,0,0,0,0,0,,1760689367,1760689367,
6801104923795836928,6801104923795836928,"The British government would published its proposal to regulate online harms including terrorist, illegal, and CSAM material. This bill follows Australia and the European Union's proposals. #eu #australia #uk #ukgovernment #online
#europeanunion #contentmoderation #section230 #unitedkingdom
#onlineharms",2025-10-17 08:22:47,2025-10-17 08:22:47,4år,no,in/michael-kans-48707035,Michael Kans,Counsel,,https://media.licdn.com/dms/image/v2/C4D03AQE0DkV0H63wjQ/profile-displayphoto-shrink_100_100/profile-displayphoto-shrink_100_100/0/1578330072926?e=1762387200&v=beta&t=ZmzWEV8I5SMDVisQGFutXdwUkntRZkSvD8jRR3SP9_w,no,https://www.linkedin.com/in/michael-kans-48707035,,,"eu,australia,uk,ukgovernment,online,europeanunion,contentmoderation,section230,unitedkingdom,onlineharms",https://media.licdn.com/dms/image/v2/C5612AQEoBRZC7VryOQ/article-cover_image-shrink_600_2000/article-cover_image-shrink_600_2000/0/1621509517542?e=1762387200&v=beta&t=5-5V4_hAVWGNqwF5gkqIuXGk4MA-DgA2ZZ-aCo1mTgA,,https://www.linkedin.com/feed/update/urn:li:activity:6801104923795836928,https://www.linkedin.com/pulse/uk-unveils-online-safety-bill-michael-kans?trackingId=9OOl4cI3TOiRtP6ZwtB%2FVA%3D%3D,0,0,1,1,0,0,0,0,0,,1760689367,1760689367,
7353164861230477312,7353164861230477312,"I’m proud to share that my Advanced LL.M. thesis in International & European Human Rights Law recieved a 8.5 (A-1:1)!

Having been inspired by my work on youths freedom of speech online with Amnesty International Norway, my thesis explored social media companies obligations in removing and hindering the dissemination of deepfake child sexual abuse material generated by AI software. I explored the EU’s legislative authority in regulating criminal law, the harmonization of EU criminal law, conducting a doctrinal analysis of the Digital Services Act, the 2022 Regulation Proposal on Child Sexual Abuse, and reflected on both the 2011 Directive on combating child sexual abuse and the 2024 Proposal for a new Directive - all crucial in shaping the regulatory framework for this issue. I concluded that although we are moving in the right direction, there in insufficient protection of children online from deepfake CSAM being generate if the 2022 Regulation Proposal is not adopted in a timely manor to combat the evolving technology. 

This research not only deepened my understanding of the EU’s legislative mechanisms but also broadened my insight into the evolving landscape of child sexual abuse material, especially in the context of AI and deepfake technologies.

A heartfelt thank you to my incredible supervisor, Simona Demková, for your invaluable guidance and support throughout this journey. It’s been a privilege to work with you!",2025-10-17 08:22:47,2025-10-17 08:22:47,2md.,no,in/emily-cay-bjurqvist,Emily Cay Bjurqvist,International Law Fellow for IntLaw Consortium l Advanced LL.M. in European & International Human Rights Law l Volunteer for Amnesty International Norway l Public speaker on education abroad and human rights l,,https://media.licdn.com/dms/image/v2/D4D03AQHx9oF2cHqs0A/profile-displayphoto-shrink_400_400/B4DZl66gpoJgAg-/0/1758703784038?e=1762387200&v=beta&t=GfCaoG9ZxYMU0LUWMITj4hnNUKplHg-Sa3THP_KFQNU,no,https://www.linkedin.com/in/emily-cay-bjurqvist,,,,,,https://www.linkedin.com/feed/update/urn:li:activity:7353164861230477312,,29,0,113,75,11,24,0,2,1,,1760689367,1760689367,
7330202141036331008,7330202141036331008,"🌟 What an incredible week it has been at the Privacy Symposium in Venice! Meeting with my fabulous business partner Emma Day and spending our days listening to in-depth technical discussions on privacy and data protection and discussing the importance of centring human rights in this discourse, made the 20h trip from Zimbabwe certainly worth it!

💭 A highlight of the trip was my participation in the panel ‘Fighting child sexual abuse material and impact on privacy’, together with Robin Wilton from ISOC and Hans Graux from Timelex. The panel focused on the draft EU CSAM Regulation and its legal, technological and societal challenges. 

🧭 In our discussion, I highlighted the need to consider the impact of the proposal on the functionality and effectiveness of the broader child protection system, and stressed that an increased number of detected images of potentially illegal content does in no way equal the same number of rescued children. To effectively address the issue of technology-facilitated child sexual abuse material, we need to heavily invest in the child protection system and move away from the technosolutionism of the draft Regulation. Further, I highlighted the serious concerns the draft Regulation raises in the context of existing EU law (DSA, e-Commerce Directive, e-Privacy Directive) and its incompatibility with the EU Charter.

Tech Legality is looking forward to continuing these important discussions at the Privacy Symposium 2026!",2025-10-17 08:22:51,2025-10-17 08:22:51,4md.,no,in/dr-sabine-k-witting-724a1bb9,Dr. Sabine K. Witting,CEO Africa and Europe @ Tech Legality | Assistant Professor Law and Digital Technologies @ Leiden University | Non-resident Fellow @ Center for Democracy and Technology (CDT) | Member of CDT Europe Advisory Council,,,no,https://www.linkedin.com/in/dr-sabine-k-witting-724a1bb9,,,,,,https://www.linkedin.com/feed/update/urn:li:activity:7330202141036331008,,2,0,57,44,3,9,0,1,0,,1760689371,1760689371,
7342804873102475264,7342804873102475264,"We are looking forward to hosting the members of our #ProConnect community at our Apéro Pro event in Brussels this evening. It will be a unique opportunity to network with key stakeholders of the upcoming Danish Presidency of the Council of the EU 2025.

Ahead of the event, our Research and Analysis team published Who's Who  and policy analysis report available to our subscribers.
See below some key findings from Nisa K., Izabela Kantor and Constance de Walque report:
🌱 Green Leadership: Denmark will use its July–December 2025 EU Council presidency to push tougher climate goals, speed the shift to renewables and embed a “Clean Industrial Deal” in the next EU budget.
🛡️ Security Re-set: After scrapping its defence opt-out in 2022, Copenhagen plans to keep the EU focused on a united security front—bridging war-driven cooperation with fresh policies for a safer, more resilient Europe.
💻 Digital & Competitiveness Drive: Expect a hard push for simpler rules and the CSAM scanning proposal—rekindling privacy vs. security debates—while steering Omnibus reforms and a bigger-picture MFF that moves Denmark beyond its old “frugal” label.

Are you a Pro Subscriber? You can access the report here: https://lnkd.in/eA-d2y-g",2025-10-17 08:22:51,2025-10-17 08:22:51,3md.,no,in/riccardo-dugulin-329b0825,Riccardo Dugulin,Executive Director of Professional Services Europe,,https://media.licdn.com/dms/image/v2/D4E03AQEzR8Pudj9DcA/profile-displayphoto-shrink_100_100/profile-displayphoto-shrink_100_100/0/1686896791773?e=1762387200&v=beta&t=bcibXMLR9X8-U_ikjuUTJ27kskfPLpHry3XnB6duWXA,no,https://www.linkedin.com/in/riccardo-dugulin-329b0825,,,proconnect,,,https://www.linkedin.com/feed/update/urn:li:activity:7342804873102475264,,0,1,19,15,0,2,0,0,2,,1760689371,1760689371,
7371292747384930304,7371292747384930304,"Hello network, 💙  as you know I’m not a journalist — but I feel this deserves more attention than it’s currently getting. As we return from summer, I want to flag the EU’s renewed proposal known as “𝗖𝗵𝗮𝘁 𝗖𝗼𝗻𝘁𝗿𝗼𝗹” formerly #CSAM. For me it hadn’t really cut through the news fog, yet an important vote is already due this Friday, Sept 12. ⏳ 

𝗪𝗵𝗮𝘁 𝗱𝗼𝗲𝘀 𝗖𝗵𝗮𝘁 𝗖𝗼𝗻𝘁𝗿𝗼𝗹 𝗽𝗿𝗼𝗽𝗼𝘀𝗲?
The regulation would make it mandatory for apps like WhatsApp, Signal, iMessage, Telegram, and even email providers to scan all private messages, photos, and videos on your device before they are sent (client-side scanning). 🔍 
The goal is to detect child sexual abuse material — vital in itself — but the method fundamentally alters how end-to-end encryption works by scanning content before it is encrypted. Critics argue this undermines secure private communication. ‼️ 

📄 Current proposal text (EUR-Lex)- https://lnkd.in/gGZ87VFG

Why is this proposal concerning?
𝖯̲𝗋̲𝗂̲𝗏̲𝖺̲𝖼̲𝗒̲ ̲&̲ ̲𝖥̲𝗎̲𝗇̲𝖽̲𝖺̲𝗆̲𝖾̲𝗇̲𝗍̲𝖺̲𝗅̲ ̲𝖱̲𝗂̲𝗀̲𝗁̲𝗍̲𝗌̲:̲ Large-scale scanning risks conflicting with EU Charter rights to privacy and data protection.
𝖥̲𝗋̲𝖾̲𝖾̲𝖽̲𝗈̲𝗆̲ ̲𝗈̲𝖿̲ ̲𝖤̲𝗑̲𝗉̲𝗋̲𝖾̲𝗌̲𝗌̲𝗂̲𝗈̲𝗇̲:̲ Awareness of scanning could foster self-censorship, especially for journalists, whistleblowers, and vulnerable groups.
𝖱̲𝖾̲𝗅̲𝗂̲𝖺̲𝖻̲𝗂̲𝗅̲𝗂̲𝗍̲𝗒̲:̲ Algorithms are error-prone, risking false positives that overwhelm authorities and harm innocents.
𝖢̲𝗒̲𝖻̲𝖾̲𝗋̲𝗌̲𝖾̲𝖼̲𝗎̲𝗋̲𝗂̲𝗍̲𝗒̲:̲ ̲Weakening encryption introduces vulnerabilities for malicious actors to exploit.
𝖯̲𝗋̲𝖾̲𝖼̲𝖾̲𝖽̲𝖾̲𝗇̲𝗍̲:̲ Establishing general scanning in the EU could set a global standard, including in less democratic contexts.

The European Court of Human Rights has previously ruled against broad measures undermining secure communications — raising questions about compatibility.

𝗧𝗵𝗲 voting 𝗽𝗿𝗼𝗰𝗲𝘀𝘀 - ⏩ 
Sept 12: EU Member States state positions.
Oct 14: Council vote (requires 55% of states and 65% of EU’s population).
Current status:
Opposing: Austria, Belgium, Czech Republic, Finland, Netherlands, Poland, Luxembourg.
Undecided: Germany, Estonia, Slovenia, Greece, Romania.
Supporting: France, Italy, Spain, Ireland, Portugal, Hungary.

🫵  𝗪𝗵𝗮𝘁 𝘆𝗼𝘂 𝗰𝗮𝗻 𝗱𝗼 ⏯️ 
If you feel strongly about this (especially if you live in an undecided country):
1) Reach out to your MEPs or national representatives with respectful but clear messages opposing mandatory scanning. 
2) Sign petitions like to Chat Control or check out https://lnkd.in/gq4cba3T
 (with tools to contact your MEPs).💙 

🚨 Disclaimer: This is a short summary of a complex debate. I strongly encourage you to explore other sources and form your own opinion and will leave some articles in the comments for those interested 📰 .",2025-10-17 08:22:51,2025-10-17 08:22:51,1md.,no,in/katalin-schlaeffer-466481183,Katalin Schlaeffer,Associate Investment Officer,,https://media.licdn.com/dms/image/v2/D4E03AQHxxMvJm1LCFw/profile-displayphoto-shrink_100_100/profile-displayphoto-shrink_100_100/0/1666545968043?e=1762387200&v=beta&t=A8Gu8h7PobN4P-EWzZyBhh9f7U32CjcRKTAN_uQRhGs,no,https://www.linkedin.com/in/katalin-schlaeffer-466481183,,,csam,,,https://www.linkedin.com/feed/update/urn:li:activity:7371292747384930304,,1,0,16,14,0,0,0,0,2,,1760689371,1760689371,
7118888319261769728,7118888319261769728,"CSAM proposal in EU. Really hoping this will not be approved as it would endanger end-to-end-encryption in services such as Signal.

See the coverage of the Guardian https://lnkd.in/dKtyT27P

""Under the proposed “chat controls” regulation, any encrypted service provider could be forced to survey billions of messages, videos and photos for “identifiers” of certain types of content where it was suspected a service was being used to disseminate harmful material.""

Might be interesting to check this European Data Protection Supervisor seminar on the subject.",2025-10-17 08:23:03,2025-10-17 08:23:03,2år,no,in/sirkkaeloranta,Sirkka Andersén,Tech stuff,,https://media.licdn.com/dms/image/v2/D4D03AQEC0P56IbnbZw/profile-displayphoto-shrink_100_100/profile-displayphoto-shrink_100_100/0/1723916153905?e=1762387200&v=beta&t=WRVp-cSpmC-N4hqn9ArpAyniB1dr1ciJUz86vQA-nzQ,no,https://www.linkedin.com/in/sirkkaeloranta,,,,,,https://www.linkedin.com/feed/update/urn:li:activity:7118888319261769728,,0,0,1,1,0,0,0,0,0,,1760689383,1760689383,
7201854875633127424,7201854875633127424,"[FI/EN] International business -koulutuksen opiskelijamme Alina Martjanova  vieraili Euroopan parlamentissa ja osallistui European Student Assemblyyn HAMKin RUN-EU-opiskelijaedustajiston puheenjohtajana. Opiskelijat eri puolilta Eurooppaa laativat yhdessä linjausehdotuksia mm. EU-vaalien äänestysjärjestelmän kehittämisestä ja lukukausimaksujen tasapuolisuudesta.🙌

Euroopan Unioni tarjoaa paljon mahdollisuuksia myös opiskelijoille vaikuttaa päätöksentekoon ja yhteiseen tulevaisuuteen. Yksi väylä on Eurooppa-yliopistot, joista yhteen, RUN-Eurooppa-yliopistoon (RUN-EU), me hamkilaiset kuulumme.

EU-vaalien ennakkoäänestys on alkanut. Varsinainen vaalipäivä on 9.6. Käytä ääntäsi!


🙌Our International Business student Alina visited the European Parliament and participated in the European Student Assembly as the chair of the HAMK's RUN-EU Student Council.

""I participated in the third edition of the European Student Assembly 2024, which brought together policymakers, professors, entrepreneurs, researchers, and students from across Europe. Together, we draft policies, learn from each other, and conduct research to improve various aspects of life, from higher education and healthcare to the EU voting process.

The European Student Assembly was held in the European Parliament in Strasbourg for 3 days, during which my panel and others finalized their policy proposals and voted. A total of 79 policy proposals were adopted, written by 11 panels. Some of them are: 

📝Preferential voting system in EU elections: Ranking Candidates for better Representation. 
📝Equalising the tution fee for non-EU and EU students within the same university. 
📝Human Rights Compliance in Future Migration Agreements with Third Countries
📝 Member states must prevent AI systems from being used to produce or distribute Child Sexual Abuse Material (CSAM)

It was an honor to see how things work inside the European Parliament, amplifying our voices and being heard.""

The European Union offers many opportunities for students to have a say in decision-making and our common future. One of them is the European Universities, of which we at HAMK are part of one, the RUN European University (RUN-EU).

The advance voting period for the EU elections has started. The actual election day is 9.6. Use your vote!

#KäytäÄäntäsi #UseYourVote #MaailmanParastajat #TheBettermakers #hamk #run_eu RUN – European University",2025-10-17 08:23:03,2025-10-17 08:23:03,1år,no,school/hamk/posts,"Häme University of Applied Sciences, HAMK",29.706 følgere,,,no,https://www.linkedin.com/school/hamk/posts,,,"käytäääntäsi,useyourvote,maailmanparastajat,thebettermakers,hamk,run_eu",,,https://www.linkedin.com/feed/update/urn:li:activity:7201854875633127424,,4,1,53,39,9,4,0,1,0,,1760689383,1760689383,
7123088455114366976,7123088455114366976,EU commissioner sidesteps MEPs' questions about CSAM proposal microtargeting,2025-10-17 08:23:03,2025-10-17 08:23:03,1år,no,in/adam-handley-farrell,Adam H.,Senior Property Manager - Green & Company,,https://media.licdn.com/dms/image/v2/D4E03AQGVC7zvAMeMUw/profile-displayphoto-shrink_100_100/profile-displayphoto-shrink_100_100/0/1694071309282?e=1762387200&v=beta&t=pZ0G8jqzjjoh0KIWi2SZ1mf_-xvCfHro4NguXSX5iN0,no,https://www.linkedin.com/in/adam-handley-farrell,,,,,,https://www.linkedin.com/feed/update/urn:li:activity:7123088455114366976,https://thetechbloom.com/news/eu-commissioner-sidesteps-meps-questions-about-csam-proposal-microtargeting/?feed_id=33486&_unique_id=6539a51304344,0,0,0,0,0,0,0,0,0,,1760689383,1760689383,
7376691904609959936,7376691904609959936,"La tecnologia evolve per proteggerci, ma a quale prezzo?
Il Chat Control promette sicurezza, ma rischia di mettere un lucchetto alla nostra libertà di espressione. 
Un confine sottile tra controllo e privacy. 
#ChatControl #Privacy #Libertà",2025-10-17 08:23:06,2025-10-17 08:23:06,3u,no,in/francesco-giancarli,Francesco Giancarli,Head of Digital Strategy | Growth Hacking | Digital Transformation | MarTech | Chatbots & AI Agents Expert | Automation Specialist,,https://media.licdn.com/dms/image/v2/D4D03AQF58hHtm6Mu9A/profile-displayphoto-scale_200_200/B4DZlSsdLSIYAY-/0/1758029010187?e=1762387200&v=beta&t=WB1U_P5qi4ox0XTg-BEt4fxD1U8rk_5ehN2EYfCJf14,no,https://www.linkedin.com/in/francesco-giancarli,,,"chatcontrol,privacy,libertà",https://media.licdn.com/dms/image/v2/D4D12AQExVb0VXym4zA/article-cover_image-shrink_180_320/B4DZl71q6KHwAY-/0/1758719295937?e=1762387200&v=beta&t=ch0slQUiyyBlNY5iZ81YIWZz2ujiqWX9a-YtPfoRrHk,,https://www.linkedin.com/feed/update/urn:li:activity:7376691904609959936,https://www.linkedin.com/pulse/chat-control-europa-lillusione-della-protezione-e-la-fine-giancarli-fut0f?trackingId=Ne3LWNdPTTWbTdHGpbFFCw%3D%3D,0,0,1,1,0,0,0,0,0,,1760689386,1760689386,
7245454973466005505,7245454973466005505,"HUNGARY PROPOSED MESSENGER PROVIDERS FOR TIGHT SURVEILLANCE

Following the pressure of privacy & human rights activists the Hungarian Presidency claimed to do ""a compromise"". In practice the upcoming #ChatControl regulation will require from messenger providers ""to do their utmost to contribute to the development of reliable and accurate technologies to detect new CSAM and grooming.""

It means more tight surveillance, including indiscriminate mass monitoring of private communications and the end of secure end-to-end encryption. https://lnkd.in/d4jh-_jw

In response to this proposal, over 245 scientists from 31 countries evaluated #ChatControl draft as ‘ineffective, false positives, defeats end-to-end encryption, disproportionate, violates right to privacy, new vulnerabilities’. https://lnkd.in/dGNa2jfi

 1️⃣ What you can do now: 

🔻Call your goverment and deputies to reject alltogether Chat Control. Find contacts here: https://lnkd.in/evQbE9AT

🔻Support politicians, activists and journalists who promote privacy! 

🔻Explain why it won’t help in bringing security for our society. Opposite, such approach would put the future of our freedoms is just one step closer to be compromised and abused by dictators. 

🔻Address your government before the next meeting on 2nd Oct.:
  
🔴SUPPORT Chat Control: Bulgaria, Croatia, Cyprus, Denmark, Finland, Hungary, Ireland, Greece, Latvia, Lithuania, Malta, Romania, Slovakia, Spain, Sweden

🟢AGAINST Chat Control: Austria, Belgium, Czech Republic, Estonia, Germany, Luxembourg, Poland, Slovenia

🟡 UNDECIDED (we need to activate them the most!): Italy, Netherlands, Portugal

🎙Respost and call you friends to join the campaign today: If no privacy of communication, no protection for children, anyone in the EU and beyond! 

2️⃣Rember and explain: 

🔻No algorithm can reliably make a legal assessment. According to Meta, which is the source of the vast majority of reports, they currently only look for known CSAM in EU communications, and yet at least 50% NCMEC of reports made to German law enforcement agencies are not criminally relevant, according to the federal crime agency (BKA).

🔻EU Commissioner #Johansson admitted in late 2023 that 75% of NCMEC reports are not of a quality that the police can work with. 

3️⃣ Dictators love Western spy technology: the example of the Intellexa spy company proved: dictators all over the world love Western spy technology for transnational repression of opponents and destruction of the Western world, your and your family freedoms. Urge your government to stop this! https://lnkd.in/dCuwp_Kq",2025-10-17 08:23:06,2025-10-17 08:23:06,1år,no,in/lyudakozlovska,Lyudmyla Kozlovska,"Human rights, #Bitcoin and FreedomTech advocate",,https://media.licdn.com/dms/image/v2/D4E03AQEUkCixtfJXPw/profile-displayphoto-shrink_100_100/profile-displayphoto-shrink_100_100/0/1709588300435?e=1762387200&v=beta&t=VCHyZsRUxESKGWBxs1iwj4iDrqSGHfuENa7MUp0kdeY,no,https://www.linkedin.com/in/lyudakozlovska,,,"chatcontrol,chatcontrol,johansson",,,https://www.linkedin.com/feed/update/urn:li:activity:7245454973466005505,,0,0,10,8,0,0,0,0,2,,1760689386,1760689386,
7372199343635984384,7372199343635984384,"⭐ Every day is Data Sovereignty Day ⭐
Great news!  Unfortunately it isn't over yet. Sorry.
Germany being the most populous state of the European Union with 82 million citizens  also opposite the Chat Control (CSAR) was very important in this case. Only if the voting will take place at 14 October.

Otherwise the powers who are working towards the mass surveillance will bring it on again concerning CSAM, as done before.  

You can discuss the best way's to stop crime.
But it seems you can't discuss to stop the mass surveillance. As the purpose isn't to fight crime alone. Whether it is CSAM, drug trafficking or terrorism. The EU will revive the  project that weakens encryption in a couple of years, again.  Maybe they will need some terrible world event to make democratic decision making unnecessary. 

I really wish I could be celebrating this moment, but I only see delay.

Have a nice day.
(the old I told you so guy)

If you think I am totally wrong,  having just a #unpopularopnion, please start betting against me.




◽◽◽◽◽◽ Ξ X T R Δ ◽◽◽◽◽◽
◽Bits of Freedom and Amnesty International
◽about local surveillance proposal for
◽monitoring citizens to gather information 
◽about gatherings and legal demonstrations.
◽-https://lnkd.in/ek7Qg8-F .  (11 sept 2025)
◽◽◽◽◽◽◽◽◽◽◽◽◽◽◽◽


◽◽◽◽◽◽◽◽◽◽◽◽◽◽◽◽
◽See more articles https://lnkd.in/ewvHS9R6 .
◽CyberSec Exhibit https://lnkd.in/e4MRzD2h .
◽Sovereignty day https://lnkd.in/eB7iWgXS .
◽◽◽◽◽◽◽◽◽◽◽◽◽◽◽

#orwell #masssurveillance #europeanunion 
#unpopularopinion


◽◽◽◽◽◽◽◽◽◽◽◽◽◽◽
Please join #das4all (Data Sovereignty For All)
◽◽◽◽◽◽◽◽◽◽◽◽◽◽◽
https://getlinkinfo.com - information about a link before visiting it.",2025-10-17 08:23:06,2025-10-17 08:23:06,1md.,no,in/oscar-bouwer-%F0%9F%93%B7%F0%9F%92%BB-2189aa15a,Oscar Bouwer 📷💻,"NVJ - Photojournalist / ICT - SysAdmin & Service- Helpdesk / 4ever learner, looking into a digitized world.",,https://media.licdn.com/dms/image/v2/D4E03AQFV4ZFMdxmEpA/profile-displayphoto-scale_100_100/B4EZkbxsZtHEAc-/0/1757107637604?e=1762387200&v=beta&t=jAvERE384BxaqvIJzEBnSbTvOd4eJWraL0uwW3asQSg,no,https://www.linkedin.com/in/oscar-bouwer-%F0%9F%93%B7%F0%9F%92%BB-2189aa15a,,,"unpopularopnion,orwell,masssurveillance,europeanunion,unpopularopinion,das4all",,,https://www.linkedin.com/feed/update/urn:li:activity:7372199343635984384,,0,0,4,4,0,0,0,0,0,,1760689386,1760689386,
7379563684030877696,7379563684030877696,"🚨 Urgent Alert: EU's Chat Control Proposal Threatens Our Digital Privacy - And We Can Still Stop It! 🚨

As professionals in privacy tech, we rely on secure communications every day. But a looming EU policy could change that forever. In a must-read post by cryptography expert Tommaso Gagliardoni (link in comments), he dives deep into the technical nightmare of ""Chat Control"" - the EU's client-side scanning mandate under the Child Sexual Abuse Regulation (CSA Regulation).

𝐇𝐞𝐫𝐞'𝐬 𝐭𝐡𝐞 𝐤𝐞𝐲 𝐬𝐮𝐦𝐦𝐚𝐫𝐲: Chat Control requires mandatory software on our devices to scan all messages, photos, and files before they're sent, even in end-to-end encrypted apps like Signal or WhatsApp. It uses AI-driven perceptual hashing and machine learning to detect illegal content like CSAM.

𝘚𝘰𝘶𝘯𝘥𝘴 𝘸𝘦𝘭𝘭-𝘪𝘯𝘵𝘦𝘯𝘵𝘪𝘰𝘯𝘦𝘥? Sure, there are major flaws: closed-source black-box systems prone to false positives/negatives, exploitable vulnerabilities (e.g., model poisoning or extraction), and a setup that's ""worse than a backdoor"" because it compromises data integrity without directly breaking encryption.

𝘞𝘩𝘺 𝘴𝘩𝘰𝘶𝘭𝘥 𝘺𝘰𝘶 𝘣𝘦 𝘤𝘰𝘯𝘤𝘦𝘳𝘯𝘦𝘥?
𝐏𝐫𝐢𝐯𝐚𝐜𝐲 𝐄𝐫𝐨𝐬𝐢𝐨𝐧: This is mass surveillance on 450M+ EU citizens, violating EU Charter rights to privacy and data protection (Articles 7 & 8). Innocent users could be flagged, leading to unwarranted investigations.

𝐒𝐞𝐜𝐮𝐫𝐢𝐭𝐲 𝐑𝐢𝐬𝐤𝐬: It creates systemic weaknesses hackers, criminals, or authoritarian regimes could exploit - think data breaches affecting government comms, IP, or critical infrastructure.

𝐄𝐧𝐝-𝐭𝐨-𝐄𝐧𝐝 𝐄𝐧𝐜𝐫𝐲𝐩𝐭𝐢𝐨𝐧 𝐚𝐭 𝐒𝐭𝐚𝐤𝐞: Weakening E2EE for ""good reasons"" opens doors for all, undermining trust in digital tools we use for business, innovation, and personal life. As Tommaso Gagliardoni warns, there's no ""lock only the good guys can open.""

𝐆𝐥𝐨𝐛𝐚𝐥 𝐏𝐫𝐞𝐜𝐞𝐝𝐞𝐧𝐭: If passed, it sets a dangerous example worldwide, potentially stifling free expression and secure collaboration.

The vote in the EU Council is set for October 13-14, 2025 - that's just days away! 

But it's not too late to reverse this. Here's what you can do RIGHT NOW:

𝐂𝐨𝐧𝐭𝐚𝐜𝐭 𝐘𝐨𝐮𝐫 𝐌𝐄𝐏𝐬: Head to 𝐟𝐢𝐠𝐡𝐭𝐜𝐡𝐚𝐭𝐜𝐨𝐧𝐭𝐫𝐨𝐥.𝐞𝐮, select your country, customise a message highlighting your concerns, and send it. It takes minutes!

𝐒𝐩𝐫𝐞𝐚𝐝 𝐀𝐰𝐚𝐫𝐞𝐧𝐞𝐬𝐬: Share this post, discuss in your networks, and tag policymakers.

Child protection is crucial, but this proposal won't achieve it - 𝒆𝒙𝒑𝒆𝒓𝒕𝒔 𝒍𝒊𝒌𝒆 𝒕𝒉𝒆 𝑼𝑵 𝒔𝒂𝒚 𝒊𝒕 𝒄𝒐𝒖𝒍𝒅 𝒆𝒗𝒆𝒏 𝒎𝒂𝒌𝒆 𝒌𝒊𝒅𝒔 𝒍𝒆𝒔𝒔 𝒔𝒂𝒇𝒆 by driving abuse underground while weakening security for all.

Let's stand up for secure, private digital futures. Who's with me? Comment below if you're taking action! #StopChatControl #DigitalPrivacy #CyberSecurity #EUtech",2025-10-17 08:23:11,2025-10-17 08:23:11,2u,no,in/mattgf,Matt Garrow-Fisher,"Partnerships Manager @ Horizen Labs | User Privacy, Data Verification & Encryption Tools using ZK Proofs, TEEs and FHE Cryptography | Prevent Data Leaks, Stay Compliant, Win User Trust",,https://media.licdn.com/dms/image/v2/D4E03AQH1cVmSlQkX2w/profile-displayphoto-shrink_100_100/profile-displayphoto-shrink_100_100/0/1693589849807?e=1762387200&v=beta&t=2fw6lYbu1fftDLvzELiolwpY5h6nFsjFK77xl65bMh0,no,https://www.linkedin.com/in/mattgf,,,"stopchatcontrol,digitalprivacy,cybersecurity,eutech",,,https://www.linkedin.com/feed/update/urn:li:activity:7379563684030877696,,2,0,5,5,0,0,0,0,0,,1760689391,1760689391,
7311359874460758017,7311359874460758017,"Excellent line-up of speakers at the High-level panel “Tackling Child Sexual Abuse and Exploitation: Global Action to Combat a Global Crime”, that we organized together with the UK government, featuring a powerful keynote address by Her Royal Highness The Duchess of Edinburgh GCVO, Patron of the NSPCC & Plan International UK 

The event was hosted by Hon Caterina Chinnici MEP, Co-Chair of the Integroup on Children’s Rights.

This much needed panel brought together the new EU Commissioner for Internal Affairs & Migration, Magnus Brunner, Jess Phillips MP, UK Minister for Safeguarding and Violence Against Women & Girls, UNODC Alexandra Martins and Mie Kohiyama & Rhiannon-Faye McDonald 

With a new EU Commission in office and less than a year into the 10th legislature of the European Parliament, we have a unique opportunity to renew momentum for passing the EU bill to prevent and combat child sexual abuse.

We must never lose sight of one of the worst epidemics of our time: child sexual exploitation and abuse!

The fast pace at which the new technologies evolve, coupled with the ubiquity of the Internet and its pervasive presence in children’s everyday life, have made it easier for perpetrators to recruit new child victims online, leaving children as easy prey to these heinous crimes.

As HRH The Duchess of Edinburgh recalled in her powerful keynote address, 300 million children have been affected by child sexual exploitation & abuse in the last year.

These appalling figures cannot be ignored by the legislators as though they could just disappear, and they require a global answer. 

The EU Proposal for a Regulation to prevent and combat child sexual exploitation and abuse establishes a robust & solid legal framework that puts victims at the centre through clear obligations to all online communication services providers: 

☑️A mandatory detection system of all instances of child sexual abuse through surgical and targeted detection orders 

☑️ A mandatory removal of all detected CSAM via specific removal orders;


The hungry data-driven business model of the tech platforms also poses unique and unprecedented challenges, that call for the strengthening of preventive measures through statutory duty of care obligations that compel online communication services providers to embed safety-by-design & safety-in-default tools. 

Legislation alone will not be enough, it takes a whole-society approach to bring about a real change in this ecosystem. 

As Alexandra Souza Martins said during the panel, we need to involve new actors - such as financial institutions - which normally shy away from this conversation, whom should instead play an active role in this global fight. 

Huge thanks to colleagues at the UK Home Office Raphaela Thynne MBE Leah Buck Georgia Greaves, and the UK Mission to the EU for the excellent and ongoing cooperation in this global fight.",2025-10-17 08:23:11,2025-10-17 08:23:11,6md.,no,in/emilio-puccio-273a696a,Emilio Puccio,Secretary General of the European Parliament Intergroup on Children's Rights at European Parliament,,https://media.licdn.com/dms/image/v2/D4E03AQGqO5CDSwbQCQ/profile-displayphoto-shrink_100_100/profile-displayphoto-shrink_100_100/0/1712958325541?e=1762387200&v=beta&t=cqUhAmBjVbKKtMoA2KCZ1gfq0NDspjA7YrVhidqRSdk,no,https://www.linkedin.com/in/emilio-puccio-273a696a,,,,,,https://www.linkedin.com/feed/update/urn:li:activity:7311359874460758017,,10,9,213,174,7,15,0,17,0,,1760689391,1760689391,
7245003208316571648,7245003208316571648,"Lagstiftningen kring ""Chat Control"" inom EU syftar till att skanna digitala meddelanden, inklusive krypterade sådana, för att bekämpa spridningen av material som rör sexuella övergrepp mot barn (CSAM). Trots de goda intentionerna med att skydda barn har lagförslaget mött omfattande kritik, eftersom det kan introducera sårbarheter i säkerhetssystem och hota användarnas integritet.

Administrativ säkerhet handlar om lagar, policyer och procedurer för att hantera och skydda information. I fallet med Chat Control innebär det att skapa riktlinjer och system för att övervaka och skanna meddelanden. Alltså att reglera vem som får ta del av vilken information. Men enbart administrativ säkerhet är inte ett fullgott skydd av flera skäl. För det första kan införandet av system för massövervakning, såsom Chat Control, skapa nya sårbarheter. Kritiker menar att dessa system kan utnyttjas av illasinnade aktörer, vilket riskerar användarnas säkerhet och integritet[1][2][4].Chat Control sätter den logiska säkerheten ur spel och gör kryptering på olika meddelandeappar värdelösa. 

För det andra innebär lagförslaget en form av massövervakning eftersom alla meddelanden skannas utan misstanke om brottslig aktivitet. Detta anses strida mot grundläggande rättigheter till privatliv och dataskydd[1][3][5].

För det tredje medför genomförandet av sådana övervakningssystem tekniska utmaningar, inklusive risken för falska positiva resultat, vilket kan leda till felaktiga anklagelser eller onödiga intrång i användarnas privatliv[2][5].

Slutligen finns det en oro för att när en sådan övervakningsinfrastruktur väl är på plats, kan dess användningsområde lätt utökas till andra typer av innehåll, vilket ytterligare skulle undergräva privatlivets helgd[3][6]. Kontroller för att upptäcka terrorism eller liknande orosmoment ligger sannolikt inte långt borta. Och idag pratar vi redan om kriminalitet som samhällshotande. Så på sikt kanske viss kriminalitet ses som inhemsk terrorism. Lite raljerande men ni ser poängen.

Sammantaget är chat Control ett övertramp. 

[1] Chat Control Must Be Stopped – Now! - Threema https://lnkd.in/dq2A3mia
[2] Chat Control: The EU's CSEM scanner proposal - Patrick Breyer https://lnkd.in/eB7szzj6
[3] EU's Chat Control puts security and privacy at risk - Element https://lnkd.in/e_sq7gBs
[4] Explainer: The EU's Chat Control Legislation | ExpressVPN Blog https://lnkd.in/dwi4YJKe
[5] How the EU is about to violate your privacy - Panda Security https://lnkd.in/dSzx-WMM
[6] Why the EU chat control law is causing division https://lnkd.in/dCbpct3i
[7] [PDF] Administrativ säkerhet - DiVA portal https://lnkd.in/dGmUvG_h
[8] [PDF] Cybersäkerhet i Sverige 2022 Del 2 - Nationellt cybersäkerhetscenter https://lnkd.in/dYK7gKjX
[9] Informationssäkerhet https://lnkd.in/d-bJ384Y


https://lnkd.in/dMszzf9T",2025-10-17 08:23:11,2025-10-17 08:23:11,1år,no,company/svensk-osint/posts,Svensk OSINT,9.241 følgere,,,no,https://www.linkedin.com/company/svensk-osint/posts,,,,,,https://www.linkedin.com/feed/update/urn:li:activity:7245003208316571648,https://www.gp.se/politik/sverige-sager-ja-till-kritiserade-massovervakningslagen-chat-control-.5ab4dae3-36e8-431a-9f1c-d08e2a9ba999,0,0,2,1,0,0,0,0,1,,1760689391,1760689391,
7372196489776840704,7372196489776840704,"Sie sind verdächtig?! Die größte Angst der Deutschen wird digital.

Deutschen kennen das mulmige Gefühl, wenn der Staat zu viel weiß. Die Angst vor Überwachung ist tief in unserem kollektiven Gedächtnis verankert. Und genau diese Angst wird jetzt zur digitalen Realität.

Das geplante EU-„Chat-Einblick-Gesetz“ hat das Potenzial, eine Überwachungsarchitektur zu schaffen, die jede manuelle Kontrolle der Stasi in den Schatten stellt. In meinem neuen Artikel erkläre ich die Gefahr des Client-Side-Scanning und warum diese scheinbar harmlose Technologie unser 

Vertrauen in den Rechtsstaat irreversibel zerstört. Es ist eine Kinderbeihilfen-Affäre auf Steroiden – nur dieses Mal betrifft es unsere intimste Kommunikation.
Es geht nicht darum, etwas zu verbergen, sondern darum, unsere Grundrechte zu verteidigen. Lassen Sie uns nicht zulassen, dass die Angst vor Kriminalität ein Werkzeug in unsere Gesellschaft zementiert, das wir für immer bereuen werden.

#Datenschutz #ITSecurity #Rechtsstaat #Angst #Überwachung #EU #Meinung #Staatstrojaner #ClientSideScanning",2025-10-17 08:23:15,2025-10-17 08:23:15,1md.,no,in/pruski,Lukas P.,"Consultant in Digital Transformation, Information Security, Enterprise Architecture & Process Optimization | Supports Audit Readiness & Regulatory Alignment | Implements ISO, COBIT, EU AI Act, CIS, NIST & DORA",,https://media.licdn.com/dms/image/v2/D4D03AQHvi7VOCSwIPg/profile-displayphoto-shrink_400_400/B4DZRPRHT1HMAg-/0/1736496674774?e=1762387200&v=beta&t=duSucJcHVGOFBlven5UfFbntTORSHQ0KYjKiVflO-U8,no,https://www.linkedin.com/in/pruski,,,"datenschutz,itsecurity,rechtsstaat,angst,überwachung,eu,meinung,staatstrojaner,clientsidescanning",https://media.licdn.com/dms/image/v2/D4D12AQFZWMBtHzJyTw/article-cover_image-shrink_600_2000/B4DZk87pzWJIAQ-/0/1757663896012?e=1762387200&v=beta&t=30NyqLtIC_1P_-056qzFpFyK98Ar5miZpu2dtKaLPIY,,https://www.linkedin.com/feed/update/urn:li:activity:7372196489776840704,https://www.linkedin.com/pulse/sie-sind-verd%25C3%25A4chtig-lukas-pruski-zrevf?trackingId=MsCojzhbSbyQRx0iJVG1QQ%3D%3D,1,0,1,1,0,0,0,0,0,,1760689395,1760689395,
7293971663321219072,7293971663321219072,"🔐 𝐄𝐧𝐜𝐫𝐲𝐩𝐭𝐢𝐨𝐧 𝐢𝐬 𝐂𝐫𝐮𝐜𝐢𝐚𝐥 𝐟𝐨𝐫 𝐭𝐡𝐞 𝐑𝐢𝐠𝐡𝐭 𝐭𝐨 𝐈𝐧𝐟𝐨𝐫𝐦𝐚𝐭𝐢𝐨𝐧 𝐚𝐧𝐝 𝐅𝐫𝐞𝐞𝐝𝐨𝐦 𝐨𝐟 𝐄𝐱𝐩𝐫𝐞𝐬𝐬𝐢𝐨𝐧 🔐
Freedom of expression, access to information, data privacy, source protection, and both personal and public safety rely on 𝒔𝒆𝒄𝒖𝒓𝒆 𝒄𝒐𝒎𝒎𝒖𝒏𝒊𝒄𝒂𝒕𝒊𝒐𝒏. End-to-end encryption (E2EE) is more than just a technical safeguard—it is a fundamental right that upholds personal security, protects #journalism, and preserves #democracy.

🗣️  At the Encryption Advocacy Workshop in Brussels, #PCMS had the opportunity to engage with a diverse group of experts, journalists, activists, and policy advocates to discuss the increasing threats to encryption from misguided policies, including surveillance measures being pushed for example under the EU’s CSAM Regulation or UK’s secret demand for Apple to create a backdoor, allowing access to all content from any Apple user worldwide.

Backdoors are dangerous. Many #EU governments have been caught spying on their own citizens—often without judicial oversight. Now, they are pushing tech companies to undermine encryption, using arguments of national security or child protection to justify mass surveillance. 
These policies might:
👉 Threaten personal and public safety by exposing all communications to potential breaches.
👉 Undermine press freedom by putting sources, whistle-blowers and investigative journalists at risk.
👉 Harm businesses by creating vulnerabilities that can be exploited for corporate espionage.

During the workshop, we analyzed policy proposals, discussed encryption threats, and explored advocacy strategies to push back against these anti-privacy measures. 

🔎 What we covered in the workshop:
📌 How the Internet Works & Encryption as a Trust Mechanism
📌 Threats to Encryption & Policy Advocacy Strategies
📌 How the EU works: Meeting with EU Parliament Members to Protect Digital Rights

A huge thank you to the Internet Society (especially to Callum Voge and Paula Bernardi), Global Encryption Coalition, other organizers and all the participants who brought expertise from human rights, media, cybersecurity, and digital policy. It was inspiring to collaborate with advocates working on Minority Rights, gender-based violence, child protection and press freedom, all of whom might face direct threats from weakened encryption.

❓ Why must Encryption be defended❓
Because it safeguards:
✔ Source Protection: Keeping information sources and journalists safe. 
✔ Data Security: Ensuring privacy in personal & professional communication. 
✔ Communication Privacy: Preventing unauthorized surveillance. 
✔ Censorship Resistance: Enabling access to free and open information. 
✔ Legal & Ethical Responsibility: Upholding fundamental human rights.

🔐 What are your thoughts on encryption in Europe? Drop a comment below! 👇

#Encryption #Privacy #DigitalRights #HumanRights #CyberSecurity #CSAM #E2EE #PressFreedom #Surveillance #Policy #EU
Adriana Dergam Frank Williams",2025-10-17 08:23:15,2025-10-17 08:23:15,8md.,no,company/pcmsnews/posts,PCMS | Prague Centre for Media Skills,298 følgere,,,no,https://www.linkedin.com/company/pcmsnews/posts,,,"journalism,democracy,pcms,eu,encryption,privacy,digitalrights,humanrights,cybersecurity,csam,e2ee,pressfreedom,surveillance,policy,eu",,,https://www.linkedin.com/feed/update/urn:li:activity:7293971663321219072,,2,3,16,13,3,0,0,0,0,,1760689395,1760689395,
7212062118328619010,7212062118328619010,"🚀 Stay Ahead in Privacy and AI! 🚀

🌟 Hello, Privacy Experts! Check out this week’s top headlines:

1. Florida's Privacy Law Go Live July 1th: 
Are You Prepared?
2. Apple's Compliance with Digital Markets Act Questioned by EU
3. Major Cyber Attack Hits London Hospitals
4. EU Delays Controversial 'Chat Control' Vote Amid Privacy Concerns
5. Forbes Accuses AI Startup Perplexity of Content Theft

Don't miss out! Subscribe to my newsletter for all the insights. 📩",2025-10-17 08:23:15,2025-10-17 08:23:15,1år,no,in/elislav-atanasov,"Eli Atanasov, CIPP/E, PhD","📊 I help businesses and their DPOs put privacy compliance on autopilot, saving them time and money in the process.",,https://media.licdn.com/dms/image/v2/D4D03AQG4iPpMGku5qg/profile-displayphoto-shrink_100_100/profile-displayphoto-shrink_100_100/0/1691477669474?e=1762387200&v=beta&t=ugf2wrCbsT26fJW2lk7ZLztV6udR5WvyOMp1v-Ny3nU,no,https://www.linkedin.com/in/elislav-atanasov,,,,https://media.licdn.com/dms/image/v2/D4D12AQFvy5qWrSj02w/article-cover_image-shrink_600_2000/article-cover_image-shrink_600_2000/0/1719484935201?e=1762387200&v=beta&t=R1fNOGspp2rW60QESyFN416PNg18ech9DH1Z-0P5Ojo,,https://www.linkedin.com/feed/update/urn:li:activity:7212062118328619010,https://www.linkedin.com/pulse/2024-w26-florida-new-privacy-law-apples-compliance-eu-eli-e5mef?trackingId=gi%2BjMMJWTh2cwv1Lk3Ewnw%3D%3D,0,0,8,7,0,0,0,0,1,,1760689395,1760689395,
7371601271801344000,7371601271801344000,,2025-10-17 08:23:17,2025-10-17 08:23:17,1md.,no,in/emilioramosalves,Emílio Ramos Alves,Secretário executivo na AINA - Associação Internacional Netos e Avós,,https://media.licdn.com/dms/image/v2/C4E03AQF0kF1kE1P3Zw/profile-displayphoto-shrink_100_100/profile-displayphoto-shrink_100_100/0/1601630859609?e=1762387200&v=beta&t=2BRPEtqFNaIN4X1L54DTE-Oa9nEICUJH93MdwavvpV0,no,https://www.linkedin.com/in/emilioramosalves,,,,,,https://www.linkedin.com/feed/update/urn:li:activity:7371601271801344000,https://www.linkedin.com/pulse/adaptive-governance-global-framework-public-sector-andre-nleue?trackingId=yrgPRg4hTv6i%2B3zXk1wJYA%3D%3D,0,0,1,1,0,0,0,0,0,,1760689397,1760689397,
7249410619139878912,7249410619139878912,"Justice and Home Affairs ministers are set to decide on Thursday whether to adopt the partial general approach proposed by #HU24EU.
 
DOT Europe strongly urges Member States to reject this proposal, as it would undermine #encryption and hinder efforts to detect #CSAM. 

#HungarianPresidency #EU #EUCouncil",2025-10-17 08:23:17,2025-10-17 08:23:17,1år,no,company/doteurope/posts,DOT Europe ,2.959 følgere,,,no,https://www.linkedin.com/company/doteurope/posts,,,"hu24eu,encryption,csam,hungarianpresidency,eu,eucouncil",,,https://www.linkedin.com/feed/update/urn:li:activity:7249410619139878912,,0,0,5,5,0,0,0,0,0,,1760689397,1760689397,
7117240896277868545,7117240896277868545,"Wednesday 11 October, I give a presentation for the Commission for Digital Affairs of the Dutch Parliament. 

Also speaking: Jaap-Henk Hoepman, Michel van Eeten, Bert Hubert

Topic: ‘Client Side Scanning’, in the context of the EU’s proposed regulation to fight child sexual abuse material (CSAM).

I will say something along these lines:

Child abuse is a heinous crime, and fighting this crime is hugely important. It is therefore understandable that the European Commission wants to take action. The Commission has proposed a Regulation that aims to curb the sharing of ‘child sexual abuse material' (CSAM). Roughly summarised, the proposal requires communication services such as WhatsApp, Teams, Zoom, and Gmail to detect and block (i) known CSAM, (ii) unknown CSAM, and (iii) grooming. The communication services must report such cases to a newly created EU centre, which will be housed at Europol. 

However, these obligations disproportionately restrict the right to confidentiality of communications and other fundamental rights. First, these obligations require communication services to abandon end-to-end encryption, or apply 'client side scanning'. In both scenarios, the restriction of fundamental rights goes too far. The communications of hundreds of millions of innocent Europeans would be monitored for the authorities. 

Secondly, detecting unknown CSAM material and grooming cases leads to too many 'false positives', and thus to unjustified accusations. Authorities will be overwhelmed and will not be able to check all those false positives. Hence, the requirements will probably be ineffective. This is another reason why the proposal is disproportionate.

More info (in Dutch):

https://lnkd.in/eyMn9BsR

My position paper (in Dutch): https://lnkd.in/eK3YqCfu",2025-10-17 08:23:17,2025-10-17 08:23:17,2år,no,in/frederik-zuiderveen-borgesius,Frederik Zuiderveen Borgesius,"Law Prof at iHub, Radboud University, Nijmegen (NL)",,https://media.licdn.com/dms/image/v2/C4E03AQG8WvSfsfE0Ng/profile-displayphoto-shrink_100_100/profile-displayphoto-shrink_100_100/0/1528900112123?e=1762387200&v=beta&t=4Cy6NABFeWwPzn0kaX725l4fO-7fy5vLZo_UczMY3KU,no,https://www.linkedin.com/in/frederik-zuiderveen-borgesius,,,,,,https://www.linkedin.com/feed/update/urn:li:activity:7117240896277868545,https://www.tweedekamer.nl/debat_en_vergadering/uitgelicht/rondetafelgesprek-over-technieken-om-online-kindermisbruik-te,1,2,35,32,0,1,0,0,2,,1760689397,1760689397,
7372196890043465728,7372196890043465728,"„Nie mam nic do ukrycia, ale mam coś do obrony…” Czy obywatel jest podejrzany z automatu?

Ta teza, choć brzmi jak cytat z przeszłości, staje się unijną rzeczywistością. Nowe prawo o ""czatach"" ma wprowadzić mechanizm, który automatycznie skanuje Twoje prywatne wiadomości na urządzeniu, zanim zostaną zaszyfrowane. To cyfrowy odpowiednik stempla „Podejrzany” na czole każdego z nas.

W moim najnowszym artykule wyjaśniam, dlaczego ta technologia, choć użyta pod szlachetnym pretekstem, jest w istocie narzędziem do podważenia państwa prawa. Piszę o tym, jak afera Pegasusa w Polsce pokazała, że władza może używać technologii przeciwko własnym obywatelom. To nie jest kwestia walki z przestępcami, ale fundamentalne pytanie o architekturę naszego społeczeństwa.

Prywatność nie jest przywilejem przestępców. To warunek wolności. Przeczytaj, dlaczego musimy głośno powiedzieć „nie” temu zagrożeniu, zanim będzie za późno.

#Cyberbezpieczeństwo #Prywatność #PrawaObywatelskie #UE #Pegasus #Polska #Praworządność #Digitalizacja #Opinia",2025-10-17 08:23:19,2025-10-17 08:23:19,1md.,no,in/pruski,Lukas P.,"Consultant in Digital Transformation, Information Security, Enterprise Architecture & Process Optimization | Supports Audit Readiness & Regulatory Alignment | Implements ISO, COBIT, EU AI Act, CIS, NIST & DORA",,https://media.licdn.com/dms/image/v2/D4D03AQHvi7VOCSwIPg/profile-displayphoto-shrink_400_400/B4DZRPRHT1HMAg-/0/1736496674774?e=1762387200&v=beta&t=duSucJcHVGOFBlven5UfFbntTORSHQ0KYjKiVflO-U8,no,https://www.linkedin.com/in/pruski,,,"cyberbezpieczeństwo,prywatność,prawaobywatelskie,ue,pegasus,polska,praworządność,digitalizacja,opinia",https://media.licdn.com/dms/image/v2/D4D12AQGTs13dbPeqxg/article-cover_image-shrink_423_752/B4DZk424EPJcAY-/0/1757595534907?e=1762387200&v=beta&t=GGj-AahXBP59srG-7Gt4Rn3lVZWs-u06xW8dn-ewBY4,,https://www.linkedin.com/feed/update/urn:li:activity:7372196890043465728,https://www.linkedin.com/pulse/podejrzanym-mo%25C5%25BCna-zosta%25C4%2587-%25C5%2582atwiej-ni%25C5%25BC-my%25C5%259Blisz-lukas-pruski-nwhqf?trackingId=UZkMQWwFT02lmczxIyCKUQ%3D%3D,0,1,1,0,0,1,0,0,0,,1760689399,1760689399,
7118346688380948482,7118346688380948482,"Some media bout the CSAM proposal (‘chat control’) of the the EU. 

Our cat (and I) were in the national NOS TV news, discussing the CSAM proposal / ‘chat control’ of the EU. 
The cat and I start at around 17 minutes: https://lnkd.in/eNcD_eA2

The news of RTLZ had a longer interview with me. I start around 2 minutes: https://lnkd.in/eRZ7CcXG

Here is a longer video, of the hearing for the Committee of the Dutch Parliament. Jaap-Henk Hoepman, Bert Hubert, Michel van Eeten & me
 https://lnkd.in/emns55sn

Some written media:

https://lnkd.in/e-uFqs8c

https://lnkd.in/ef3q67hs",2025-10-17 08:23:19,2025-10-17 08:23:19,2år,no,in/frederik-zuiderveen-borgesius,Frederik Zuiderveen Borgesius,"Law Prof at iHub, Radboud University, Nijmegen (NL)",,https://media.licdn.com/dms/image/v2/C4E03AQG8WvSfsfE0Ng/profile-displayphoto-shrink_100_100/profile-displayphoto-shrink_100_100/0/1528900112123?e=1762387200&v=beta&t=4Cy6NABFeWwPzn0kaX725l4fO-7fy5vLZo_UczMY3KU,no,https://www.linkedin.com/in/frederik-zuiderveen-borgesius,,,,,,https://www.linkedin.com/feed/update/urn:li:activity:7118346688380948482,https://www.rtlnieuws.nl/video/uitzendingen/video/5412583/rtl-z-nieuws-1400-uur,2,4,83,75,2,5,0,0,1,,1760689399,1760689399,
